ID number,Surname,Faculty,Origin,Course module viewed,Discussion viewed,Grade overview report viewed,Grade user report viewed,Quiz attempt started,Quiz attempt submitted,Quiz attempt summary viewed,Quiz attempt viewed,W1,W2,W3,W4,W5,W6,W7,W8,W9,W10,W11,W12,W13,W14,W15,W16,W17,Total Events,Label_Semester,Label_Final,Label_Total
BT107_1,BT107_Masked_1,Science and Arts,"web, ws",42,4,0,0,3,3,1,25,0,0,0,0,0,0,0,5,31,0,4,6,7,4,20,0,1,78,47,28,75
BT107_2,BT107_Masked_2,Pharmacy,web,16,0,1,1,3,3,3,11,0,0,0,0,0,0,0,0,12,0,5,10,0,0,11,0,0,38,44,35,79
BT107_3,BT107_Masked_3,Applied Medical Sciences,"web, ws",44,1,0,2,3,3,5,14,0,0,0,0,0,0,0,1,14,1,9,18,1,4,23,0,1,72,35,17,52
BT107_4,BT107_Masked_4,Pharmacy,web,96,12,0,0,3,3,1,11,0,0,0,0,0,0,2,4,20,0,9,10,3,13,45,15,5,126,42,24,66
BT107_5,BT107_Masked_5,Applied Medical Sciences,web,190,33,2,31,3,3,3,12,0,0,0,0,0,0,0,0,49,6,34,43,18,41,49,17,20,277,33,27,60
BT107_6,BT107_Masked_6,Pharmacy,"web, ws",114,12,0,0,3,3,5,16,0,0,0,0,0,0,0,2,20,3,55,16,10,11,31,4,1,153,46,35,81
BT107_7,BT107_Masked_7,Agriculture,"web, ws",54,2,0,0,4,4,7,67,0,0,0,0,0,0,2,1,54,0,8,10,3,4,32,21,3,138,39,39,78
BT107_8,BT107_Masked_8,Agriculture,"web, ws",49,2,0,1,3,3,3,23,0,0,0,0,0,0,0,0,28,0,1,12,5,16,15,4,3,84,46,42,88
BT107_9,BT107_Masked_9,Applied Medical Sciences,"web, ws",33,1,0,1,3,3,1,11,0,0,0,0,0,0,0,0,11,5,5,14,0,0,17,0,1,53,30,20,50
BT107_10,BT107_Masked_10,Pharmacy,"web, ws",12,0,0,0,3,3,5,23,0,0,0,0,0,0,0,0,27,0,0,6,2,0,11,0,0,46,47,28,75
BT107_11,BT107_Masked_11,Applied Medical Sciences,web,39,1,0,1,3,3,3,19,0,0,0,0,0,0,2,0,20,0,5,13,6,1,20,1,1,69,39,29,68
BT107_12,BT107_Masked_12,Pharmacy,"web, ws",27,0,0,3,3,3,3,28,0,0,0,0,0,0,0,0,28,0,0,9,0,0,28,0,2,67,37,30,67
BT107_13,BT107_Masked_13,Pharmacy,"web, ws",7,1,0,2,1,1,4,8,0,0,0,0,0,0,1,0,2,0,2,1,0,0,16,1,1,24,20,15,35
BT107_14,BT107_Masked_14,Pharmacy,"web, ws",33,1,0,0,1,1,5,10,0,0,0,0,0,0,0,0,0,0,8,0,3,0,39,1,0,51,19,17,36
BT107_15,BT107_Masked_15,Applied Medical Sciences,"web, ws",96,17,0,2,3,3,2,9,0,0,0,0,0,0,4,11,24,6,14,21,0,16,21,5,10,132,46,44,90
BT107_16,BT107_Masked_16,Science and Arts,"web, ws",40,5,0,0,3,3,2,13,0,0,0,0,0,0,0,0,24,0,8,9,0,4,20,1,0,66,50,44,94
BT107_17,BT107_Masked_17,Medicine,web,66,11,0,0,3,3,5,25,0,0,0,0,0,0,0,1,34,1,15,15,6,0,13,13,15,113,45,45,90
BT107_18,BT107_Masked_18,Applied Medical Sciences,"web, ws",61,5,0,1,3,3,4,12,0,0,0,0,0,0,1,2,32,0,11,13,0,9,18,2,1,89,33,33,66
BT107_19,BT107_Masked_19,Applied Medical Sciences,web,41,1,0,1,3,3,4,35,0,0,0,0,0,0,1,7,36,0,2,9,0,0,24,6,3,88,44,34,78
BT107_20,BT107_Masked_20,Agriculture,web,38,1,0,0,2,2,0,6,0,0,0,0,0,0,1,0,13,0,0,10,2,3,19,1,0,49,34,28,62
BT107_21,BT107_Masked_21,Science and Arts,web,15,0,1,1,3,3,3,18,0,0,0,0,0,0,0,0,17,0,5,8,0,0,14,0,0,44,35,37,72
BT107_22,BT107_Masked_22,Agriculture,web,48,6,0,3,2,2,1,7,0,0,0,0,0,0,1,1,0,0,4,11,4,9,30,5,4,69,35,29,64
BT107_23,BT107_Masked_23,Medicine,"web, ws",19,3,0,1,3,3,4,23,0,0,0,0,0,0,0,12,24,0,0,6,0,3,10,0,1,56,44,48,92
BT107_24,BT107_Masked_24,Pharmacy,"web, ws",117,5,0,3,3,3,4,19,0,0,0,0,0,0,4,4,35,2,17,9,18,2,57,1,5,154,48,44,92
BT107_25,BT107_Masked_25,Agriculture,web,38,2,0,0,3,3,2,13,0,0,0,0,0,0,0,7,12,0,0,10,1,2,27,0,2,61,43,29,72
BT107_26,BT107_Masked_26,Science and Arts,web,22,3,0,0,3,3,2,32,0,0,0,0,0,0,0,0,37,0,2,7,0,0,14,2,3,65,38,24,62
BT107_27,BT107_Masked_27,Science and Arts,"web, ws",51,2,0,2,3,3,3,28,0,0,0,0,0,0,0,2,40,0,8,8,0,0,6,25,3,92,40,35,75
BT107_28,BT107_Masked_28,Applied Medical Sciences,web,17,1,0,0,3,3,0,14,0,0,0,0,0,0,0,0,15,0,0,8,0,0,12,2,1,38,40,18,58
BT107_29,BT107_Masked_29,Pharmacy,"web, ws",62,8,0,3,3,3,5,13,0,0,0,0,0,0,0,1,35,0,2,21,0,0,31,2,5,97,49,44,93
BT107_30,BT107_Masked_30,Applied Medical Sciences,"web, ws",38,8,0,0,3,3,6,26,0,0,0,0,0,0,0,0,17,1,8,4,0,0,35,14,5,84,34,33,67
BT107_31,BT107_Masked_31,Agriculture,"web, ws",56,1,0,0,3,3,5,29,0,0,0,0,0,0,0,3,44,4,2,16,1,5,18,1,3,97,45,44,89
BT107_32,BT107_Masked_32,Pharmacy,"web, ws",14,0,0,0,1,1,3,15,0,0,0,0,0,0,1,0,30,0,0,0,3,0,0,0,0,34,22,22,44
BT107_33,BT107_Masked_33,Science and Arts,"web, ws",22,1,0,2,3,3,10,18,0,0,0,0,0,0,0,0,10,0,3,18,0,2,24,1,1,59,40,45,85
BT107_34,BT107_Masked_34,Pharmacy,"web, ws",37,0,0,1,3,3,2,11,0,0,0,0,0,0,0,2,17,1,2,5,0,0,23,5,2,57,49,25,74
BT107_35,BT107_Masked_35,Agriculture,web,11,1,0,0,2,2,2,6,0,0,0,0,0,0,0,0,0,0,0,8,2,0,13,0,1,24,26,24,50
BT107_36,BT107_Masked_36,Agriculture,"web, ws",35,0,0,2,3,3,1,15,0,0,0,0,0,0,0,0,19,0,0,6,3,6,15,8,2,59,28,22,50
BT107_37,BT107_Masked_37,Applied Medical Sciences,web,45,0,0,0,3,3,0,17,0,0,0,0,0,0,0,0,29,0,9,15,1,0,14,0,0,68,38,18,56
BT107_38,BT107_Masked_38,Applied Medical Sciences,web,12,0,0,0,2,2,2,15,0,0,0,0,0,0,0,0,15,0,0,0,0,0,18,0,0,33,27,24,51
BT107_39,BT107_Masked_39,Agriculture,web,57,8,0,0,3,3,2,11,0,0,0,0,0,0,0,3,17,1,5,10,8,13,17,10,0,84,35,19,54
BT107_40,BT107_Masked_40,Applied Medical Sciences,web,68,9,0,0,3,3,3,21,0,0,0,0,0,0,2,8,35,5,7,19,2,5,19,0,5,107,43,34,77
BT107_41,BT107_Masked_41,Applied Medical Sciences,"web, ws",28,2,0,8,3,3,0,9,0,0,0,0,0,0,0,0,10,0,6,9,2,2,21,2,1,53,44,27,71
BT107_42,BT107_Masked_42,Agriculture,"web, ws",40,4,0,0,3,3,1,10,0,0,0,0,0,0,0,0,17,0,7,10,2,1,19,0,5,61,46,39,85
BT107_43,BT107_Masked_43,Applied Medical Sciences,"web, ws",33,2,0,2,3,3,2,11,0,0,0,0,0,0,0,2,16,0,1,13,0,8,12,4,0,56,40,19,59
BT107_44,BT107_Masked_44,Pharmacy,web,21,1,0,0,3,3,1,28,0,0,0,0,0,0,0,0,26,0,2,7,0,0,5,16,1,57,38,37,75
BT107_45,BT107_Masked_45,Applied Medical Sciences,"web, ws",58,4,0,4,3,3,2,13,0,0,0,0,0,0,1,0,27,4,18,6,3,1,24,0,3,87,45,29,74
BT107_46,BT107_Masked_46,Science and Arts,"web, ws",50,6,0,1,3,3,3,15,0,0,0,0,0,0,0,3,33,0,19,11,0,3,10,0,2,81,48,44,92
BT107_47,BT107_Masked_47,Applied Medical Sciences,"web, ws",22,1,0,1,3,3,1,11,0,0,0,0,0,0,2,0,11,2,0,7,0,3,15,1,1,42,33,25,58
BT107_48,BT107_Masked_48,Applied Medical Sciences,web,18,0,0,1,3,3,2,39,0,0,0,0,0,0,0,0,39,0,2,6,0,3,15,0,1,66,45,19,64
BT107_49,BT107_Masked_49,Agriculture,"web, ws",59,5,0,2,3,3,3,17,0,0,0,0,0,0,3,4,23,8,10,18,0,3,18,3,2,92,35,15,50
BT107_50,BT107_Masked_50,Agriculture,web,18,2,0,0,3,2,1,14,0,0,0,0,0,0,0,0,13,0,0,8,1,0,12,2,4,40,35,40,75
BT107_51,BT107_Masked_51,Pharmacy,"web, ws",29,4,0,4,2,2,2,6,0,0,0,0,0,0,0,0,2,0,0,11,2,2,24,6,2,49,35,32,67
BT107_52,BT107_Masked_52,Agriculture,web,45,3,1,1,4,4,0,43,0,0,0,0,0,0,0,0,48,2,4,9,3,9,13,11,2,101,49,49,98
BT107_53,BT107_Masked_53,Applied Medical Sciences,"web, ws",11,1,0,7,2,2,1,6,0,0,0,0,0,0,0,0,0,0,2,6,0,0,18,3,1,30,28,28,56
BT107_54,BT107_Masked_54,Pharmacy,web,34,2,0,0,3,3,2,18,0,0,0,0,0,0,2,0,28,0,2,9,1,2,17,0,1,62,35,17,52
BT107_55,BT107_Masked_55,Applied Medical Sciences,"web, ws",57,1,0,1,3,3,1,10,0,0,0,0,0,0,0,0,26,0,0,8,7,4,30,0,1,76,30,20,50
BT107_56,BT107_Masked_56,Applied Medical Sciences,web,53,1,0,1,3,3,3,22,0,0,0,0,0,0,0,0,33,0,6,8,2,4,23,9,1,86,34,27,61
BT107_57,BT107_Masked_57,Pharmacy,web,36,2,0,0,3,3,3,45,0,0,0,0,0,0,0,1,51,0,7,11,1,1,17,3,0,92,43,25,68
BT107_58,BT107_Masked_58,Science and Arts,"web, ws",34,1,0,6,3,3,3,24,0,0,0,0,0,0,1,0,24,4,5,8,1,0,24,3,4,74,41,33,74
BT107_59,BT107_Masked_59,Agriculture,"web, ws",51,1,0,0,3,3,2,24,0,0,0,0,0,0,4,0,47,0,7,5,1,0,16,1,3,84,45,37,82
BT107_60,BT107_Masked_60,Science and Arts,web,18,4,0,0,3,3,3,15,0,0,0,0,0,0,0,0,12,0,3,15,0,0,15,0,1,46,37,40,77
BT107_61,BT107_Masked_61,Pharmacy,"web, ws",85,18,0,1,3,3,3,19,0,0,0,0,0,0,1,9,32,4,19,21,6,9,21,7,3,132,47,35,82
BT107_62,BT107_Masked_62,Agriculture,web,19,0,0,0,3,3,3,16,0,0,0,0,0,0,0,0,16,0,0,7,1,1,17,0,2,44,32,48,80
BT107_63,BT107_Masked_63,Agriculture,"web, ws",50,1,1,8,2,2,0,7,0,0,0,0,0,0,3,0,0,0,2,11,0,0,53,1,1,71,38,19,57
BT107_64,BT107_Masked_64,Science and Arts,web,29,7,0,1,3,3,2,11,0,0,0,0,0,0,0,0,20,0,2,12,0,7,14,1,0,56,37,35,72
BT107_65,BT107_Masked_65,Science and Arts,"web, ws",56,4,0,8,3,3,5,21,0,0,0,0,0,0,0,1,32,4,9,17,0,4,27,5,1,100,48,33,81
BT107_66,BT107_Masked_66,Pharmacy,"web, ws",26,2,0,0,2,2,1,6,0,0,0,0,0,0,0,0,3,0,0,16,7,0,9,2,2,39,20,38,58
BT107_67,BT107_Masked_67,Applied Medical Sciences,"web, ws",36,2,0,0,2,2,2,7,0,0,0,0,0,0,0,0,0,1,0,10,3,14,20,3,0,51,19,43,62
BT107_68,BT107_Masked_68,Pharmacy,web,21,2,0,1,3,3,4,12,0,0,0,0,0,0,0,0,17,0,2,7,0,0,18,1,1,46,43,35,78
BT107_69,BT107_Masked_69,Science and Arts,"web, ws",44,10,0,1,3,3,3,14,0,0,0,0,0,0,1,1,16,4,9,8,4,6,17,5,7,78,48,43,91
BT107_70,BT107_Masked_70,Applied Medical Sciences,"web, ws",23,1,0,7,3,3,0,23,0,0,0,0,0,0,0,0,24,0,5,7,0,0,22,2,0,60,38,32,70
BT107_71,BT107_Masked_71,Agriculture,"web, ws",62,5,0,1,3,3,6,14,0,0,0,0,0,0,0,0,21,3,0,25,4,2,34,4,1,94,47,25,72
BT107_72,BT107_Masked_72,Science and Arts,"web, ws",32,1,0,0,3,3,4,32,0,0,0,0,0,0,0,3,35,0,1,11,0,5,15,0,5,75,44,23,67
BT107_73,BT107_Masked_73,Agriculture,web,30,3,0,0,3,3,3,19,0,0,0,0,0,0,0,0,25,0,2,13,1,0,15,0,5,61,48,38,86
BT107_74,BT107_Masked_74,Applied Medical Sciences,web,149,6,0,4,3,3,6,24,0,0,0,0,0,0,1,4,43,22,14,25,0,12,64,5,5,195,41,32,73
BT107_75,BT107_Masked_75,Applied Medical Sciences,"web, ws",218,21,0,4,3,2,2,11,0,0,0,0,0,0,10,7,44,22,91,24,8,10,16,14,15,261,39,30,69
BT107_76,BT107_Masked_76,Pharmacy,web,53,0,0,1,3,3,4,14,0,0,0,0,0,0,0,7,28,0,5,8,2,0,22,2,4,78,48,42,90
BT107_77,BT107_Masked_77,Applied Medical Sciences,web,45,2,0,0,3,3,2,15,0,0,0,0,0,0,0,0,24,5,9,12,1,0,17,0,2,70,24,18,42
BT107_78,BT107_Masked_78,Science and Arts,"web, ws",13,0,0,0,2,2,4,29,0,0,0,0,0,0,0,0,28,3,2,2,0,0,15,0,0,50,42,34,76
BT107_79,BT107_Masked_79,Agriculture,"web, ws",94,13,0,0,3,3,3,20,0,0,0,0,0,0,0,4,40,0,15,28,0,17,23,1,8,136,49,43,92
BT107_80,BT107_Masked_80,Pharmacy,web,32,3,0,0,3,3,4,18,0,0,0,0,0,0,0,1,24,0,2,12,0,1,18,1,4,63,47,34,81
BT107_81,BT107_Masked_81,Pharmacy,"web, ws",18,0,0,1,3,3,4,25,0,0,0,0,0,0,2,0,30,0,1,6,0,0,12,3,0,54,46,33,79
BT107_82,BT107_Masked_82,Applied Medical Sciences,"web, ws",14,0,0,0,3,3,3,17,0,0,0,0,0,0,1,0,15,6,0,5,0,0,13,0,0,40,37,27,64
BT107_83,BT107_Masked_83,Applied Medical Sciences,"web, ws",55,5,0,5,3,3,0,10,0,0,0,0,0,0,4,1,13,4,14,16,4,0,19,0,6,81,35,38,73
BT107_84,BT107_Masked_84,Applied Medical Sciences,web,25,1,1,3,3,3,0,21,0,0,0,0,0,0,0,0,27,0,0,9,3,1,16,1,0,57,38,18,56
BT107_85,BT107_Masked_85,Agriculture,"web, ws",34,0,0,1,3,3,4,24,0,0,0,0,0,0,0,8,24,0,1,8,0,4,24,0,0,69,42,30,72
BT107_86,BT107_Masked_86,Applied Medical Sciences,web,17,1,0,0,3,3,3,11,0,0,0,0,0,0,1,2,11,0,0,6,2,0,14,1,1,38,27,19,46
BT107_87,BT107_Masked_87,Applied Medical Sciences,"web, ws",22,0,0,7,3,3,1,11,0,0,0,0,0,0,0,0,11,0,0,7,0,1,24,4,0,47,33,20,53
BT107_88,BT107_Masked_88,Applied Medical Sciences,web,12,0,2,5,3,3,3,11,0,0,0,0,0,0,0,5,10,0,0,6,0,0,18,0,0,39,29,15,44
BT107_89,BT107_Masked_89,Agriculture,"web, ws",103,3,0,3,3,3,2,19,0,0,0,0,0,0,0,6,37,2,11,41,7,11,15,2,4,136,45,49,94
BT107_90,BT107_Masked_90,Science and Arts,web,35,1,0,1,3,3,1,12,0,0,0,0,0,0,0,0,18,2,1,7,1,2,24,1,0,56,37,24,61
BT107_91,BT107_Masked_91,Applied Medical Sciences,"web, ws",31,1,0,5,3,3,20,44,0,0,0,0,0,0,0,0,34,0,1,11,1,0,56,4,0,107,34,47,81
BT107_92,BT107_Masked_92,Agriculture,web,60,10,0,1,3,3,1,13,0,0,0,0,0,0,0,1,37,1,5,16,0,10,15,2,4,91,32,18,50
BT107_93,BT107_Masked_93,Pharmacy,"web, ws",23,0,0,2,3,3,1,10,0,0,0,0,0,0,0,0,10,0,0,5,12,0,14,1,0,42,42,25,67
BT107_94,BT107_Masked_94,Science and Arts,"web, ws",44,5,0,0,3,3,3,17,0,0,0,0,0,0,6,4,21,0,7,7,1,6,16,3,4,75,36,30,66
BT107_95,BT107_Masked_95,Science and Arts,"web, ws",49,1,0,4,3,3,0,12,0,0,0,0,0,0,0,0,20,0,4,6,30,0,12,0,0,72,40,28,68
BT107_96,BT107_Masked_96,Pharmacy,"web, ws",19,0,0,2,3,3,3,23,0,0,0,0,0,0,0,0,23,0,7,6,0,3,13,1,0,53,41,25,66
BT107_97,BT107_Masked_97,Agriculture,web,75,3,0,11,3,3,2,12,0,0,0,0,0,0,0,2,11,0,13,17,3,5,53,3,2,109,40,17,57
BT107_98,BT107_Masked_98,Applied Medical Sciences,web,75,0,0,0,2,2,2,14,0,0,0,0,0,0,1,3,27,0,19,10,9,2,22,0,2,95,17,25,42
BT107_99,BT107_Masked_99,Pharmacy,web,24,2,0,1,3,3,4,15,0,0,0,0,0,0,1,0,12,0,10,12,0,1,15,0,1,52,41,23,64
BT107_100,BT107_Masked_100,Applied Medical Sciences,"web, ws",45,1,0,0,3,3,3,13,0,0,0,0,0,0,0,7,15,0,0,9,11,0,19,0,7,68,37,29,66
BT107_101,BT107_Masked_101,Science and Arts,"web, ws",22,0,0,0,3,3,1,25,0,0,0,0,0,0,0,0,24,0,3,5,6,3,13,0,0,54,41,34,75
BT107_102,BT107_Masked_102,Applied Medical Sciences,"web, ws",31,2,0,0,2,2,2,6,0,0,0,0,0,0,0,0,5,0,14,9,3,0,12,0,2,45,24,26,50
BT107_103,BT107_Masked_103,Pharmacy,"web, ws",28,1,0,0,3,3,2,13,0,0,0,0,0,0,1,1,14,0,6,8,6,0,13,1,0,50,41,28,69
BT107_104,BT107_Masked_104,Pharmacy,web,46,2,0,3,3,3,2,11,0,0,0,0,0,0,2,0,15,0,6,9,18,1,16,1,2,70,38,25,63
BT107_105,BT107_Masked_105,Applied Medical Sciences,"web, ws",47,2,0,6,4,4,3,21,0,0,0,0,0,0,0,0,17,3,2,8,3,1,23,24,6,87,39,33,72
BT107_106,BT107_Masked_106,Medicine,"web, ws",121,18,1,1,3,3,3,27,0,0,0,0,0,0,1,1,69,1,21,35,5,20,17,0,7,177,48,40,88
BT107_107,BT107_Masked_107,Pharmacy,"web, ws",26,5,0,1,3,3,2,20,0,0,0,0,0,0,0,3,27,0,3,10,0,2,14,0,1,60,46,28,74
BT107_108,BT107_Masked_108,Pharmacy,"web, ws",30,2,0,1,3,3,3,11,0,0,0,0,0,0,1,0,11,0,4,8,1,0,25,0,3,53,39,27,66
BT107_109,BT107_Masked_109,Medicine,"web, ws",85,1,0,9,3,3,7,16,0,0,0,0,0,0,3,5,27,7,7,15,14,14,29,2,1,124,31,34,65
BT107_110,BT107_Masked_110,Applied Medical Sciences,"web, ws",198,31,0,3,3,3,1,54,0,0,0,0,0,0,4,2,107,5,41,29,23,32,42,1,7,293,43,24,67
BT107_111,BT107_Masked_111,Agriculture,"web, ws",58,33,0,1,3,3,3,12,0,0,0,0,0,0,0,6,27,4,3,9,5,13,43,2,1,113,39,28,67
BT107_112,BT107_Masked_112,Applied Medical Sciences,"web, ws",56,2,0,1,3,3,3,11,0,0,0,0,0,0,1,0,18,12,6,11,6,0,21,3,1,79,31,37,68
BT107_113,BT107_Masked_113,Pharmacy,"web, ws",42,5,0,1,3,3,3,20,0,0,0,0,0,0,0,0,24,0,14,14,1,5,12,1,6,77,48,47,95
BT107_114,BT107_Masked_114,Pharmacy,web,15,0,0,1,3,3,3,13,0,0,0,0,0,0,0,0,11,0,6,6,0,0,13,2,0,38,41,37,78
BT107_115,BT107_Masked_115,Applied Medical Sciences,"web, ws",67,6,0,7,3,3,3,12,0,0,0,0,0,0,2,2,20,1,15,14,7,16,18,4,2,101,40,33,73
BT107_116,BT107_Masked_116,Pharmacy,"web, ws",102,13,0,5,3,3,2,11,0,0,0,0,0,0,1,0,34,0,3,16,8,6,36,15,20,139,43,28,71
BT107_117,BT107_Masked_117,Veterinary Medicine,web,17,0,0,0,3,2,1,10,0,0,0,0,0,0,0,0,3,0,0,7,1,0,20,1,1,33,20,24,44
BT107_118,BT107_Masked_118,Pharmacy,"web, ws",55,5,0,5,3,3,4,20,0,0,0,0,0,0,6,2,19,0,14,18,0,12,18,3,3,95,49,47,96
BT107_119,BT107_Masked_119,Agriculture,web,63,8,0,0,3,3,2,19,0,0,0,0,0,0,0,0,40,0,9,20,3,9,14,1,2,98,41,39,80
BT107_120,BT107_Masked_120,Science and Arts,web,13,1,0,0,2,2,2,20,0,0,0,0,0,0,0,0,1,0,2,0,1,1,13,21,1,40,27,14,41
BT107_121,BT107_Masked_121,Pharmacy,"web, ws",45,4,0,3,3,3,3,11,0,0,0,0,0,0,3,1,16,0,6,10,2,2,26,0,6,72,42,33,75
BT107_122,BT107_Masked_122,Pharmacy,"web, ws",53,0,0,9,3,3,3,11,0,0,0,0,0,0,2,1,24,0,17,9,0,2,17,10,0,82,47,50,97
BT107_123,BT107_Masked_123,Applied Medical Sciences,"web, ws",7,1,0,1,2,2,3,14,0,0,0,0,0,0,0,0,0,0,0,6,0,0,23,0,1,30,31,25,56
BT107_124,BT107_Masked_124,Pharmacy,web,32,0,0,4,3,3,2,27,0,0,0,0,0,0,0,0,38,0,1,8,1,0,23,0,0,71,41,45,86
BT107_125,BT107_Masked_125,Applied Medical Sciences,"web, ws",66,2,0,1,3,3,2,12,0,0,0,0,0,0,5,0,24,1,7,16,5,4,14,9,4,89,41,22,63
BT107_126,BT107_Masked_126,Science and Arts,web,37,0,0,5,3,3,5,17,0,0,0,0,0,0,0,0,18,0,2,17,1,3,21,8,0,70,47,37,84
BT107_127,BT107_Masked_127,Applied Medical Sciences,web,77,21,0,0,2,2,2,6,0,0,0,0,0,0,0,3,0,14,14,25,22,0,24,5,3,110,34,19,53
BT107_128,BT107_Masked_128,Pharmacy,web,63,6,0,0,3,3,2,19,0,0,0,0,0,0,0,0,39,0,1,17,2,6,20,3,8,96,49,38,87
BT107_129,BT107_Masked_129,Pharmacy,web,41,0,0,0,2,2,1,6,0,0,0,0,0,0,1,0,0,0,2,7,0,0,34,0,8,52,41,30,71
BT107_130,BT107_Masked_130,Pharmacy,"web, ws",61,1,0,4,3,3,2,12,0,0,0,0,0,0,3,1,32,0,13,14,0,4,16,1,2,86,42,37,79
BT107_131,BT107_Masked_131,Medicine,web,33,6,0,1,3,3,7,15,0,0,0,0,0,0,0,0,13,5,3,23,3,5,15,0,1,68,41,24,65
BT107_132,BT107_Masked_132,Agriculture,"web, ws",41,1,0,3,2,2,1,6,0,0,0,0,0,0,0,0,7,9,5,16,1,5,12,0,1,56,38,17,55
BT107_133,BT107_Masked_133,Agriculture,web,19,2,0,1,1,1,1,7,0,0,0,0,0,0,0,0,2,2,3,1,0,0,4,19,1,32,28,24,52
BT107_134,BT107_Masked_134,Agriculture,web,65,7,0,3,3,3,0,10,0,0,0,0,0,0,0,0,17,2,0,23,1,2,29,12,5,91,35,23,58
BT107_135,BT107_Masked_135,Science and Arts,"web, ws",19,0,0,3,3,3,5,22,0,0,0,0,0,0,0,1,28,0,6,10,0,0,10,0,0,55,30,24,54
BT107_136,BT107_Masked_136,Pharmacy,web,66,0,0,0,3,3,3,11,0,0,0,0,0,0,0,0,14,0,27,11,2,6,21,1,4,86,33,28,61
BT107_137,BT107_Masked_137,Pharmacy,"web, ws",31,5,0,1,3,3,3,19,0,0,0,0,0,0,1,1,29,1,2,8,0,0,21,0,2,65,50,43,93
BT107_138,BT107_Masked_138,Applied Medical Sciences,"web, ws",33,1,0,2,3,3,2,15,0,0,0,0,0,0,2,2,16,0,2,15,0,0,20,2,0,59,39,29,68
BT107_139,BT107_Masked_139,Applied Medical Sciences,"web, ws",127,24,0,2,2,2,1,10,0,0,0,0,0,0,4,5,47,6,29,15,3,26,28,2,3,168,39,25,64
BT107_140,BT107_Masked_140,Applied Medical Sciences,web,36,0,0,0,3,3,5,25,0,0,0,0,0,0,0,2,25,0,7,10,1,7,20,0,0,72,46,28,74
BT107_141,BT107_Masked_141,Agriculture,web,40,5,0,0,3,3,2,17,0,0,0,0,0,0,0,1,16,1,6,9,2,5,28,0,2,70,35,30,65
BT107_142,BT107_Masked_142,Pharmacy,"web, ws",247,15,0,7,3,3,3,13,0,0,0,0,0,0,2,16,59,1,61,59,6,34,37,10,6,291,47,49,96
BT107_143,BT107_Masked_143,Applied Medical Sciences,"web, ws",18,0,0,1,3,3,3,11,0,0,0,0,0,0,0,0,11,0,3,6,4,0,14,1,0,39,38,29,67
BT107_144,BT107_Masked_144,Pharmacy,"web, ws",72,6,0,5,3,3,2,13,0,0,0,0,0,0,1,1,25,3,21,18,0,0,33,2,0,104,40,28,68
BT107_145,BT107_Masked_145,Applied Medical Sciences,"web, ws",10,1,0,3,2,2,2,10,0,0,0,0,0,0,0,0,1,0,0,10,0,1,16,1,1,30,31,38,69
BT107_146,BT107_Masked_146,Applied Medical Sciences,web,12,0,0,0,3,3,3,47,0,0,0,0,0,0,0,0,50,0,0,6,0,0,12,0,0,68,40,35,75
BT107_147,BT107_Masked_147,Pharmacy,"web, ws",32,0,0,2,3,3,4,31,0,0,0,0,0,0,3,0,28,0,3,13,0,7,18,3,0,75,41,37,78
BT107_148,BT107_Masked_148,Pharmacy,web,44,7,0,0,3,3,3,19,0,0,0,0,0,0,0,0,23,0,9,21,0,4,12,1,9,79,49,37,86
BT107_149,BT107_Masked_149,Agriculture,"web, ws",49,0,0,0,3,3,3,16,0,0,0,0,0,0,0,0,23,3,9,13,0,8,16,2,0,74,39,20,59
BT107_150,BT107_Masked_150,Agriculture,"web, ws",33,5,0,2,3,3,3,24,0,0,0,0,0,0,0,1,33,2,1,6,1,9,14,1,5,73,35,34,69
BT107_151,BT107_Masked_151,Applied Medical Sciences,"web, ws",15,1,0,1,2,2,5,11,0,0,0,0,0,0,0,4,0,0,0,18,0,2,12,1,0,37,29,23,52
BT107_152,BT107_Masked_152,Applied Medical Sciences,"web, ws",62,3,0,2,3,3,3,18,0,0,0,0,0,0,0,1,23,4,17,14,0,16,15,0,4,94,36,25,61
BT107_153,BT107_Masked_153,Agriculture,web,67,0,0,0,3,3,4,19,0,0,0,0,0,0,1,5,31,1,11,23,2,3,19,0,0,96,42,32,74
BT107_154,BT107_Masked_154,Science and Arts,"web, ws",38,2,0,0,3,3,1,12,0,0,0,0,0,0,0,0,29,0,1,5,5,4,11,1,3,59,38,33,71
BT107_155,BT107_Masked_155,Engineering,"web, ws",63,5,0,9,3,3,7,15,0,0,0,0,0,0,2,6,15,6,4,19,3,5,40,1,4,105,40,29,69
BT107_156,BT107_Masked_156,Pharmacy,"web, ws",80,2,0,2,3,3,3,22,0,0,0,0,0,0,0,2,31,0,16,27,0,15,15,0,9,115,44,34,78
BT107_157,BT107_Masked_157,Pharmacy,"web, ws",91,6,1,12,3,3,3,24,0,0,0,0,0,0,2,7,34,2,17,27,7,11,29,6,1,143,40,27,67
BT107_158,BT107_Masked_158,Applied Medical Sciences,web,28,0,0,0,3,3,2,8,0,0,0,0,0,0,2,1,10,0,10,6,1,2,12,0,0,44,41,24,65
BT107_159,BT107_Masked_159,Applied Medical Sciences,"web, ws",80,9,0,3,3,3,0,17,0,0,0,0,0,0,5,7,47,9,2,17,4,3,14,0,7,115,37,14,51
BT107_160,BT107_Masked_160,Pharmacy,"web, ws",58,3,0,4,3,3,4,21,0,0,0,0,0,0,0,1,25,0,5,12,19,0,32,1,1,96,39,32,71
BT107_161,BT107_Masked_161,Agriculture,web,32,4,0,0,3,3,2,24,0,0,0,0,0,0,1,0,25,0,3,13,0,1,15,1,9,68,34,28,62
BT107_162,BT107_Masked_162,Pharmacy,web,21,0,0,0,3,3,3,11,0,0,0,0,0,0,0,0,10,0,2,6,0,0,22,1,0,41,44,32,76
BT107_163,BT107_Masked_163,Agriculture,web,90,1,0,2,3,3,2,11,0,0,0,0,0,0,1,4,16,3,38,13,7,5,18,6,1,112,40,27,67
BT107_164,BT107_Masked_164,Applied Medical Sciences,"web, ws",61,2,0,0,3,3,1,23,0,0,0,0,0,0,0,0,26,0,31,15,0,0,20,0,1,93,34,27,61
BT107_165,BT107_Masked_165,Applied Medical Sciences,"web, ws",31,0,0,5,3,3,4,12,0,0,0,0,0,0,0,1,25,1,0,9,0,0,20,2,0,58,45,22,67
BT107_166,BT107_Masked_166,Applied Medical Sciences,"web, ws",22,4,0,0,3,3,2,11,0,0,0,0,0,0,0,0,12,8,1,8,3,0,12,0,1,45,43,18,61
BT107_167,BT107_Masked_167,Pharmacy,web,115,16,0,0,3,3,4,12,0,0,0,0,0,0,0,3,39,7,29,23,1,20,20,3,8,153,48,33,81
BT107_168,BT107_Masked_168,Pharmacy,web,30,3,0,0,3,3,3,22,0,0,0,0,0,0,1,1,20,0,1,8,2,3,23,5,0,64,46,40,86
BT107_169,BT107_Masked_169,Agriculture,web,6,0,0,1,2,2,1,10,0,0,0,0,0,0,0,0,10,0,0,1,0,0,11,0,0,22,30,15,45
BT107_170,BT107_Masked_170,Pharmacy,"web, ws",36,1,0,2,3,3,3,11,0,0,0,0,0,0,0,1,14,0,7,10,0,2,24,0,1,59,36,27,63
BT107_171,BT107_Masked_171,Agriculture,"web, ws",93,22,0,10,1,1,1,5,0,0,0,0,0,0,1,0,14,8,7,46,8,7,31,7,4,133,32,39,71
BT107_172,BT107_Masked_172,Applied Medical Sciences,"web, ws",73,4,0,8,3,3,3,11,0,0,0,0,0,0,1,6,33,2,7,24,3,6,18,1,4,105,50,38,88
BT107_173,BT107_Masked_173,Applied Medical Sciences,"web, ws",76,6,0,0,3,3,3,13,0,0,0,0,0,0,0,9,23,0,22,9,7,5,27,0,2,104,38,23,61
BT107_174,BT107_Masked_174,Medicine,"web, ws",19,0,0,0,3,3,3,11,0,0,0,0,0,0,0,0,9,0,3,6,1,5,15,0,0,39,34,30,64
BT107_175,BT107_Masked_175,Agriculture,"web, ws",14,0,0,9,3,3,2,13,0,0,0,0,0,0,0,0,13,0,1,7,0,1,17,3,2,44,37,19,56
BT107_176,BT107_Masked_176,Science and Arts,"web, ws",51,4,0,14,3,3,5,18,0,0,0,0,0,0,1,2,31,5,1,19,0,2,15,22,0,98,38,23,61
BT107_177,BT107_Masked_177,Pharmacy,ws,88,9,0,12,3,3,4,20,0,0,0,0,0,0,0,2,36,11,18,25,4,11,22,6,4,139,48,44,92
BT107_178,BT107_Masked_178,Applied Medical Sciences,web,14,7,0,0,3,3,3,11,0,0,0,0,0,0,1,0,11,0,2,6,1,2,12,0,6,41,50,25,75
BT107_179,BT107_Masked_179,Science and Arts,"web, ws",44,5,0,3,2,2,1,6,0,0,0,0,0,0,1,2,15,1,11,7,2,1,16,0,7,63,36,24,60
BT107_180,BT107_Masked_180,Pharmacy,"web, ws",31,2,0,1,3,3,3,21,0,0,0,0,0,0,0,0,19,0,16,6,0,0,21,0,2,64,43,35,78
BT107_181,BT107_Masked_181,Applied Medical Sciences,"web, ws",25,0,0,1,3,3,1,22,0,0,0,0,0,0,0,0,25,0,0,8,2,3,17,0,0,55,30,27,57
BT107_182,BT107_Masked_182,Agriculture,"web, ws",199,3,0,2,3,3,2,16,0,0,0,0,0,0,0,0,11,0,157,29,0,10,18,0,3,228,35,19,54
BT107_183,BT107_Masked_183,Applied Medical Sciences,web,51,2,0,0,2,2,5,18,0,0,0,0,0,0,2,2,35,2,11,3,1,1,22,0,1,80,35,15,50
BT107_184,BT107_Masked_184,Science and Arts,"web, ws",56,7,0,0,3,3,5,18,0,0,0,0,0,0,6,7,20,0,1,22,2,4,27,1,2,92,46,30,76
BT107_185,BT107_Masked_185,Pharmacy,web,23,1,0,0,3,3,2,20,0,0,0,0,0,0,0,0,18,0,3,11,0,3,16,0,1,52,40,25,65
BT107_186,BT107_Masked_186,Pharmacy,"web, ws",54,3,0,0,3,3,1,25,0,0,0,0,0,0,1,4,32,0,2,18,6,3,21,1,1,89,48,39,87
BT107_187,BT107_Masked_187,Agriculture,web,15,0,0,0,3,3,3,14,0,0,0,0,0,0,0,2,13,0,0,8,0,3,12,0,0,38,35,17,52
BT107_188,BT107_Masked_188,Agriculture,web,21,2,0,3,3,3,2,11,0,0,0,0,0,0,0,0,10,0,0,9,0,4,17,5,0,45,47,23,70
BT107_189,BT107_Masked_189,Pharmacy,web,28,0,0,0,3,3,1,15,0,0,0,0,0,0,0,0,16,0,5,7,3,0,15,2,2,50,41,40,81
BT107_190,BT107_Masked_190,Applied Medical Sciences,web,119,2,0,0,3,3,0,11,0,0,0,0,0,0,2,1,59,1,14,21,21,0,16,3,0,138,38,28,66
BT107_191,BT107_Masked_191,Pharmacy,web,63,6,0,1,3,3,2,11,0,0,0,0,0,0,0,4,24,0,5,13,3,2,29,3,6,89,37,40,77
BT107_192,BT107_Masked_192,Pharmacy,web,160,16,0,0,3,3,4,22,0,0,0,0,0,0,9,1,59,4,24,28,5,15,37,6,20,208,42,24,66
BT107_193,BT107_Masked_193,Pharmacy,web,45,9,0,2,3,3,2,11,0,0,0,0,0,0,2,4,25,0,12,5,6,0,20,1,0,75,39,42,81
BT107_194,BT107_Masked_194,Pharmacy,web,58,0,0,0,3,3,1,24,0,0,0,0,0,0,1,0,30,0,7,7,4,2,36,1,1,89,37,29,66
BT107_195,BT107_Masked_195,Pharmacy,web,15,0,0,0,3,3,2,29,0,0,0,0,0,0,0,0,27,2,3,6,0,0,14,0,0,52,45,22,67
BT107_196,BT107_Masked_196,Pharmacy,web,57,2,0,2,3,3,0,9,0,0,0,0,0,0,0,0,11,3,30,5,1,2,15,0,9,76,29,22,51
BT107_197,BT107_Masked_197,Pharmacy,"web, ws",97,7,0,3,3,3,2,20,0,0,0,0,0,0,2,0,34,16,22,23,1,12,20,2,3,135,37,32,69
BT107_198,BT107_Masked_198,Applied Medical Sciences,web,134,6,0,0,3,3,1,12,0,0,0,0,0,0,6,4,24,4,5,10,3,72,24,2,5,159,33,22,55
BT107_199,BT107_Masked_199,Applied Medical Sciences,"web, ws",34,6,0,0,3,3,3,19,0,0,0,0,0,0,2,1,27,0,4,14,1,4,13,0,2,68,41,29,70
BT107_200,BT107_Masked_200,Pharmacy,web,63,15,0,0,3,3,5,30,0,0,0,0,0,0,0,3,43,0,18,17,0,6,21,7,4,119,49,44,93
BT107_201,BT107_Masked_201,Applied Medical Sciences,web,53,1,0,0,3,3,2,20,0,0,0,0,0,0,0,2,30,4,1,21,0,2,21,1,0,82,36,27,63
BT107_202,BT107_Masked_202,Applied Medical Sciences,web,4,1,0,0,1,1,1,6,0,0,0,0,0,0,0,0,0,0,0,0,0,0,13,0,1,14,18,50,68
BT107_203,BT107_Masked_203,Applied Medical Sciences,"web, ws",53,2,0,6,3,3,4,26,0,0,0,0,0,0,7,1,39,6,8,20,0,0,15,0,1,97,41,18,59
BT107_204,BT107_Masked_204,Pharmacy,"web, ws",74,1,0,5,3,3,2,21,0,0,0,0,0,0,0,8,30,0,4,16,2,12,25,9,3,109,46,42,88
BT107_205,BT107_Masked_205,Pharmacy,ws,75,5,0,0,2,2,2,19,0,0,0,0,0,0,2,0,17,0,0,0,0,55,30,0,1,105,36,25,61
BT107_206,BT107_Masked_206,Pharmacy,ws,29,0,0,1,3,3,3,13,0,0,0,0,0,0,4,0,17,0,5,9,0,0,17,0,0,52,40,33,73
BT107_207,BT107_Masked_207,Agriculture,"web, ws",46,1,0,0,3,3,4,12,0,0,0,0,0,0,2,0,13,5,9,14,2,4,18,1,1,69,36,27,63
BT107_208,BT107_Masked_208,Applied Medical Sciences,web,55,13,0,0,1,1,2,8,0,0,0,0,0,0,0,0,0,10,1,0,2,12,31,23,1,80,24,26,50
BT107_209,BT107_Masked_209,Pharmacy,"web, ws",102,4,0,1,4,4,4,14,0,0,0,0,0,0,0,19,17,2,11,35,3,4,21,21,0,133,42,20,62
BT107_210,BT107_Masked_210,Applied Medical Sciences,web,26,10,0,2,3,3,4,16,0,0,0,0,0,0,1,1,15,0,11,12,0,0,23,1,0,64,37,18,55
BT107_211,BT107_Masked_211,Pharmacy,"web, ws",86,6,0,3,3,3,3,17,0,0,0,0,0,0,3,0,34,4,8,23,9,19,18,0,3,121,46,39,85
BT107_212,BT107_Masked_212,Agriculture,"web, ws",38,2,0,0,3,3,1,12,0,0,0,0,0,0,0,5,12,0,10,14,1,3,10,0,4,59,42,39,81
BT107_213,BT107_Masked_213,Applied Medical Sciences,"web, ws",20,0,0,3,3,3,5,32,0,0,0,0,0,0,0,0,36,0,9,9,0,0,12,0,0,66,40,30,70
BT107_214,BT107_Masked_214,Applied Medical Sciences,"web, ws",57,1,0,8,3,3,1,24,0,0,0,0,0,0,1,0,38,3,15,10,3,6,17,3,1,97,36,42,78
BT107_215,BT107_Masked_215,Pharmacy,web,27,1,0,0,3,3,3,20,0,0,0,0,0,0,0,0,25,0,0,13,0,0,15,3,1,57,40,22,62
BT107_216,BT107_Masked_216,Pharmacy,"web, ws",37,1,0,12,3,3,0,19,0,0,0,0,0,0,0,0,17,0,3,15,1,3,21,3,12,75,47,45,92
BT107_217,BT107_Masked_217,Pharmacy,web,23,0,0,2,3,3,1,13,0,0,0,0,0,0,0,0,12,0,2,6,0,0,25,0,0,45,39,27,66
BT107_218,BT107_Masked_218,Medicine,"web, ws",24,0,0,4,3,3,4,12,0,0,0,0,0,0,0,0,12,0,0,15,0,0,23,0,0,50,40,20,60
BT107_219,BT107_Masked_219,Medicine,"web, ws",35,0,0,3,3,3,3,12,0,0,0,0,0,0,0,0,19,1,14,10,0,1,14,0,0,59,33,27,60
BT107_220,BT107_Masked_220,Pharmacy,"web, ws",46,4,0,2,3,3,2,16,0,0,0,0,0,0,0,4,22,0,7,13,0,6,15,2,7,76,48,39,87
BT107_221,BT107_Masked_221,Applied Medical Sciences,"web, ws",21,0,0,0,3,3,5,13,0,0,0,0,0,0,0,0,21,0,2,8,1,0,13,0,0,45,38,27,65
BT107_222,BT107_Masked_222,Engineering,web,34,1,0,3,3,3,2,18,0,0,0,0,0,0,0,0,25,0,5,12,0,2,18,0,2,64,42,37,79
BT107_223,BT107_Masked_223,Pharmacy,ws,138,13,0,1,3,3,6,32,0,0,0,0,0,0,3,7,47,0,41,30,2,21,25,6,14,196,50,50,100
BT107_224,BT107_Masked_224,Pharmacy,web,71,9,0,4,3,3,2,13,0,0,0,0,0,0,0,6,22,3,5,14,3,28,20,2,2,105,43,50,93
BT107_225,BT107_Masked_225,Pharmacy,web,48,0,0,0,3,3,2,16,0,0,0,0,0,0,0,1,24,0,10,14,4,2,17,0,0,72,39,32,71
BT107_226,BT107_Masked_226,Pharmacy,web,35,0,0,0,3,3,1,11,0,0,0,0,0,0,0,0,12,1,9,8,3,0,19,0,1,53,47,39,86
BT107_227,BT107_Masked_227,Agriculture,"web, ws",51,1,0,3,3,3,1,19,0,0,0,0,0,0,1,6,31,0,3,16,3,0,18,2,1,81,44,39,83
BT107_228,BT107_Masked_228,Pharmacy,"web, ws",37,5,0,0,2,2,3,17,0,0,0,0,0,0,2,1,11,0,5,12,7,5,19,1,3,66,28,13,41
BT107_229,BT107_Masked_229,Pharmacy,web,36,0,0,0,2,2,4,9,0,0,0,0,0,0,0,0,12,3,3,16,1,0,18,0,0,53,44,38,82
BT107_230,BT107_Masked_230,Applied Medical Sciences,web,61,17,0,1,1,1,0,5,0,0,0,0,0,0,2,0,0,4,5,3,15,18,36,1,2,86,33,32,65
BT107_231,BT107_Masked_231,Pharmacy,"web, ws",74,3,0,0,3,3,2,16,0,0,0,0,0,0,0,0,14,0,41,11,0,0,21,5,9,101,49,47,96
BT107_232,BT107_Masked_232,Pharmacy,"web, ws",43,1,0,1,3,3,3,10,0,0,0,0,0,0,0,0,20,0,6,7,3,5,22,1,0,64,38,40,78
BT107_233,BT107_Masked_233,Engineering,web,21,0,0,2,3,3,3,18,0,0,0,0,0,0,0,1,21,0,1,11,2,0,13,1,0,50,49,39,88
BT107_234,BT107_Masked_234,Pharmacy,"web, ws",76,16,0,2,3,3,2,13,0,0,0,0,0,0,1,1,33,5,4,27,1,9,24,7,3,115,42,35,77
BT107_235,BT107_Masked_235,Pharmacy,"web, ws",47,9,0,2,3,3,2,22,0,0,0,0,0,0,0,9,30,0,13,9,1,4,21,0,1,88,39,24,63
BT107_236,BT107_Masked_236,Pharmacy,web,23,0,0,0,3,3,4,22,0,0,0,0,0,0,0,0,24,0,3,9,1,0,18,0,0,55,41,32,73
BT107_237,BT107_Masked_237,Applied Medical Sciences,"web, ws",68,8,0,3,2,2,3,7,0,0,0,0,0,0,2,1,5,12,13,24,1,5,18,1,11,93,44,34,78
BT107_238,BT107_Masked_238,Pharmacy,"web, ws",38,1,0,1,3,3,2,11,0,0,0,0,0,0,2,1,11,0,11,6,14,0,12,0,2,59,35,22,57
BT107_239,BT107_Masked_239,Applied Medical Sciences,"web, ws",93,1,0,7,3,3,0,16,0,0,0,0,0,0,0,23,19,0,21,8,17,6,26,2,1,123,37,25,62
BT107_240,BT107_Masked_240,Medicine,web,186,1,0,0,2,2,1,6,0,0,0,0,0,0,0,2,11,0,64,14,69,17,16,4,1,198,36,35,71
BT107_241,BT107_Masked_241,Science and Arts,"web, ws",56,1,0,0,3,3,5,15,0,0,0,0,0,0,0,0,17,0,3,14,4,4,40,0,1,83,41,22,63
BT107_242,BT107_Masked_242,Pharmacy,web,5,0,0,0,2,2,2,11,0,0,0,0,0,0,0,0,10,0,0,0,0,0,12,0,0,22,24,26,50
BT107_243,BT107_Masked_243,Pharmacy,"web, ws",51,1,0,1,3,3,3,14,0,0,0,0,0,0,2,6,19,0,4,11,7,3,22,2,0,76,46,37,83
BT107_244,BT107_Masked_244,Applied Medical Sciences,web,63,1,0,0,3,3,0,22,0,0,0,0,0,0,0,1,39,0,16,10,3,0,22,0,1,92,36,23,59
BT107_245,BT107_Masked_245,Applied Medical Sciences,web,80,16,0,0,3,3,0,20,0,0,0,0,0,0,1,0,51,2,18,29,1,3,16,1,0,122,39,19,58
BT107_246,BT107_Masked_246,Agriculture,"web, ws",19,2,0,0,2,2,2,9,0,0,0,0,0,0,0,0,0,0,2,10,1,0,18,1,4,36,28,22,50
BT107_247,BT107_Masked_247,Science and Arts,"web, ws",35,5,0,1,3,3,4,25,0,0,0,0,0,0,1,0,31,0,5,8,0,3,23,0,5,76,41,33,74
BT107_248,BT107_Masked_248,Agriculture,web,46,2,0,0,3,3,2,11,0,0,0,0,0,0,0,0,10,0,2,8,0,0,9,0,38,67,35,25,60
BT107_249,BT107_Masked_249,Applied Medical Sciences,"web, ws",80,4,0,3,3,3,1,12,0,0,0,0,0,0,3,2,40,4,26,9,1,3,17,0,1,106,35,24,59
BT107_250,BT107_Masked_250,Agriculture,web,20,1,0,0,2,2,1,7,0,0,0,0,0,0,0,0,1,0,1,8,5,2,14,0,2,33,33,25,58
BT107_251,BT107_Masked_251,Pharmacy,"web, ws",57,2,0,3,3,3,4,21,0,0,0,0,0,0,6,3,24,7,11,16,2,6,16,1,1,93,39,29,68
BT107_252,BT107_Masked_252,Applied Medical Sciences,web,50,1,0,0,4,4,1,33,0,0,0,0,0,0,0,0,29,0,2,9,2,4,20,26,1,93,39,24,63
BT107_253,BT107_Masked_253,Applied Medical Sciences,"web, ws",19,0,0,2,3,3,3,11,0,0,0,0,0,0,0,0,13,0,0,6,9,1,12,0,0,41,44,12,56
BT107_254,BT107_Masked_254,Pharmacy,web,49,0,0,7,3,3,3,12,0,0,0,0,0,0,0,0,14,0,10,8,12,6,23,4,0,77,39,25,64
BT107_255,BT107_Masked_255,Science and Arts,"web, ws",41,0,0,6,3,3,4,28,0,0,0,0,0,0,0,1,33,3,9,11,9,4,14,1,0,85,39,37,76
BT107_256,BT107_Masked_256,Applied Medical Sciences,"web, ws",130,1,0,2,3,3,3,12,0,0,0,0,0,0,0,0,19,0,92,13,2,13,14,0,1,154,42,43,85
BT107_257,BT107_Masked_257,Pharmacy,web,34,2,0,1,3,3,2,10,0,0,0,0,0,0,4,10,10,0,7,10,1,0,11,0,2,55,39,30,69
BT107_258,BT107_Masked_258,Science and Arts,web,31,6,0,9,3,3,1,11,0,0,0,0,0,0,0,0,25,0,1,9,1,0,17,7,4,64,42,30,72
BT107_259,BT107_Masked_259,Applied Medical Sciences,"web, ws",10,0,0,4,3,3,3,12,0,0,0,0,0,0,0,0,12,0,0,6,0,0,17,0,0,35,44,42,86
BT107_260,BT107_Masked_260,Pharmacy,"web, ws",56,5,0,2,3,3,2,18,0,0,0,0,0,0,3,3,28,0,5,12,3,11,19,2,3,89,50,50,100
BT107_261,BT107_Masked_261,Pharmacy,ws,16,1,0,0,3,3,3,14,0,0,0,0,0,0,0,0,13,0,2,10,0,0,14,0,1,40,36,32,68
BT107_262,BT107_Masked_262,Pharmacy,"web, ws",51,6,0,1,2,2,6,10,0,0,0,0,0,0,0,0,12,0,14,11,4,2,23,0,12,78,22,39,61
BT107_263,BT107_Masked_263,Agriculture,web,5,1,0,0,1,1,0,5,0,0,0,0,0,0,0,0,0,0,0,2,0,0,10,1,0,13,25,25,50
BT107_264,BT107_Masked_264,Applied Medical Sciences,web,27,2,0,0,3,3,2,12,0,0,0,0,0,0,0,4,11,0,7,7,1,2,15,0,2,49,31,30,61
BT107_265,BT107_Masked_265,Agriculture,web,32,4,0,0,3,3,0,13,0,0,0,0,0,0,0,1,17,1,3,8,5,0,16,0,4,55,36,35,71
BT107_266,BT107_Masked_266,Pharmacy,"web, ws",44,9,0,4,3,3,1,19,0,0,0,0,0,0,0,8,27,0,14,8,2,3,14,3,4,83,46,42,88
BT107_267,BT107_Masked_267,Veterinary Medicine,web,55,0,0,0,3,3,4,12,0,0,0,0,0,0,0,0,14,0,7,24,3,1,21,7,0,77,38,33,71
BT107_268,BT107_Masked_268,Science and Arts,web,72,4,0,0,3,3,1,16,0,0,0,0,0,0,0,0,21,4,11,10,5,21,17,2,8,99,44,35,79
BT107_269,BT107_Masked_269,Science and Arts,"web, ws",31,0,0,1,3,3,5,17,0,0,0,0,0,0,0,0,24,0,2,8,0,11,15,0,0,60,48,38,86
BT107_270,BT107_Masked_270,Applied Medical Sciences,web,16,0,0,2,3,3,1,16,0,0,0,0,0,0,0,0,16,0,1,6,0,0,17,1,0,41,47,32,79
BT107_271,BT107_Masked_271,Applied Medical Sciences,"web, ws",22,0,0,2,3,3,0,15,0,0,0,0,0,0,0,0,21,0,0,6,1,3,14,0,0,45,38,23,61
BT107_272,BT107_Masked_272,Agriculture,"web, ws",50,6,0,0,3,3,3,20,0,0,0,0,0,0,0,0,32,0,7,21,0,5,18,2,0,85,45,40,85
BT107_273,BT107_Masked_273,Applied Medical Sciences,"web, ws",30,1,0,3,3,3,5,13,0,0,0,0,0,0,1,0,18,0,13,10,0,2,13,0,1,58,36,29,65
BT107_274,BT107_Masked_274,Pharmacy,"web, ws",45,1,0,0,3,3,3,13,0,0,0,0,0,0,1,3,17,0,1,20,0,6,14,5,1,68,45,37,82
BT107_275,BT107_Masked_275,Pharmacy,web,22,0,0,0,2,2,0,6,0,0,0,0,0,0,0,0,6,0,6,5,1,0,13,0,1,32,39,24,63
BT107_276,BT107_Masked_276,Agriculture,"web, ws",24,1,0,5,3,3,2,15,0,0,0,0,0,0,0,0,4,0,4,7,2,1,18,17,0,53,35,33,68
BT107_277,BT107_Masked_277,Science and Arts,"web, ws",36,1,0,0,3,3,1,11,0,0,0,0,0,0,0,1,18,0,8,5,1,0,13,2,7,55,44,35,79
BT107_278,BT107_Masked_278,Pharmacy,"web, ws",29,5,0,11,3,3,6,16,0,0,0,0,0,0,0,0,16,0,6,11,0,3,22,7,8,73,48,37,85
BT107_279,BT107_Masked_279,Pharmacy,"web, ws",26,0,0,0,3,3,1,16,0,0,0,0,0,0,0,0,24,4,5,6,0,0,10,0,0,49,40,48,88
BT107_280,BT107_Masked_280,Engineering,web,21,3,0,5,3,3,3,28,0,0,0,0,0,0,1,4,27,0,4,7,0,3,17,0,3,66,40,28,68
BT107_281,BT107_Masked_281,Applied Medical Sciences,"web, ws",33,1,0,0,3,3,2,13,0,0,0,0,0,0,0,3,15,0,6,12,0,0,16,0,3,55,46,24,70
BT107_282,BT107_Masked_282,Science and Arts,"web, ws",22,0,0,2,3,3,3,11,0,0,0,0,0,0,0,0,15,0,0,13,1,2,13,0,0,44,45,37,82
BT107_283,BT107_Masked_283,Agriculture,web,47,1,0,0,3,3,2,11,0,0,0,0,0,0,1,3,21,3,5,8,2,6,15,0,3,67,42,23,65
BT107_284,BT107_Masked_284,Pharmacy,"web, ws",43,5,0,2,3,3,3,13,0,0,0,0,0,0,0,3,26,4,3,7,1,7,19,0,2,72,45,40,85
BT107_285,BT107_Masked_285,Science and Arts,web,46,2,0,0,3,3,3,13,0,0,0,0,0,0,0,1,19,4,8,17,0,1,19,0,1,70,42,33,75
BT107_286,BT107_Masked_286,Science and Arts,"web, ws",78,4,0,8,4,4,4,16,0,0,0,0,0,0,0,0,19,0,5,14,4,19,14,42,1,118,41,29,70
BT107_287,BT107_Masked_287,Applied Medical Sciences,web,56,0,0,8,3,3,3,11,0,0,0,0,0,0,0,11,18,0,17,11,0,0,20,5,2,84,45,28,73
BT107_288,BT107_Masked_288,Pharmacy,"web, ws",20,4,0,5,3,3,3,12,0,0,0,0,0,0,0,0,16,0,6,10,0,1,14,3,0,50,38,32,70
BT107_289,BT107_Masked_289,Pharmacy,"web, ws",19,3,0,0,3,3,3,11,0,0,0,0,0,0,1,0,10,0,2,8,1,8,10,0,2,42,41,33,74
BT107_290,BT107_Masked_290,Agriculture,"web, ws",82,22,2,23,3,3,2,11,0,0,0,0,0,0,6,3,42,4,28,19,4,18,18,5,1,148,34,32,66
BT107_291,BT107_Masked_291,Medicine,web,106,8,0,0,3,3,3,11,0,0,0,0,0,0,4,5,15,9,6,26,5,16,31,8,9,134,39,32,71
BT107_292,BT107_Masked_292,Pharmacy,"web, ws",236,1,0,2,3,3,2,15,0,0,0,0,0,0,2,0,30,1,18,8,76,11,85,23,8,262,36,32,68
BT107_293,BT107_Masked_293,Applied Medical Sciences,"web, ws",116,2,0,0,3,3,3,24,0,0,0,0,0,0,0,1,33,0,2,8,61,8,38,0,0,151,31,25,56
BT107_294,BT107_Masked_294,Medicine,"web, ws",41,8,0,2,3,3,3,12,0,0,0,0,0,0,2,3,16,2,6,10,0,8,24,1,0,72,47,27,74
BT107_295,BT107_Masked_295,Pharmacy,"web, ws",38,3,0,1,3,3,2,13,0,0,0,0,0,0,2,2,12,1,0,13,1,0,22,5,5,63,33,18,51
BT107_296,BT107_Masked_296,Applied Medical Sciences,web,9,0,0,0,3,3,5,31,0,0,0,0,0,0,0,0,30,0,0,7,0,0,14,0,0,51,36,17,53
BT107_297,BT107_Masked_297,Pharmacy,ws,55,1,0,11,3,3,6,23,0,0,0,0,0,0,5,6,31,1,5,17,3,10,21,1,2,102,46,44,90
BT107_298,BT107_Masked_298,Pharmacy,ws,40,4,0,6,3,3,6,22,0,0,0,0,0,0,3,0,23,0,5,18,3,10,19,2,1,84,36,30,66
BT107_299,BT107_Masked_299,Applied Medical Sciences,"web, ws",13,1,0,0,2,2,1,7,0,0,0,0,0,0,2,0,0,0,0,5,2,0,14,2,1,26,31,40,71
BT107_300,BT107_Masked_300,Applied Medical Sciences,"web, ws",20,3,0,2,3,3,3,32,0,0,0,0,0,0,1,4,38,2,0,7,0,0,13,0,1,66,38,27,65
BT107_301,BT107_Masked_301,Agriculture,"web, ws",39,2,0,13,3,3,1,11,0,0,0,0,0,0,1,0,19,1,7,10,3,4,24,2,1,72,43,20,63
BT107_302,BT107_Masked_302,Science and Arts,"web, ws",21,0,0,0,2,2,2,6,0,0,0,0,0,0,2,0,2,0,4,7,0,0,18,0,0,33,41,20,61
BT107_303,BT107_Masked_303,Pharmacy,"web, ws",54,1,0,5,3,3,3,15,0,0,0,0,0,0,4,0,21,0,0,16,0,9,32,1,1,84,40,27,67
BT107_304,BT107_Masked_304,Medicine,"web, ws",73,1,0,1,3,3,3,20,0,0,0,0,0,0,0,0,21,2,41,6,2,4,11,17,0,104,34,33,67
BT107_305,BT107_Masked_305,Science and Arts,"web, ws",35,2,0,0,3,3,2,14,0,0,0,0,0,0,0,0,20,0,5,9,1,4,18,1,1,59,40,18,58
BT107_306,BT107_Masked_306,Pharmacy,"web, ws",57,1,0,6,3,3,3,15,0,0,0,0,0,0,0,0,30,3,13,12,7,9,11,3,0,88,39,37,76
BT107_307,BT107_Masked_307,Pharmacy,"web, ws",62,2,0,2,3,3,4,12,0,0,0,0,0,0,0,0,14,2,19,13,20,0,20,0,0,88,44,25,69
BT107_308,BT107_Masked_308,Pharmacy,"web, ws",48,0,0,1,3,3,3,19,0,0,0,0,0,0,1,1,29,5,3,10,11,4,13,0,0,77,49,35,84
BT107_309,BT107_Masked_309,Applied Medical Sciences,web,58,1,0,1,3,3,2,18,0,0,0,0,0,0,0,3,20,5,10,12,1,17,17,1,0,86,34,19,53
BT107_310,BT107_Masked_310,Applied Medical Sciences,"web, ws",121,15,0,1,3,3,3,12,0,0,0,0,0,0,7,16,27,3,23,21,6,42,13,0,0,158,42,38,80
BT107_311,BT107_Masked_311,Science and Arts,web,57,0,0,0,3,3,4,22,0,0,0,0,0,0,1,1,25,0,32,13,0,0,12,5,0,89,50,45,95
BT107_312,BT107_Masked_312,Medicine,"web, ws",52,0,0,7,3,3,5,20,0,0,0,0,0,0,1,1,28,0,4,9,0,0,38,9,0,90,45,23,68
BT107_313,BT107_Masked_313,Applied Medical Sciences,"web, ws",75,2,0,1,3,3,3,18,0,0,0,0,0,0,0,0,37,2,20,14,2,6,18,5,1,105,37,24,61
BT107_314,BT107_Masked_314,Pharmacy,"web, ws",58,3,0,1,3,3,2,15,0,0,0,0,0,0,2,0,14,0,14,14,2,8,26,1,4,85,48,42,90
BT107_315,BT107_Masked_315,Pharmacy,"web, ws",113,4,0,0,3,3,3,18,0,0,0,0,0,0,1,9,29,1,30,21,8,2,23,7,13,144,50,46,96
BT107_316,BT107_Masked_316,Applied Medical Sciences,web,27,0,0,0,1,1,1,8,0,0,0,0,0,0,0,0,0,0,3,1,5,10,1,18,0,38,32,37,69
BT107_317,BT107_Masked_317,Applied Medical Sciences,"web, ws",53,5,0,5,3,3,2,9,0,0,0,0,0,0,2,2,18,9,2,13,2,2,24,4,2,80,35,23,58
BT107_318,BT107_Masked_318,Science and Arts,web,53,3,0,0,3,3,2,13,0,0,0,0,0,0,0,0,21,0,10,7,6,3,10,18,2,77,42,42,84
BT107_319,BT107_Masked_319,Applied Medical Sciences,"web, ws",49,4,0,13,3,3,2,19,0,0,0,0,0,0,1,1,20,3,10,12,8,17,14,7,0,93,44,25,69
BT107_320,BT107_Masked_320,Science and Arts,"web, ws",26,2,0,0,3,3,2,18,0,0,0,0,0,0,0,1,18,0,2,4,0,0,15,3,11,54,46,42,88
BT107_321,BT107_Masked_321,Applied Medical Sciences,web,60,1,0,1,3,3,3,11,0,0,0,0,0,0,0,2,30,3,4,14,2,6,16,3,2,82,45,20,65
BT107_322,BT107_Masked_322,Applied Medical Sciences,web,15,0,0,0,3,3,1,16,0,0,0,0,0,0,0,0,18,0,0,7,0,0,13,0,0,38,41,22,63
BT107_323,BT107_Masked_323,Pharmacy,"web, ws",30,0,0,0,3,3,1,13,0,0,0,0,0,0,2,1,12,0,2,7,5,0,20,1,0,50,47,29,76
BT107_324,BT107_Masked_324,Pharmacy,"web, ws",41,3,0,1,3,3,2,51,0,0,0,0,0,0,0,4,49,1,5,9,3,1,24,3,5,104,41,33,74
BT107_325,BT107_Masked_325,Applied Medical Sciences,"web, ws",21,3,0,1,3,3,3,11,0,0,0,0,0,0,0,0,13,0,2,8,1,0,18,3,0,45,45,43,88
BT107_326,BT107_Masked_326,Applied Medical Sciences,"web, ws",150,34,0,8,2,2,2,6,0,0,0,0,0,0,0,1,58,26,20,38,9,8,38,0,6,204,44,44,88
BT107_327,BT107_Masked_327,Pharmacy,web,12,1,0,3,3,3,1,15,0,0,0,0,0,0,0,0,16,0,2,5,0,0,13,1,1,38,39,38,77
BT107_328,BT107_Masked_328,Applied Medical Sciences,"web, ws",60,4,0,4,3,3,2,29,0,0,0,0,0,0,2,11,39,0,10,8,4,2,22,1,6,105,40,20,60
BT107_329,BT107_Masked_329,Agriculture,"web, ws",76,10,0,1,3,3,3,17,0,0,0,0,0,0,0,1,43,2,2,14,4,13,23,11,0,113,41,30,71
BT107_330,BT107_Masked_330,Pharmacy,"web, ws",25,4,0,2,3,3,4,13,0,0,0,0,0,0,0,0,13,0,10,6,0,4,17,0,4,54,42,27,69
BT107_331,BT107_Masked_331,Applied Medical Sciences,web,31,1,0,0,2,2,1,3,0,0,0,0,0,0,0,0,3,0,18,6,0,0,13,0,0,40,25,27,52
BT107_332,BT107_Masked_332,Applied Medical Sciences,"web, ws",26,4,0,16,3,3,4,38,0,0,0,0,0,0,0,0,45,0,3,7,4,8,18,6,3,94,42,30,72
BT107_333,BT107_Masked_333,Applied Medical Sciences,"web, ws",32,1,0,4,3,3,3,11,0,0,0,0,0,0,1,1,10,0,7,8,2,11,16,1,0,57,44,15,59
BT107_334,BT107_Masked_334,Veterinary Medicine,web,8,0,0,0,1,1,0,9,0,0,0,0,0,0,0,0,0,0,0,0,0,0,19,0,0,19,14,29,43
BT107_335,BT107_Masked_335,Applied Medical Sciences,"web, ws",34,5,0,1,3,3,3,15,0,0,0,0,0,0,2,0,32,0,3,8,0,0,14,0,5,64,32,37,69
BT107_336,BT107_Masked_336,Science and Arts,"web, ws",54,0,0,2,3,3,3,23,0,0,0,0,0,0,2,8,23,0,25,10,0,4,15,1,0,88,47,37,84
BT107_337,BT107_Masked_337,Pharmacy,"web, ws",44,1,0,6,3,3,3,11,0,0,0,0,0,0,0,0,23,0,3,7,1,0,27,6,4,71,42,37,79
BT107_338,BT107_Masked_338,Pharmacy,web,26,0,0,0,3,3,3,20,0,0,0,0,0,0,0,1,24,0,1,6,1,0,21,0,1,55,38,27,65
BT107_339,BT107_Masked_339,Medicine,web,40,0,0,0,3,3,2,11,0,0,0,0,0,0,0,0,29,0,7,6,3,3,11,0,0,59,46,44,90
BT107_340,BT107_Masked_340,Science and Arts,web,15,0,0,0,2,2,2,6,0,0,0,0,0,0,0,0,4,0,1,6,0,0,16,0,0,27,41,24,65
BT107_341,BT107_Masked_341,Applied Medical Sciences,"web, ws",55,7,0,0,3,3,4,35,0,0,0,0,0,0,1,1,45,3,22,10,0,3,21,0,1,107,39,32,71
BT107_342,BT107_Masked_342,Applied Medical Sciences,web,76,8,0,4,3,3,0,17,0,0,0,0,0,0,0,1,16,0,9,6,6,10,35,24,4,111,39,17,56
BT107_343,BT107_Masked_343,Agriculture,"web, ws",82,0,0,1,3,3,4,24,0,0,0,0,0,0,0,1,27,0,58,7,5,2,16,0,1,117,45,24,69
BT107_344,BT107_Masked_344,Pharmacy,"web, ws",28,0,0,10,3,3,3,11,0,0,0,0,0,0,0,1,12,0,3,9,1,6,21,5,0,58,48,35,83
BT107_345,BT107_Masked_345,Science and Arts,web,68,19,0,0,2,2,2,6,0,0,0,0,0,0,0,0,19,2,0,17,20,23,17,0,1,99,35,25,60
BT107_346,BT107_Masked_346,Applied Medical Sciences,"web, ws",54,4,0,0,3,3,3,11,0,0,0,0,0,0,0,7,16,0,25,6,1,2,21,0,0,78,36,17,53
BT107_347,BT107_Masked_347,Agriculture,"web, ws",99,0,0,5,3,3,4,23,0,0,0,0,0,0,1,2,24,0,30,32,7,14,25,2,0,137,39,19,58
BT107_348,BT107_Masked_348,Applied Medical Sciences,"web, ws",50,3,0,2,3,3,1,10,0,0,0,0,0,0,0,0,26,0,9,11,5,1,14,0,6,72,45,27,72
BT107_349,BT107_Masked_349,Applied Medical Sciences,"web, ws",29,3,0,1,2,2,2,12,0,0,0,0,0,0,0,0,10,0,0,0,1,0,16,20,4,51,28,22,50
BT107_350,BT107_Masked_350,Applied Medical Sciences,"web, ws",37,8,0,1,1,0,1,5,0,0,0,0,0,0,0,0,2,0,2,1,4,4,24,7,9,53,29,23,52
BT107_351,BT107_Masked_351,Medicine,"web, ws",18,2,0,0,2,2,3,6,0,0,0,0,0,0,0,0,5,0,4,9,2,1,11,0,1,33,31,28,59
BT107_352,BT107_Masked_352,Applied Medical Sciences,"web, ws",37,4,0,7,2,2,2,8,0,0,0,0,0,0,1,1,5,0,8,14,3,2,9,15,4,62,23,13,36
BT107_353,BT107_Masked_353,Pharmacy,web,47,11,0,1,3,3,2,11,0,0,0,0,0,0,1,0,14,0,6,16,0,0,24,7,10,78,47,28,75
BT107_354,BT107_Masked_354,Applied Medical Sciences,web,76,14,0,0,3,3,2,36,0,0,0,0,0,0,0,1,45,0,2,10,3,3,47,0,23,134,41,38,79
BT107_355,BT107_Masked_355,Applied Medical Sciences,web,56,3,0,0,3,3,3,11,0,0,0,0,0,0,0,0,16,0,2,8,8,6,26,2,11,79,43,38,81
BT107_356,BT107_Masked_356,Applied Medical Sciences,web,12,0,0,0,3,3,1,39,0,0,0,0,0,0,0,0,36,0,2,7,0,0,12,0,1,58,38,28,66
BT107_357,BT107_Masked_357,Agriculture,web,42,2,0,1,3,3,1,10,0,0,0,0,0,0,0,0,19,0,2,13,1,2,22,0,3,62,35,30,65
BT107_358,BT107_Masked_358,Pharmacy,"web, ws",49,6,0,5,3,3,1,27,0,0,0,0,0,0,2,8,37,1,5,16,1,0,23,0,1,94,40,25,65
BT107_359,BT107_Masked_359,Applied Medical Sciences,"web, ws",52,7,0,1,2,2,3,8,0,0,0,0,0,0,0,2,1,0,27,9,10,10,15,0,1,75,36,40,76
BT107_360,BT107_Masked_360,Pharmacy,"web, ws",64,3,0,4,3,3,4,23,0,0,0,0,0,0,3,10,30,1,1,8,0,23,19,1,8,104,47,40,87
BT107_361,BT107_Masked_361,Agriculture,"web, ws",14,0,0,0,3,3,2,20,0,0,0,0,0,0,0,1,21,0,1,6,1,0,12,0,0,42,40,18,58
BT107_362,BT107_Masked_362,Applied Medical Sciences,"web, ws",28,4,0,1,2,2,2,6,0,0,0,0,0,0,0,1,8,1,5,9,0,0,15,0,6,45,32,24,56
BT107_363,BT107_Masked_363,Agriculture,"web, ws",51,10,0,0,3,3,2,26,0,0,0,0,0,0,0,4,35,2,3,17,0,5,22,1,6,95,35,42,77
BT107_364,BT107_Masked_364,Science and Arts,"web, ws",51,6,0,1,3,3,3,13,0,0,0,0,0,0,0,0,26,2,1,11,1,1,25,1,12,80,30,25,55
BT107_365,BT107_Masked_365,Pharmacy,"web, ws",4,2,0,0,2,2,3,13,0,0,0,0,0,0,0,0,12,0,0,0,0,0,12,0,2,26,18,32,50
BT107_366,BT107_Masked_366,Applied Medical Sciences,web,35,10,0,0,2,2,3,7,0,0,0,0,0,0,3,0,0,4,11,17,0,3,14,2,5,59,34,28,62
BT107_367,BT107_Masked_367,Engineering,"web, ws",23,0,0,1,3,3,2,11,0,0,0,0,0,0,0,0,14,0,1,8,2,0,17,1,0,43,40,27,67
BT107_368,BT107_Masked_368,Science and Arts,"web, ws",41,0,0,3,3,3,2,21,0,0,0,0,0,0,1,1,25,0,4,8,2,4,22,6,0,73,44,29,73
BT107_369,BT107_Masked_369,Applied Medical Sciences,"web, ws",87,8,0,2,3,3,1,31,0,0,0,0,0,0,0,1,63,4,26,13,0,6,21,1,0,135,35,18,53
BT107_370,BT107_Masked_370,Applied Medical Sciences,"web, ws",43,2,0,3,3,3,2,35,0,0,0,0,0,0,0,7,38,1,7,6,3,3,22,2,2,91,43,35,78
BT107_371,BT107_Masked_371,Engineering,"web, ws",52,8,0,23,3,3,4,36,0,0,0,0,0,0,0,0,53,5,12,9,4,6,26,10,4,129,29,27,56
BT107_372,BT107_Masked_372,Applied Medical Sciences,web,14,0,0,0,1,1,1,1,0,0,0,0,0,0,0,0,4,0,0,10,0,1,3,0,0,18,8,27,35
BT107_373,BT107_Masked_373,Applied Medical Sciences,web,27,1,0,0,3,3,2,20,0,0,0,0,0,0,0,0,21,0,0,6,7,3,18,0,1,56,34,22,56
BT107_374,BT107_Masked_374,Science and Arts,web,14,1,0,0,3,3,4,20,0,0,0,0,0,0,0,0,21,0,3,6,1,0,13,1,0,45,38,24,62
BT107_375,BT107_Masked_375,Applied Medical Sciences,"web, ws",45,1,0,1,3,3,0,11,0,0,0,0,0,0,0,0,17,0,4,18,1,11,10,3,0,64,41,34,75
BT107_376,BT107_Masked_376,Science and Arts,web,41,9,0,0,3,3,2,15,0,0,0,0,0,0,1,0,27,0,1,8,3,4,25,0,4,73,48,43,91
BT107_377,BT107_Masked_377,Pharmacy,web,21,0,0,0,3,3,3,21,0,0,0,0,0,0,0,0,27,0,1,9,0,0,14,0,0,51,41,40,81
BT107_378,BT107_Masked_378,Agriculture,web,45,1,0,0,3,3,3,15,0,0,0,0,0,0,0,4,21,2,14,9,4,2,13,0,1,70,32,30,62
BT107_379,BT107_Masked_379,Applied Medical Sciences,"web, ws",42,0,0,2,3,3,6,13,0,0,0,0,0,0,1,0,12,0,14,12,0,3,26,1,0,69,38,32,70
BT107_380,BT107_Masked_380,Science and Arts,"web, ws",29,3,0,0,3,3,4,12,0,0,0,0,0,0,0,0,27,0,4,7,1,2,13,0,0,54,44,42,86
BT107_381,BT107_Masked_381,Applied Medical Sciences,"web, ws",70,1,0,3,2,2,3,8,0,0,0,0,0,0,0,0,9,0,30,10,20,5,13,2,0,89,34,28,62
BT107_382,BT107_Masked_382,Applied Medical Sciences,web,73,4,0,0,3,3,4,13,0,0,0,0,0,0,2,9,21,4,14,21,1,5,20,0,3,100,37,25,62
BT107_383,BT107_Masked_383,Pharmacy,"web, ws",44,1,0,2,3,3,3,11,0,0,0,0,0,0,0,0,17,0,27,9,0,0,13,1,0,67,35,29,64
BT107_384,BT107_Masked_384,Agriculture,web,22,0,0,0,3,3,0,10,0,0,0,0,0,0,0,0,8,0,0,5,9,2,9,5,0,38,39,32,71
BT107_385,BT107_Masked_385,Medicine,web,52,4,0,0,3,3,4,14,0,0,0,0,0,0,2,0,21,0,8,10,1,1,32,4,1,80,44,27,71
BT107_386,BT107_Masked_386,Applied Medical Sciences,web,58,0,0,0,3,3,1,12,0,0,0,0,0,0,0,4,12,1,10,11,20,5,13,1,0,77,42,22,64
BT107_387,BT107_Masked_387,Agriculture,web,39,0,2,5,3,3,2,17,0,0,0,0,0,0,0,0,16,0,5,9,13,0,24,4,0,71,32,34,66
BT107_388,BT107_Masked_388,Applied Medical Sciences,web,45,0,0,0,3,3,1,12,0,0,0,0,0,0,0,0,17,0,7,8,1,3,25,3,0,64,35,19,54
BT107_389,BT107_Masked_389,Applied Medical Sciences,web,38,2,0,0,3,3,5,25,0,0,0,0,0,0,0,0,38,0,5,11,0,2,17,2,1,76,45,32,77
BT107_390,BT107_Masked_390,Science and Arts,web,74,12,0,0,3,3,3,15,0,0,0,0,0,0,0,0,28,0,15,28,1,7,15,3,13,110,48,35,83
BT107_391,BT107_Masked_391,Agriculture,"web, ws",33,3,0,0,2,2,1,7,0,0,0,0,0,0,0,0,4,0,0,6,0,13,14,1,10,48,12,38,50
BT107_392,BT107_Masked_392,Science and Arts,"web, ws",91,9,0,0,3,3,3,19,0,0,0,0,0,0,0,0,47,0,8,26,2,22,18,0,5,128,48,37,85
BT107_393,BT107_Masked_393,Agriculture,web,85,1,0,0,3,3,1,16,0,0,0,0,0,0,0,4,39,2,10,16,10,9,19,0,0,109,37,25,62
BT107_394,BT107_Masked_394,Applied Medical Sciences,"web, ws",17,1,0,0,2,2,2,8,0,0,0,0,0,0,0,0,0,0,0,9,1,0,17,0,5,32,37,32,69
BT107_395,BT107_Masked_395,Science and Arts,"web, ws",17,3,0,0,3,3,3,11,0,0,0,0,0,0,0,0,12,0,4,8,0,0,13,0,3,40,43,32,75
BT107_396,BT107_Masked_396,Applied Medical Sciences,"web, ws",45,4,0,0,3,3,4,22,0,0,0,0,0,0,0,0,27,1,3,21,2,0,26,0,1,81,39,23,62
BT107_397,BT107_Masked_397,Applied Medical Sciences,web,77,3,0,2,3,3,3,11,0,0,0,0,0,0,0,14,31,0,7,6,5,4,35,0,0,102,37,19,56
BT107_398,BT107_Masked_398,Science and Arts,web,54,12,0,4,3,3,3,14,0,0,0,0,0,0,2,0,22,3,4,12,3,2,32,6,7,93,45,39,84
BT107_399,BT107_Masked_399,Pharmacy,"web, ws",57,2,0,2,3,3,2,11,0,0,0,0,0,0,3,0,26,2,9,8,4,4,22,0,2,80,43,42,85
BT107_400,BT107_Masked_400,Pharmacy,"web, ws",55,6,0,1,3,3,4,35,0,0,0,0,0,0,0,0,41,0,5,12,0,0,30,12,7,107,45,37,82
BT107_401,BT107_Masked_401,Pharmacy,"web, ws",71,14,0,0,3,3,3,11,0,0,0,0,0,0,4,1,30,2,9,9,10,6,20,11,3,105,46,37,83
BT107_402,BT107_Masked_402,Science and Arts,"web, ws",37,2,0,0,3,3,6,23,0,0,0,0,0,0,0,0,30,0,3,9,10,0,21,0,1,74,49,32,81
BT107_403,BT107_Masked_403,Pharmacy,web,28,0,0,0,3,3,4,12,0,0,0,0,0,0,0,1,17,0,8,7,2,2,13,0,0,50,38,25,63
BT107_404,BT107_Masked_404,Agriculture,web,27,0,0,0,3,3,4,13,0,0,0,0,0,0,0,0,15,0,2,16,0,4,13,0,0,50,50,43,93
BT107_405,BT107_Masked_405,Agriculture,web,11,1,0,0,3,3,3,11,0,0,0,0,0,0,0,0,13,0,1,6,0,0,12,0,0,32,36,19,55
BT107_406,BT107_Masked_406,Applied Medical Sciences,"web, ws",68,3,0,25,3,3,2,10,0,0,0,0,0,0,4,3,13,4,1,13,0,11,38,19,8,114,48,35,83
BT107_407,BT107_Masked_407,Pharmacy,web,42,1,0,1,3,3,4,20,0,0,0,0,0,0,1,1,35,0,1,14,1,1,16,2,2,74,45,40,85
BT107_408,BT107_Masked_408,Pharmacy,"web, ws",57,2,0,15,3,3,2,30,0,0,0,0,0,0,1,2,28,0,0,13,2,13,18,32,3,112,47,28,75
BT107_409,BT107_Masked_409,Applied Medical Sciences,web,22,0,0,0,3,3,0,11,0,0,0,0,0,0,0,0,15,0,3,6,1,4,10,0,0,39,29,22,51
BT107_410,BT107_Masked_410,Applied Medical Sciences,"web, ws",25,0,0,6,3,3,3,11,0,0,0,0,0,0,1,3,10,0,3,11,8,0,15,0,0,51,41,28,69
BT107_411,BT107_Masked_411,Applied Medical Sciences,web,14,0,0,0,3,3,2,12,0,0,0,0,0,0,0,0,11,0,0,7,0,0,16,0,0,34,34,16,50
BT107_412,BT107_Masked_412,Agriculture,web,24,0,0,0,3,3,3,11,0,0,0,0,0,0,1,1,11,2,2,7,0,2,17,1,0,44,41,39,80
BT107_413,BT107_Masked_413,Applied Medical Sciences,"web, ws",38,1,0,0,3,3,6,15,0,0,0,0,0,0,0,2,23,0,7,20,0,0,13,1,0,66,37,20,57
BT107_414,BT107_Masked_414,Applied Medical Sciences,"web, ws",17,1,0,1,3,3,1,22,0,0,0,0,0,0,0,0,20,0,0,6,0,0,18,1,3,48,32,29,61
BT107_415,BT107_Masked_415,Pharmacy,"web, ws",37,3,0,1,2,2,2,7,0,0,0,0,0,0,0,1,3,4,4,15,0,0,20,0,7,54,37,23,60
BT107_416,BT107_Masked_416,Pharmacy,web,49,5,0,0,2,2,2,10,0,0,0,0,0,0,1,3,22,3,1,6,5,6,22,0,1,70,35,17,52
BT107_417,BT107_Masked_417,Agriculture,web,22,2,0,0,2,2,3,8,0,0,0,0,0,0,0,1,2,0,1,15,0,0,14,1,5,39,42,25,67
BT107_418,BT107_Masked_418,Agriculture,web,55,4,0,0,3,3,3,11,0,0,0,0,0,0,0,3,28,2,7,12,2,6,15,0,4,79,32,28,60
BT107_419,BT107_Masked_419,Science and Arts,web,42,3,0,5,3,3,1,16,0,0,0,0,0,0,0,0,26,0,0,12,2,6,21,3,3,73,49,50,99
BT107_420,BT107_Masked_420,Science and Arts,"web, ws",62,4,0,2,3,3,7,16,0,0,0,0,0,0,0,1,18,4,16,18,0,16,20,1,3,97,43,39,82
BT107_421,BT107_Masked_421,Applied Medical Sciences,web,13,0,0,1,3,3,3,11,0,0,0,0,0,0,0,0,10,0,0,7,3,0,14,0,0,34,22,18,40
BT107_422,BT107_Masked_422,Pharmacy,"web, ws",60,9,0,3,3,3,4,22,0,0,0,0,0,0,0,1,27,0,9,11,4,10,35,7,0,104,39,32,71
BT107_423,BT107_Masked_423,Applied Medical Sciences,web,23,2,0,0,3,3,2,11,0,0,0,0,0,0,0,0,12,0,3,5,0,0,17,1,6,44,41,30,71
BT107_424,BT107_Masked_424,Pharmacy,"web, ws",36,5,0,3,3,3,3,11,0,0,0,0,0,0,0,0,18,6,3,8,1,2,18,3,5,64,37,38,75
BT107_425,BT107_Masked_425,Pharmacy,"web, ws",67,1,0,3,3,3,2,25,0,0,0,0,0,0,0,1,25,0,17,9,31,0,20,0,1,104,39,37,76
BT107_426,BT107_Masked_426,Science and Arts,web,39,0,0,6,3,3,0,16,0,0,0,0,0,0,0,0,15,0,1,11,1,0,31,8,0,67,41,29,70
BT107_427,BT107_Masked_427,Science and Arts,"web, ws",80,3,0,4,3,3,2,15,0,0,0,0,0,0,1,1,25,1,13,22,3,0,32,11,1,110,49,48,97
BT107_428,BT107_Masked_428,Pharmacy,"web, ws",42,8,0,3,3,3,3,31,0,0,0,0,0,0,0,1,38,0,6,6,4,11,18,0,9,93,41,32,73
BT107_429,BT107_Masked_429,Pharmacy,"web, ws",30,4,0,1,2,2,1,20,0,0,0,0,0,0,0,0,25,0,0,6,0,0,20,0,9,60,36,30,66
BT107_430,BT107_Masked_430,Science and Arts,"web, ws",43,4,0,3,2,2,2,6,0,0,0,0,0,0,0,0,3,0,9,17,0,5,22,4,2,62,40,35,75
BT107_431,BT107_Masked_431,Pharmacy,web,42,2,0,4,3,3,2,39,0,0,0,0,0,0,0,0,52,1,7,10,3,4,16,2,0,95,40,27,67
BT107_432,BT107_Masked_432,Agriculture,web,12,0,0,0,3,3,2,19,0,0,0,0,0,0,0,0,19,0,1,7,0,0,11,1,0,39,33,23,56
BT107_433,BT107_Masked_433,Science and Arts,web,33,0,0,0,3,3,4,17,0,0,0,0,0,0,0,0,28,0,6,8,1,2,12,0,3,60,46,34,80
BT107_434,BT107_Masked_434,Applied Medical Sciences,"web, ws",36,0,0,0,3,3,3,13,0,0,0,0,0,0,1,0,16,0,6,6,0,14,15,0,0,58,43,20,63
BT107_435,BT107_Masked_435,Pharmacy,"web, ws",29,3,0,6,3,3,3,11,0,0,0,0,0,0,1,2,13,0,2,6,0,0,28,2,4,58,47,33,80
BT107_436,BT107_Masked_436,Pharmacy,"web, ws",25,1,0,5,3,3,2,15,0,0,0,0,0,0,0,0,18,0,0,9,0,1,24,0,2,54,44,24,68
BT107_437,BT107_Masked_437,Science and Arts,"web, ws",14,0,0,4,3,3,0,16,0,0,0,0,0,0,0,0,18,3,0,6,0,1,12,0,0,40,46,28,74
BT107_438,BT107_Masked_438,Science and Arts,web,25,0,0,0,3,3,4,16,0,0,0,0,0,0,0,0,18,0,3,8,1,4,17,0,0,51,46,37,83
BT107_439,BT107_Masked_439,Engineering,"web, ws",21,1,0,1,3,3,2,13,0,0,0,0,0,0,0,0,11,0,3,8,1,4,16,0,1,44,38,27,65
BT107_440,BT107_Masked_440,Pharmacy,web,54,7,0,0,3,3,3,12,0,0,0,0,0,0,2,0,16,0,5,8,26,4,20,0,1,82,44,24,68
BT107_441,BT107_Masked_441,Pharmacy,"web, ws",28,3,0,0,3,3,3,11,0,0,0,0,0,0,0,0,12,4,3,7,0,3,15,0,7,51,42,24,66
BT107_442,BT107_Masked_442,Science and Arts,"web, ws",56,4,0,0,3,3,3,20,0,0,0,0,0,0,0,6,28,0,3,16,4,6,21,0,5,89,44,29,73
BT107_443,BT107_Masked_443,Pharmacy,web,24,1,0,0,3,3,2,17,0,0,0,0,0,0,0,3,17,0,4,8,1,1,14,0,2,50,42,25,67
BT107_444,BT107_Masked_444,Applied Medical Sciences,web,35,1,0,0,4,3,3,14,0,0,0,0,0,0,0,0,12,0,10,6,6,7,18,0,1,60,32,28,60
BT107_445,BT107_Masked_445,Pharmacy,"web, ws",63,12,0,2,3,3,2,35,0,0,0,0,0,0,3,2,49,0,4,19,2,8,24,3,6,120,45,42,87
BT107_446,BT107_Masked_446,Applied Medical Sciences,web,25,3,0,0,3,3,2,19,0,0,0,0,0,0,0,9,22,0,0,5,1,0,11,0,7,55,41,27,68
BT107_447,BT107_Masked_447,Applied Medical Sciences,"web, ws",24,1,0,2,3,3,6,14,0,0,0,0,0,0,0,6,19,0,0,8,0,0,19,0,1,53,31,23,54
BT107_448,BT107_Masked_448,Applied Medical Sciences,"web, ws",11,0,0,3,3,3,7,27,0,0,0,0,0,0,0,0,24,0,0,8,0,0,19,3,0,54,29,15,44
BT107_449,BT107_Masked_449,Pharmacy,"web, ws",167,11,0,9,3,3,6,22,0,0,0,0,0,0,3,9,41,1,47,48,5,8,46,7,6,221,50,39,89
BT107_450,BT107_Masked_450,Pharmacy,web,104,5,0,0,3,3,4,21,0,0,0,0,0,0,1,0,47,5,12,29,5,8,30,0,3,140,45,32,77
BT107_451,BT107_Masked_451,Science and Arts,"web, ws",32,2,0,2,2,2,3,7,0,0,0,0,0,0,1,0,14,0,2,15,0,0,14,1,3,50,40,38,78
BT107_452,BT107_Masked_452,Agriculture,web,35,2,0,0,3,3,3,11,0,0,0,0,0,0,0,0,14,0,7,10,2,1,17,2,4,57,43,33,76
BT107_453,BT107_Masked_453,Pharmacy,"web, ws",108,3,0,2,3,3,3,11,0,0,0,0,0,0,1,1,13,0,67,17,1,12,17,4,0,133,46,42,88
BT107_454,BT107_Masked_454,Agriculture,"web, ws",44,4,0,1,1,1,1,5,0,0,0,0,0,0,0,1,10,2,3,11,1,5,19,5,0,57,40,37,77
BT107_455,BT107_Masked_455,Pharmacy,web,86,3,0,0,3,3,2,27,0,0,0,0,0,0,0,4,34,0,26,11,8,10,25,3,3,124,42,22,64
BT107_456,BT107_Masked_456,Agriculture,"web, ws",53,3,0,8,3,3,2,21,0,0,0,0,0,0,4,0,28,0,14,8,2,0,33,3,1,93,47,22,69
BT107_457,BT107_Masked_457,Pharmacy,"web, ws",125,11,0,13,3,3,2,12,0,0,0,0,0,0,4,3,15,3,54,44,7,7,27,5,0,169,40,22,62
BT107_458,BT107_Masked_458,Medicine,web,58,19,2,5,3,3,2,20,0,0,0,0,0,0,2,3,33,8,9,14,5,2,23,1,12,112,47,34,81
BT107_459,BT107_Masked_459,Applied Medical Sciences,web,91,0,0,0,3,3,2,13,0,0,0,0,0,0,0,0,20,0,4,8,4,1,75,0,0,112,47,38,85
BT107_460,BT107_Masked_460,Pharmacy,web,60,5,0,1,3,3,1,13,0,0,0,0,0,0,1,3,11,0,1,21,17,8,18,1,5,86,48,48,96
BT107_461,BT107_Masked_461,Pharmacy,web,21,1,0,1,3,3,1,9,0,0,0,0,0,0,0,0,10,0,6,7,0,0,13,2,1,39,37,18,55
BT107_462,BT107_Masked_462,Science and Arts,"web, ws",75,12,0,3,1,1,1,5,0,0,0,0,0,0,0,0,24,2,5,29,10,4,21,1,2,98,34,27,61
BT107_463,BT107_Masked_463,Medicine,web,85,16,0,1,3,3,3,19,0,0,0,0,0,0,1,0,46,2,19,17,0,10,20,2,13,130,37,38,75
BT107_464,BT107_Masked_464,Pharmacy,"web, ws",44,0,0,11,3,3,3,23,0,0,0,0,0,0,1,0,30,0,9,7,9,1,21,6,3,87,50,49,99
BT107_465,BT107_Masked_465,Pharmacy,"web, ws",52,1,0,5,3,3,2,20,0,0,0,0,0,0,3,1,23,0,4,12,1,3,28,8,3,86,46,29,75
BT107_466,BT107_Masked_466,Applied Medical Sciences,web,22,2,0,0,3,3,4,19,0,0,0,0,0,0,0,0,21,1,0,10,0,0,19,0,2,53,41,34,75
BT107_467,BT107_Masked_467,Agriculture,web,65,0,0,1,3,3,3,17,0,0,0,0,0,0,4,0,41,1,1,10,4,13,16,2,0,92,44,29,73
BT107_468,BT107_Masked_468,Agriculture,"web, ws",51,0,0,1,3,3,2,22,0,0,0,0,0,0,1,0,19,1,16,9,8,0,26,2,0,82,39,20,59
BT107_469,BT107_Masked_469,Applied Medical Sciences,"web, ws",40,0,0,1,3,3,3,28,0,0,0,0,0,0,0,0,34,0,18,6,0,2,14,0,4,78,31,10,41
BT107_470,BT107_Masked_470,Agriculture,"web, ws",32,2,0,5,3,3,4,20,0,0,0,0,0,0,0,0,27,0,7,6,0,11,14,1,3,69,42,39,81
BT107_471,BT107_Masked_471,Applied Medical Sciences,"web, ws",26,1,0,0,3,3,6,15,0,0,0,0,0,0,0,0,18,0,3,9,2,1,20,0,1,54,35,30,65
BT107_472,BT107_Masked_472,Agriculture,web,15,0,0,1,3,3,2,17,0,0,0,0,0,0,0,0,18,0,3,7,2,0,11,0,0,41,35,22,57
BT107_473,BT107_Masked_473,Applied Medical Sciences,web,15,0,0,0,3,3,0,30,0,0,0,0,0,0,0,0,28,0,0,5,0,3,14,1,0,51,32,44,76
BT107_474,BT107_Masked_474,Agriculture,web,58,1,0,4,3,3,4,12,0,0,0,0,0,0,0,14,15,1,7,9,2,16,19,1,1,85,36,30,66
BT107_475,BT107_Masked_475,Applied Medical Sciences,"web, ws",41,0,0,2,3,3,3,17,0,0,0,0,0,0,0,1,27,1,10,8,1,0,19,2,0,69,43,24,67
BT107_476,BT107_Masked_476,Applied Medical Sciences,web,51,1,0,0,3,3,3,27,0,0,0,0,0,0,0,0,34,0,10,10,0,6,22,4,2,88,38,20,58
BT107_477,BT107_Masked_477,Pharmacy,web,122,0,0,3,4,4,3,16,0,0,0,0,0,0,1,0,13,0,51,30,3,1,35,17,1,152,40,19,59
BT107_478,BT107_Masked_478,Pharmacy,"web, ws",58,4,0,0,3,3,3,11,0,0,0,0,0,0,1,5,19,1,4,14,2,6,21,2,7,82,46,37,83
BT107_479,BT107_Masked_479,Medicine,"web, ws",22,7,0,15,3,3,0,19,0,0,0,0,0,0,1,0,18,0,0,13,0,1,20,8,8,69,42,39,81
BT107_480,BT107_Masked_480,Agriculture,web,48,3,0,0,2,2,2,6,0,0,0,0,0,0,0,1,3,0,8,25,1,2,20,0,3,63,35,27,62
BT107_481,BT107_Masked_481,Medicine,"web, ws",33,5,0,2,3,3,3,19,0,0,0,0,0,0,4,2,35,0,1,11,1,3,10,0,1,68,50,49,99
BT107_482,BT107_Masked_482,Pharmacy,"web, ws",71,7,0,0,3,3,2,21,0,0,0,0,0,0,0,0,56,0,8,11,4,1,15,1,11,107,46,45,91
BT107_483,BT107_Masked_483,Engineering,web,42,5,0,0,3,3,4,24,0,0,0,0,0,0,0,1,40,3,7,8,5,2,12,0,3,81,38,19,57
BT107_484,BT107_Masked_484,Science and Arts,"web, ws",110,9,0,3,3,3,5,13,0,0,0,0,0,0,0,8,33,2,30,22,3,22,21,1,4,146,45,42,87
BT107_485,BT107_Masked_485,Medicine,"web, ws",85,7,0,2,3,3,3,14,0,0,0,0,0,0,3,2,18,3,13,22,16,17,21,1,1,117,35,29,64
BT107_486,BT107_Masked_486,Pharmacy,"web, ws",25,1,0,1,3,3,3,18,0,0,0,0,0,0,1,1,23,0,0,7,3,0,18,0,1,54,48,33,81
BT107_487,BT107_Masked_487,Pharmacy,"web, ws",16,1,1,2,3,3,2,28,0,0,0,0,0,0,0,0,27,0,2,8,0,1,14,3,1,56,43,48,91
BT107_488,BT107_Masked_488,Applied Medical Sciences,web,15,1,0,1,3,3,4,12,0,0,0,0,0,0,0,0,11,0,1,8,1,3,14,0,1,39,42,33,75
BT107_489,BT107_Masked_489,Science and Arts,"web, ws",49,3,1,1,2,2,1,6,0,0,0,0,0,0,0,0,1,0,5,21,2,0,32,2,2,65,38,43,81
BT107_490,BT107_Masked_490,Applied Medical Sciences,"web, ws",26,1,0,3,3,3,2,13,0,0,0,0,0,0,0,0,12,0,2,14,0,0,21,1,1,51,37,30,67
BT107_491,BT107_Masked_491,Applied Medical Sciences,"web, ws",53,3,0,3,3,3,0,18,0,0,0,0,0,0,0,0,26,0,11,7,6,2,27,3,1,83,38,24,62
BT107_492,BT107_Masked_492,Pharmacy,"web, ws",65,11,0,2,3,3,4,39,0,0,0,0,0,0,3,0,55,2,11,11,4,5,28,3,5,127,43,38,81
BT107_493,BT107_Masked_493,Pharmacy,web,36,0,0,0,2,2,2,6,0,0,0,0,0,0,0,3,2,0,2,9,5,3,19,5,0,48,31,34,65
BT107_494,BT107_Masked_494,Pharmacy,web,68,0,0,0,3,3,2,20,0,0,0,0,0,0,0,7,21,2,24,18,1,1,11,0,11,96,46,45,91
BT107_495,BT107_Masked_495,Applied Medical Sciences,"web, ws",34,0,0,3,3,3,3,15,0,0,0,0,0,0,0,0,22,0,9,12,2,5,11,0,0,61,41,29,70
BT107_496,BT107_Masked_496,Pharmacy,web,52,0,0,0,2,2,3,7,0,0,0,0,0,0,0,0,0,0,16,13,17,0,18,1,1,66,44,19,63
BT107_497,BT107_Masked_497,Applied Medical Sciences,"web, ws",28,4,0,0,3,3,4,24,0,0,0,0,0,0,1,0,26,0,6,16,0,0,17,0,0,66,41,25,66
BT107_498,BT107_Masked_498,Pharmacy,web,35,2,0,0,3,3,3,19,0,0,0,0,0,0,0,0,18,0,7,6,2,0,26,0,6,65,35,47,82
BT107_499,BT107_Masked_499,Applied Medical Sciences,"web, ws",102,11,0,0,3,3,3,39,0,0,0,0,0,0,0,1,42,0,9,81,4,10,13,1,0,161,48,35,83
BT107_500,BT107_Masked_500,Pharmacy,"web, ws",37,1,0,1,3,3,1,16,0,0,0,0,0,0,0,0,18,6,6,13,5,0,13,0,1,62,46,38,84
BT107_501,BT107_Masked_501,Pharmacy,web,17,0,0,1,3,3,2,20,0,0,0,0,0,0,0,0,19,0,1,7,0,0,19,0,0,46,36,32,68
BT107_502,BT107_Masked_502,Pharmacy,"web, ws",59,1,0,12,3,3,3,11,0,0,0,0,0,0,0,7,16,1,3,8,2,3,36,15,1,92,44,30,74
BT107_503,BT107_Masked_503,Science and Arts,web,73,11,0,4,3,3,3,16,0,0,0,0,0,0,1,0,48,1,6,29,3,3,19,1,2,113,48,32,80
BT107_504,BT107_Masked_504,Applied Medical Sciences,web,30,1,0,0,3,3,2,14,0,0,0,0,0,0,0,0,20,0,10,8,1,2,11,0,1,53,40,22,62
BT107_505,BT107_Masked_505,Science and Arts,web,19,1,0,0,3,3,3,19,0,0,0,0,0,0,0,0,21,0,1,7,2,1,15,0,1,48,50,42,92
BT107_506,BT107_Masked_506,Applied Medical Sciences,"web, ws",77,3,0,4,4,4,3,30,0,0,0,0,0,0,4,1,37,0,8,6,16,2,33,18,0,125,43,23,66
BT107_507,BT107_Masked_507,Pharmacy,"web, ws",43,0,0,2,3,3,4,13,0,0,0,0,0,0,0,0,17,3,5,13,3,10,17,0,0,68,44,39,83
BT107_508,BT107_Masked_508,Science and Arts,"web, ws",24,0,0,0,3,3,3,11,0,0,0,0,0,0,0,0,16,1,2,9,1,0,15,0,0,44,45,22,67
BT107_509,BT107_Masked_509,Pharmacy,web,47,2,0,0,3,3,3,18,0,0,0,0,0,0,0,0,19,15,1,21,4,0,15,1,0,76,42,42,84
BT107_510,BT107_Masked_510,Pharmacy,"web, ws",39,1,0,0,3,3,2,15,0,0,0,0,0,0,1,0,30,0,3,9,0,3,13,1,3,63,46,48,94
BT107_511,BT107_Masked_511,Pharmacy,web,37,0,0,0,3,3,0,18,0,0,0,0,0,0,0,1,21,0,0,13,0,0,24,0,2,61,45,43,88
BT107_512,BT107_Masked_512,Applied Medical Sciences,web,65,2,0,2,3,3,2,14,0,0,0,0,0,0,1,7,27,11,8,10,2,2,22,0,1,91,40,33,73
BT107_513,BT107_Masked_513,Pharmacy,web,40,10,0,3,3,3,2,11,0,0,0,0,0,0,1,0,21,0,11,14,0,5,14,2,4,72,44,37,81
BT107_514,BT107_Masked_514,Applied Medical Sciences,"web, ws",17,1,0,0,3,3,1,31,0,0,0,0,0,0,0,0,32,0,2,5,0,4,12,0,1,56,34,38,72
BT107_515,BT107_Masked_515,Pharmacy,"web, ws",16,2,0,4,3,3,3,12,0,0,0,0,0,0,0,1,13,0,3,6,0,0,16,1,3,43,35,24,59
BT107_516,BT107_Masked_516,Applied Medical Sciences,web,14,0,0,0,3,3,4,16,0,0,0,0,0,0,0,0,17,0,0,7,0,0,16,0,0,40,33,23,56
BT107_517,BT107_Masked_517,Pharmacy,"web, ws",35,5,0,0,2,2,2,18,0,0,0,0,0,0,0,0,27,0,0,1,12,0,19,0,5,64,41,45,86
BT107_518,BT107_Masked_518,Science and Arts,"web, ws",25,13,0,1,3,3,1,22,0,0,0,0,0,0,1,0,21,0,2,9,1,5,14,11,4,68,36,35,71
BT107_519,BT107_Masked_519,Science and Arts,"web, ws",44,2,0,4,3,3,1,11,0,0,0,0,0,0,0,0,10,0,12,10,4,3,26,1,2,68,41,25,66
BT107_520,BT107_Masked_520,Pharmacy,web,54,6,0,0,3,3,2,19,0,0,0,0,0,0,1,1,25,2,6,14,5,3,29,0,1,87,48,39,87
BT107_521,BT107_Masked_521,Pharmacy,"web, ws",105,10,0,0,3,3,1,22,0,0,0,0,0,0,0,0,57,0,26,9,0,13,33,1,5,144,44,49,93
BT107_522,BT107_Masked_522,Agriculture,web,53,4,0,0,3,3,1,11,0,0,0,0,0,0,0,1,26,0,14,8,1,11,13,1,0,75,45,29,74
BT107_523,BT107_Masked_523,Medicine,"web, ws",47,1,0,6,3,3,3,11,0,0,0,0,0,0,0,0,28,0,2,9,1,5,24,3,2,74,39,23,62
BT107_524,BT107_Masked_524,Medicine,"web, ws",31,5,0,3,3,3,1,13,0,0,0,0,0,0,0,1,15,1,12,5,2,1,18,2,2,59,42,32,74
BT107_525,BT107_Masked_525,Pharmacy,web,30,0,0,0,3,3,1,11,0,0,0,0,0,0,0,0,23,0,2,7,4,0,11,0,1,48,43,27,70
BT107_526,BT107_Masked_526,Pharmacy,"web, ws",16,1,0,4,3,3,0,13,0,0,0,0,0,0,0,0,11,0,6,8,1,0,12,2,0,40,36,24,60
BT107_527,BT107_Masked_527,Applied Medical Sciences,"web, ws",54,10,0,2,3,3,4,26,0,0,0,0,0,0,0,0,53,0,11,11,0,7,18,0,2,102,35,22,57
BT107_528,BT107_Masked_528,Applied Medical Sciences,"web, ws",40,0,0,2,3,3,3,22,0,0,0,0,0,0,0,0,21,0,3,34,0,0,14,1,0,73,36,15,51
BT107_529,BT107_Masked_529,Pharmacy,web,30,0,0,0,3,3,2,12,0,0,0,0,0,0,0,0,17,0,4,8,4,3,14,0,0,50,40,27,67
BT107_530,BT107_Masked_530,Agriculture,"web, ws",18,3,0,7,3,3,0,12,0,0,0,0,0,0,0,1,14,0,0,6,1,3,17,2,2,46,36,29,65
BT107_531,BT107_Masked_531,Science and Arts,"web, ws",45,1,0,0,3,3,4,12,0,0,0,0,0,0,0,0,17,2,12,13,2,11,10,0,1,68,48,17,65
BT107_532,BT107_Masked_532,Veterinary Medicine,"web, ws",126,15,0,3,3,3,7,23,0,0,0,0,0,0,1,6,42,4,5,43,4,16,39,17,3,180,47,39,86
BT107_533,BT107_Masked_533,Science and Arts,web,30,2,0,2,2,2,2,6,0,0,0,0,0,0,1,0,5,0,3,8,0,1,24,1,3,46,43,28,71
BT107_534,BT107_Masked_534,Agriculture,"web, ws",31,3,0,1,3,3,0,19,0,0,0,0,0,0,1,1,16,0,0,6,1,0,30,0,5,60,30,34,64
BT107_535,BT107_Masked_535,Applied Medical Sciences,web,58,4,0,0,3,3,2,43,0,0,0,0,0,0,0,0,55,6,2,17,3,8,16,6,0,113,45,30,75
BT107_536,BT107_Masked_536,Agriculture,web,41,0,0,0,3,3,1,12,0,0,0,0,0,0,0,1,11,0,10,11,1,5,19,1,1,60,42,32,74
BT107_537,BT107_Masked_537,Science and Arts,"web, ws",97,9,0,0,3,3,2,19,0,0,0,0,0,0,0,0,32,4,21,33,1,2,35,2,3,133,50,46,96
BT107_538,BT107_Masked_538,Medicine,"web, ws",26,3,0,13,1,1,0,1,0,0,0,0,0,0,0,0,0,0,3,18,4,3,4,0,13,45,21,43,64
BT107_539,BT107_Masked_539,Applied Medical Sciences,web,28,1,0,4,3,3,4,46,0,0,0,0,0,0,2,1,49,0,7,7,0,0,20,3,0,89,34,22,56
BT107_540,BT107_Masked_540,Agriculture,"web, ws",57,1,0,2,2,2,2,6,0,0,0,0,0,0,0,1,9,6,5,20,2,9,18,2,0,72,34,16,50
BT107_541,BT107_Masked_541,Pharmacy,web,92,1,3,4,3,3,3,22,0,0,0,0,0,0,0,0,25,0,51,12,1,15,26,0,1,131,39,39,78
BT107_542,BT107_Masked_542,Agriculture,"web, ws",57,1,0,0,2,2,3,16,0,0,0,0,0,0,1,2,33,0,9,8,6,21,1,0,0,81,22,29,51
BT107_543,BT107_Masked_543,Agriculture,"web, ws",79,23,0,0,3,3,2,11,0,0,0,0,0,0,1,4,26,1,6,15,4,30,20,11,3,121,44,32,76
BT107_544,BT107_Masked_544,Pharmacy,"web, ws",62,4,0,0,3,3,4,30,0,0,0,0,0,0,0,2,51,11,8,12,5,0,13,0,4,106,43,33,76
BT107_545,BT107_Masked_545,Applied Medical Sciences,web,23,0,0,0,3,3,3,19,0,0,0,0,0,0,0,0,23,2,3,7,2,0,14,0,0,51,38,15,53
BT107_546,BT107_Masked_546,Applied Medical Sciences,"web, ws",41,4,0,0,2,2,2,7,0,0,0,0,0,0,1,1,9,0,1,21,4,0,19,1,1,58,39,37,76
BT107_547,BT107_Masked_547,Applied Medical Sciences,"web, ws",61,5,0,1,3,3,2,11,0,0,0,0,0,0,0,0,17,3,4,18,0,0,28,1,15,86,33,40,73
BT107_548,BT107_Masked_548,Agriculture,web,51,3,0,2,3,3,5,29,0,0,0,0,0,0,3,0,35,0,1,15,1,5,28,5,3,96,44,32,76
BT107_549,BT107_Masked_549,Agriculture,"web, ws",36,1,0,6,3,3,4,11,0,0,0,0,0,0,1,0,14,0,12,7,0,4,21,5,0,64,35,24,59
BT107_550,BT107_Masked_550,Pharmacy,web,17,0,0,2,3,3,1,11,0,0,0,0,0,0,0,0,10,0,0,7,2,0,16,2,0,37,38,28,66
BT107_551,BT107_Masked_551,Medicine,"web, ws",29,2,0,1,1,1,2,3,0,0,0,0,0,0,0,0,0,10,5,11,0,0,10,3,0,39,11,28,39
BT107_552,BT107_Masked_552,Applied Medical Sciences,web,23,2,0,0,3,3,2,33,0,0,0,0,0,0,1,0,33,0,2,13,0,0,13,1,3,66,39,34,73
BT107_553,BT107_Masked_553,Science and Arts,web,94,6,0,0,3,3,2,9,0,0,0,0,0,0,0,0,44,0,12,24,3,9,19,3,3,117,41,40,81
BT107_554,BT107_Masked_554,Pharmacy,web,20,0,0,1,3,3,3,54,0,0,0,0,0,0,0,0,54,0,9,7,1,0,13,0,0,84,39,18,57
BT107_555,BT107_Masked_555,Pharmacy,web,82,3,0,0,3,3,1,19,0,0,0,0,0,0,0,0,23,0,20,37,2,3,22,2,2,111,44,45,89
BT107_556,BT107_Masked_556,Applied Medical Sciences,web,24,4,0,0,3,3,3,29,0,0,0,0,0,0,0,0,29,0,0,6,0,0,23,0,8,66,18,38,56
BT107_557,BT107_Masked_557,Veterinary Medicine,web,20,0,0,0,3,2,2,11,0,0,0,0,0,0,0,0,10,0,0,6,0,0,21,1,0,38,23,39,62
BT107_558,BT107_Masked_558,Pharmacy,"web, ws",37,3,0,0,3,3,5,23,0,0,0,0,0,0,1,0,36,0,1,12,0,3,19,0,2,74,43,33,76
BT107_559,BT107_Masked_559,Science and Arts,"web, ws",128,2,1,4,3,3,5,21,0,0,0,0,0,0,0,0,61,2,49,17,6,6,20,5,1,167,45,24,69
BT107_560,BT107_Masked_560,Pharmacy,web,35,1,0,0,3,3,4,12,0,0,0,0,0,0,1,1,12,0,2,10,2,2,24,3,1,58,33,17,50
BT107_561,BT107_Masked_561,Science and Arts,web,53,8,0,15,3,3,2,13,0,0,0,0,0,0,1,4,19,0,2,19,6,1,26,9,10,97,50,45,95
BT107_562,BT107_Masked_562,Applied Medical Sciences,web,18,0,0,1,3,3,4,22,0,0,0,0,0,0,0,0,28,0,0,8,0,2,13,0,0,51,24,18,42
BT107_563,BT107_Masked_563,Veterinary Medicine,"web, ws",29,1,0,1,2,2,2,6,0,0,0,0,0,0,1,0,4,0,2,11,4,4,15,1,1,43,33,23,56
BT107_564,BT107_Masked_564,Agriculture,"web, ws",47,3,0,1,2,2,2,6,0,0,0,0,0,0,0,0,14,10,4,11,0,6,18,0,0,63,36,32,68
BT107_565,BT107_Masked_565,Agriculture,web,37,11,0,0,2,2,1,6,0,0,0,0,0,0,0,0,0,7,0,6,0,0,19,4,23,59,30,20,50
BT107_566,BT107_Masked_566,Agriculture,"web, ws",38,3,0,0,3,3,4,15,0,0,0,0,0,0,0,3,16,1,6,6,1,6,23,4,0,66,28,22,50
BT107_567,BT107_Masked_567,Medicine,"web, ws",33,4,0,2,2,2,2,7,0,0,0,0,0,0,0,0,2,3,12,10,4,1,14,0,6,52,36,17,53
BT107_568,BT107_Masked_568,Pharmacy,"web, ws",80,11,0,2,3,3,3,11,0,0,0,0,0,0,2,5,18,1,18,22,4,3,32,3,5,113,47,43,90
BT107_569,BT107_Masked_569,Pharmacy,"web, ws",61,4,0,5,3,3,5,21,0,0,0,0,0,0,2,0,22,2,12,14,1,20,19,6,4,102,48,45,93
BT107_570,BT107_Masked_570,Applied Medical Sciences,"web, ws",81,20,0,6,2,2,2,6,0,0,0,0,0,0,0,0,0,18,16,27,0,9,25,3,21,119,29,35,64
BT107_571,BT107_Masked_571,Pharmacy,"web, ws",113,19,0,1,3,3,4,12,0,0,0,0,0,0,2,0,57,2,14,31,4,7,37,0,1,155,38,26,64
BT107_572,BT107_Masked_572,Engineering,"web, ws",44,2,0,2,2,2,2,7,0,0,0,0,0,0,0,0,9,2,8,8,8,0,25,0,1,61,31,32,63
BT107_573,BT107_Masked_573,Pharmacy,web,151,17,0,0,3,3,4,20,0,0,0,0,0,0,3,2,57,6,11,33,2,10,30,22,22,198,49,38,87
BT107_574,BT107_Masked_574,Pharmacy,"web, ws",60,12,0,6,3,3,2,11,0,0,0,0,0,0,2,11,12,0,12,16,0,4,31,3,6,97,50,43,93
BT107_575,BT107_Masked_575,Science and Arts,"web, ws",93,1,0,0,2,2,3,20,0,0,0,0,0,0,1,2,25,0,4,7,42,5,34,0,1,121,32,18,50
BT107_576,BT107_Masked_576,Agriculture,web,15,2,0,0,1,1,1,5,0,0,0,0,0,0,1,0,0,1,4,0,0,0,19,0,0,25,16,20,36
BT107_577,BT107_Masked_577,Applied Medical Sciences,"web, ws",54,9,0,4,3,3,0,8,0,0,0,0,0,0,0,10,23,0,4,7,18,0,17,0,2,81,34,24,58
BT107_578,BT107_Masked_578,Applied Medical Sciences,web,15,4,0,0,3,3,0,14,0,0,0,0,0,0,3,1,16,0,2,5,0,0,11,0,1,39,26,38,64
BT107_579,BT107_Masked_579,Agriculture,"web, ws",40,1,0,7,3,3,2,15,0,0,0,0,0,0,0,3,17,0,1,22,1,4,22,1,0,71,32,22,54
BT107_580,BT107_Masked_580,Pharmacy,web,44,0,0,0,2,2,3,16,0,0,0,0,0,0,0,0,35,0,3,0,0,0,24,0,5,67,36,37,73
BT107_581,BT107_Masked_581,Engineering,web,54,18,0,7,3,3,1,12,0,0,0,0,0,0,0,0,25,0,2,18,0,11,28,6,8,98,43,29,72
BT107_582,BT107_Masked_582,Pharmacy,"web, ws",34,3,0,1,3,3,2,19,0,0,0,0,0,0,0,1,24,0,2,9,2,1,19,2,5,65,48,33,81
BT107_583,BT107_Masked_583,Agriculture,web,53,7,0,0,2,2,1,6,0,0,0,0,0,0,1,0,0,0,2,46,2,6,11,2,1,71,27,30,57
BT107_584,BT107_Masked_584,Pharmacy,"web, ws",64,10,0,2,3,3,4,28,0,0,0,0,0,0,0,2,44,2,2,10,0,10,32,10,2,114,44,35,79
BT107_585,BT107_Masked_585,Pharmacy,web,70,1,0,0,3,3,0,30,0,0,0,0,0,0,2,0,40,2,5,17,9,11,18,3,0,107,37,30,67
BT107_586,BT107_Masked_586,Pharmacy,"web, ws",33,2,0,1,3,3,3,11,0,0,0,0,0,0,0,0,23,0,0,7,1,0,21,0,4,56,44,39,83
BT107_587,BT107_Masked_587,Pharmacy,web,16,0,0,3,3,3,0,15,0,0,0,0,0,0,0,0,13,0,4,10,1,1,11,0,0,40,36,20,56
BT107_588,BT107_Masked_588,Applied Medical Sciences,"web, ws",35,1,0,2,3,3,6,21,0,0,0,0,0,0,1,0,25,0,6,15,1,6,15,1,1,71,42,17,59
BT107_589,BT107_Masked_589,Pharmacy,web,49,1,0,0,3,3,4,24,0,0,0,0,0,0,0,0,23,0,13,14,2,14,16,0,2,84,42,33,75
BT107_590,BT107_Masked_590,Pharmacy,web,44,3,0,0,3,3,3,31,0,0,0,0,0,0,0,0,45,0,7,10,0,0,24,0,1,87,40,25,65
BT107_591,BT107_Masked_591,Pharmacy,"web, ws",67,1,0,6,3,3,2,21,0,0,0,0,0,0,3,2,38,4,1,11,5,16,18,4,1,103,43,30,73
BT107_592,BT107_Masked_592,Veterinary Medicine,"web, ws",104,2,0,0,3,3,4,20,0,0,0,0,0,0,1,1,28,6,23,31,0,2,42,0,2,136,40,27,67
BT107_593,BT107_Masked_593,Applied Medical Sciences,web,45,1,0,0,3,3,3,26,0,0,0,0,0,0,0,0,29,1,13,15,0,5,15,2,1,81,37,32,69
BT107_594,BT107_Masked_594,Pharmacy,"web, ws",38,3,0,3,3,3,3,13,0,0,0,0,0,0,0,0,15,8,4,10,8,0,15,5,1,66,39,25,64
BT107_595,BT107_Masked_595,Applied Medical Sciences,web,53,5,0,0,3,3,3,53,0,0,0,0,0,0,0,0,67,0,2,14,2,7,24,2,2,120,40,32,72
BT107_596,BT107_Masked_596,Agriculture,web,32,4,0,2,3,3,2,19,0,0,0,0,0,0,0,0,23,0,6,7,0,7,17,5,0,65,36,33,69
BT107_597,BT107_Masked_597,Pharmacy,web,17,0,0,0,3,3,2,33,0,0,0,0,0,0,0,0,32,0,0,7,0,0,19,0,0,58,35,22,57
BT107_598,BT107_Masked_598,Science and Arts,"web, ws",93,10,0,0,3,3,6,24,0,0,0,0,0,0,0,4,38,0,15,26,1,26,23,0,6,139,49,49,98
BT107_599,BT107_Masked_599,Pharmacy,ws,8,1,0,2,2,2,2,8,0,0,0,0,0,0,0,0,0,0,0,7,0,2,14,0,2,25,31,30,61
BT107_600,BT107_Masked_600,Agriculture,"web, ws",29,10,0,1,3,3,1,22,0,0,0,0,0,0,0,0,22,0,5,8,2,0,22,0,10,69,42,32,74
BT107_601,BT107_Masked_601,Applied Medical Sciences,"web, ws",15,4,0,0,3,3,0,24,0,0,0,0,0,0,0,0,22,0,0,8,0,0,14,0,5,49,31,12,43
BT107_602,BT107_Masked_602,Science and Arts,"web, ws",26,1,0,1,2,2,0,6,0,0,0,0,0,0,0,0,0,0,2,17,1,3,14,0,1,38,32,45,77
BT107_603,BT107_Masked_603,Agriculture,"web, ws",51,10,0,6,3,3,2,18,0,0,0,0,0,0,0,1,22,2,10,14,0,8,28,7,1,93,47,15,62
BT107_604,BT107_Masked_604,Pharmacy,web,31,4,0,0,2,2,2,6,0,0,0,0,0,0,0,0,17,0,2,6,4,2,12,1,3,48,29,27,56
BT107_605,BT107_Masked_605,Medicine,web,11,2,0,0,3,3,2,10,0,0,0,0,0,0,0,1,9,0,0,6,0,0,13,0,2,31,34,23,57
BT107_606,BT107_Masked_606,Pharmacy,"web, ws",163,12,0,4,3,3,3,14,0,0,0,0,0,0,10,13,27,1,20,29,6,22,33,39,2,202,47,42,89
BT107_607,BT107_Masked_607,Pharmacy,"web, ws",31,2,0,2,3,3,3,11,0,0,0,0,0,0,0,3,21,0,6,8,0,0,16,0,1,55,48,37,85
BT107_608,BT107_Masked_608,Science and Arts,"web, ws",36,10,0,1,3,3,2,10,0,0,0,0,0,0,1,4,16,0,0,14,6,1,16,3,4,65,43,35,78
BT107_609,BT107_Masked_609,Pharmacy,"web, ws",30,0,0,0,3,3,5,15,0,0,0,0,0,0,0,0,16,0,0,9,4,8,14,2,3,56,39,34,73
BT107_610,BT107_Masked_610,Agriculture,"web, ws",34,3,0,2,3,3,3,11,0,0,0,0,0,0,0,1,15,1,10,14,0,1,14,0,3,59,34,27,61
BT107_611,BT107_Masked_611,Pharmacy,"web, ws",84,11,0,8,3,3,3,14,0,0,0,0,0,0,1,1,27,5,13,27,6,8,24,10,4,126,40,39,79
BT107_612,BT107_Masked_612,Agriculture,web,54,8,0,0,2,2,2,6,0,0,0,0,0,0,0,0,3,0,16,13,0,16,21,5,0,74,37,30,67
BT107_613,BT107_Masked_613,Agriculture,"web, ws",54,13,0,5,3,3,3,20,0,0,0,0,0,0,4,3,25,2,2,28,4,1,26,4,2,101,35,15,50
BT107_614,BT107_Masked_614,Applied Medical Sciences,web,59,1,0,0,3,3,2,18,0,0,0,0,0,0,1,0,29,1,11,19,0,11,13,0,1,86,38,25,63
BT107_615,BT107_Masked_615,Agriculture,web,27,0,0,0,3,3,2,16,0,0,0,0,0,0,0,0,12,0,0,6,0,1,31,1,0,51,41,23,64
BT107_616,BT107_Masked_616,Veterinary Medicine,web,7,0,0,0,2,2,3,7,0,0,0,0,0,0,0,0,0,0,0,6,0,0,15,0,0,21,35,28,63
BT107_617,BT107_Masked_617,Agriculture,web,19,0,0,0,2,2,2,6,0,0,0,0,0,0,0,0,0,0,0,9,11,0,11,0,0,31,28,17,45
BT107_618,BT107_Masked_618,Applied Medical Sciences,"web, ws",45,3,0,4,3,3,1,35,0,0,0,0,0,0,0,0,46,0,0,13,5,4,24,0,2,94,36,44,80
BT107_619,BT107_Masked_619,Science and Arts,web,25,1,0,1,3,3,0,12,0,0,0,0,0,0,0,0,12,0,1,5,4,0,22,0,1,45,37,20,57
BT107_620,BT107_Masked_620,Pharmacy,web,9,1,0,0,2,2,2,7,0,0,0,0,0,0,0,0,0,0,0,6,0,0,16,0,1,23,38,12,50
BT107_621,BT107_Masked_621,Applied Medical Sciences,"web, ws",76,7,0,10,3,3,3,11,0,0,0,0,0,0,0,1,35,0,11,16,0,19,23,6,2,113,38,25,63
BT107_622,BT107_Masked_622,Applied Medical Sciences,web,19,1,0,0,3,3,3,11,0,0,0,0,0,0,0,0,11,0,0,7,3,0,15,2,2,40,31,23,54
BT107_623,BT107_Masked_623,Pharmacy,"web, ws",34,4,0,1,3,3,4,24,0,0,0,0,0,0,0,1,36,0,1,7,2,0,20,1,5,73,38,34,72
BT107_624,BT107_Masked_624,Pharmacy,"web, ws",53,4,0,1,3,3,2,29,0,0,0,0,0,0,1,0,47,0,1,17,4,0,18,3,4,95,37,27,64
BT107_625,BT107_Masked_625,Pharmacy,"web, ws",24,0,0,1,3,3,1,18,0,0,0,0,0,0,1,0,14,0,0,10,0,1,16,5,3,50,46,38,84
BT107_626,BT107_Masked_626,Pharmacy,ws,10,1,0,3,3,3,3,28,0,0,0,0,0,0,0,0,23,0,0,9,0,0,17,1,1,51,37,19,56
BT107_627,BT107_Masked_627,Medicine,web,34,3,0,0,3,3,0,10,0,0,0,0,0,0,1,1,15,0,3,7,0,5,19,2,0,53,38,40,78
BT107_628,BT107_Masked_628,Pharmacy,web,66,2,0,1,3,3,5,23,0,0,0,0,0,0,1,15,22,0,8,27,2,5,23,0,0,103,39,24,63
BT107_629,BT107_Masked_629,Medicine,"web, ws",113,18,0,1,3,3,3,33,0,0,0,0,0,0,4,7,51,2,10,44,2,8,32,9,5,174,45,27,72
BT107_630,BT107_Masked_630,Pharmacy,"web, ws",42,2,1,5,2,2,2,6,0,0,0,0,0,0,0,0,0,0,1,9,27,2,18,4,1,62,38,24,62
BT107_631,BT107_Masked_631,Agriculture,"web, ws",42,2,0,1,3,3,2,11,0,0,0,0,0,0,0,4,15,4,8,17,3,0,10,1,2,64,39,17,56
BT107_632,BT107_Masked_632,Agriculture,"web, ws",76,0,0,0,3,3,3,34,0,0,0,0,0,0,1,2,42,3,19,12,5,14,15,2,4,119,34,19,53
BT107_633,BT107_Masked_633,Agriculture,"web, ws",72,2,0,3,3,3,4,12,0,0,0,0,0,0,0,1,21,2,2,10,3,0,46,12,2,99,36,30,66
BT107_634,BT107_Masked_634,Science and Arts,web,15,2,0,0,3,3,3,13,0,0,0,0,0,0,0,0,13,0,3,9,0,0,12,1,1,39,39,23,62
BT107_635,BT107_Masked_635,Applied Medical Sciences,web,31,0,0,4,2,2,2,6,0,0,0,0,0,0,0,0,7,1,6,9,0,4,20,0,0,47,41,34,75
BT107_636,BT107_Masked_636,Applied Medical Sciences,"web, ws",81,6,0,2,2,2,3,7,0,0,0,0,0,0,0,0,14,0,30,18,1,13,24,3,0,103,41,38,79
BT107_637,BT107_Masked_637,Pharmacy,"web, ws",61,11,0,1,3,3,1,19,0,0,0,0,0,0,7,2,44,5,7,11,2,2,16,1,2,99,47,30,77
BT107_638,BT107_Masked_638,Pharmacy,ws,92,1,0,4,3,3,6,19,0,0,0,0,0,0,2,1,24,0,17,18,13,35,18,0,0,128,45,29,74
BT107_639,BT107_Masked_639,Agriculture,web,47,13,0,5,3,3,2,11,0,0,0,0,0,0,2,0,21,5,8,16,1,6,22,1,2,84,44,20,64
BT107_640,BT107_Masked_640,Applied Medical Sciences,"web, ws",47,0,0,1,3,3,3,15,0,0,0,0,0,0,0,0,30,0,8,18,1,0,14,1,0,72,44,30,74
BT107_641,BT107_Masked_641,Science and Arts,"web, ws",39,3,0,0,3,3,3,13,0,0,0,0,0,0,0,2,23,3,4,7,2,2,20,1,0,64,48,29,77
BT107_642,BT107_Masked_642,Medicine,web,103,8,0,0,3,3,0,29,0,0,0,0,0,0,1,4,42,5,9,22,6,5,41,0,11,146,42,34,76
BT107_643,BT107_Masked_643,Pharmacy,"web, ws",63,8,0,1,3,3,7,23,0,0,0,0,0,0,2,0,39,0,12,15,2,0,25,12,1,108,46,40,86
BT107_644,BT107_Masked_644,Pharmacy,web,39,2,0,0,2,2,2,7,0,0,0,0,0,0,0,1,6,0,10,13,2,6,13,0,3,54,42,40,82
BT107_645,BT107_Masked_645,Pharmacy,"web, ws",55,2,0,1,3,3,4,9,0,0,0,0,0,0,0,0,19,0,15,21,0,3,16,0,3,77,44,40,84
BT107_646,BT107_Masked_646,Applied Medical Sciences,web,13,0,0,0,3,3,2,7,0,0,0,0,0,0,0,0,5,0,3,6,1,0,13,0,0,28,32,24,56
BT107_647,BT107_Masked_647,Pharmacy,web,79,1,0,0,3,3,3,25,0,0,0,0,0,0,1,0,31,0,6,10,6,14,25,20,1,114,40,27,67
BT107_648,BT107_Masked_648,Applied Medical Sciences,web,12,0,0,1,3,3,3,12,0,0,0,0,0,0,0,0,10,0,0,6,0,0,17,0,1,34,41,35,76
BT107_649,BT107_Masked_649,Medicine,web,71,0,0,0,2,2,1,6,0,0,0,0,0,0,0,0,0,0,0,5,0,1,61,14,1,82,32,20,52
BT107_650,BT107_Masked_650,Science and Arts,web,50,10,0,0,3,3,0,10,0,0,0,0,0,0,0,0,31,0,7,7,3,0,25,0,3,76,44,24,68
BT107_651,BT107_Masked_651,Pharmacy,ws,17,1,0,0,3,3,4,14,0,0,0,0,0,0,0,2,18,0,0,6,0,0,15,1,0,42,44,40,84
BT107_652,BT107_Masked_652,Agriculture,web,26,2,0,1,3,3,1,15,0,0,0,0,0,0,0,1,26,0,1,6,1,0,16,0,0,51,37,24,61
BT107_653,BT107_Masked_653,Pharmacy,web,38,1,0,0,3,3,3,11,0,0,0,0,0,0,0,0,20,0,10,10,0,0,16,3,0,59,48,43,91
BT107_654,BT107_Masked_654,Science and Arts,web,43,6,0,0,3,3,3,11,0,0,0,0,0,0,1,3,13,6,5,16,1,6,17,0,1,69,50,40,90
BT107_655,BT107_Masked_655,Pharmacy,"web, ws",66,9,0,0,3,3,5,35,0,0,0,0,0,0,0,9,59,1,7,15,7,5,13,2,3,121,38,34,72
BT107_656,BT107_Masked_656,Applied Medical Sciences,"web, ws",27,0,0,0,3,3,4,32,0,0,0,0,0,0,0,0,11,0,9,12,1,0,34,0,2,69,28,38,66
BT107_657,BT107_Masked_657,Science and Arts,ws,26,6,0,2,2,2,2,11,0,0,0,0,0,0,1,7,13,0,5,1,3,0,15,6,0,51,35,39,74
BT107_658,BT107_Masked_658,Pharmacy,"web, ws",46,1,0,1,2,2,1,6,0,0,0,0,0,0,0,0,5,0,24,9,2,3,15,0,1,59,36,28,64
BT107_659,BT107_Masked_659,Science and Arts,"web, ws",20,2,0,0,2,2,2,7,0,0,0,0,0,0,0,0,1,0,7,11,0,1,13,2,0,35,41,32,73
BT107_660,BT107_Masked_660,Applied Medical Sciences,"web, ws",34,1,0,2,3,3,4,16,0,0,0,0,0,0,0,0,15,0,6,13,2,7,19,1,0,63,37,30,67
BT107_661,BT107_Masked_661,Pharmacy,web,31,2,0,0,3,3,1,10,0,0,0,0,0,0,0,0,9,0,4,10,6,5,13,2,1,50,36,28,64
BT107_662,BT107_Masked_662,Applied Medical Sciences,"web, ws",24,1,0,0,3,3,0,20,0,0,0,0,0,0,0,0,19,0,4,5,2,2,18,0,1,51,34,29,63
BT107_663,BT107_Masked_663,Pharmacy,web,76,0,0,0,3,3,0,14,0,0,0,0,0,0,0,11,28,5,10,18,0,6,15,1,2,96,49,45,94
BT107_664,BT107_Masked_664,Pharmacy,"web, ws",68,13,0,0,3,3,2,19,0,0,0,0,0,0,0,0,22,1,10,28,6,5,26,0,10,108,47,40,87
BT107_665,BT107_Masked_665,Agriculture,web,24,5,0,0,3,3,3,25,0,0,0,0,0,0,0,0,28,0,0,8,0,4,12,1,10,63,40,37,77
BT107_666,BT107_Masked_666,Applied Medical Sciences,"web, ws",10,0,0,1,3,3,3,13,0,0,0,0,0,0,0,0,11,0,0,9,0,0,13,0,0,33,34,8,42
BT107_667,BT107_Masked_667,Pharmacy,web,80,0,0,1,3,3,2,13,0,0,0,0,0,0,0,16,20,0,1,30,3,2,26,4,0,102,36,18,54
BT107_668,BT107_Masked_668,Pharmacy,web,21,1,0,0,3,3,1,11,0,0,0,0,0,0,0,0,12,0,5,7,3,1,11,0,1,40,32,19,51
BT107_669,BT107_Masked_669,Pharmacy,web,54,15,0,0,2,2,2,6,0,0,0,0,0,0,0,0,14,3,1,18,8,11,18,3,5,81,50,50,100
BT107_670,BT107_Masked_670,Agriculture,web,39,1,0,3,3,3,2,19,0,0,0,0,0,0,0,0,18,0,2,9,2,1,29,5,4,70,36,32,68
BT107_671,BT107_Masked_671,Agriculture,web,18,3,0,0,3,3,1,44,0,0,0,0,0,0,0,2,46,0,3,6,0,0,12,0,3,72,44,20,64
BT107_672,BT107_Masked_672,Applied Medical Sciences,"web, ws",52,4,0,0,3,3,3,11,0,0,0,0,0,0,0,11,12,7,14,13,0,0,14,5,0,76,43,20,63
BT107_673,BT107_Masked_673,Pharmacy,"web, ws",14,0,0,5,3,3,4,13,0,0,0,0,0,0,0,0,9,0,5,10,0,0,14,4,0,42,44,22,66
BT107_674,BT107_Masked_674,Pharmacy,"web, ws",47,4,0,1,3,3,4,12,0,0,0,0,0,0,1,0,14,0,22,10,11,0,15,0,1,74,41,25,66
BT107_675,BT107_Masked_675,Applied Medical Sciences,web,8,2,0,0,3,3,2,26,0,0,0,0,0,0,0,0,25,0,0,6,0,0,11,0,2,44,41,14,55
BT107_676,BT107_Masked_676,Veterinary Medicine,web,99,2,0,6,3,3,2,7,0,0,0,0,0,0,0,0,10,0,10,24,6,7,57,6,2,122,46,34,80
BT107_677,BT107_Masked_677,Applied Medical Sciences,"web, ws",57,0,0,0,3,3,3,11,0,0,0,0,0,0,0,2,16,0,0,16,1,1,32,8,1,77,41,28,69
BT107_678,BT107_Masked_678,Agriculture,"web, ws",50,6,0,0,2,2,0,6,0,0,0,0,0,0,0,1,12,0,5,12,0,9,23,0,4,66,35,18,53
BT107_679,BT107_Masked_679,Pharmacy,"web, ws",37,1,0,2,3,3,2,11,0,0,0,0,0,0,0,0,18,0,5,13,6,0,13,4,0,59,45,39,84
BT107_680,BT107_Masked_680,Agriculture,web,34,0,0,0,3,2,2,18,0,0,0,0,0,0,0,0,20,2,8,11,0,1,17,0,0,59,27,29,56
BT107_681,BT107_Masked_681,Applied Medical Sciences,web,47,7,0,0,3,3,4,27,0,0,0,0,0,0,1,4,25,1,4,14,3,1,31,1,6,91,41,40,81
BT107_682,BT107_Masked_682,Applied Medical Sciences,"web, ws",72,3,0,4,3,3,2,11,0,0,0,0,0,0,0,0,16,0,33,10,4,1,30,2,2,98,36,32,68
BT107_683,BT107_Masked_683,Veterinary Medicine,web,62,1,0,0,1,1,0,3,0,0,0,0,0,0,0,0,2,1,41,9,0,4,9,2,0,68,15,29,44
BT107_684,BT107_Masked_684,Pharmacy,"web, ws",41,9,0,0,3,3,3,11,0,0,0,0,0,0,1,0,13,0,17,9,2,14,11,0,3,70,46,35,81
BT107_685,BT107_Masked_685,Agriculture,web,52,1,0,0,2,2,0,6,0,0,0,0,0,0,0,0,31,1,5,7,0,0,18,0,1,63,39,35,74
BT107_686,BT107_Masked_686,Science and Arts,"web, ws",55,8,0,0,3,3,1,19,0,0,0,0,0,0,0,0,40,0,1,14,4,3,15,7,5,89,44,27,71
BT107_687,BT107_Masked_687,Science and Arts,"web, ws",30,1,0,1,3,3,3,12,0,0,0,0,0,0,0,0,15,2,0,8,0,0,21,7,0,53,39,27,66
BT107_688,BT107_Masked_688,Pharmacy,"web, ws",68,2,0,6,3,3,2,23,0,0,0,0,0,0,2,1,36,2,14,16,3,3,20,9,1,107,42,17,59
BT107_689,BT107_Masked_689,Applied Medical Sciences,"web, ws",42,1,0,0,3,3,2,23,0,0,0,0,0,0,2,0,27,0,11,14,0,0,20,0,0,74,32,19,51
BT107_690,BT107_Masked_690,Applied Medical Sciences,web,51,1,0,1,3,3,5,29,0,0,0,0,0,0,0,0,30,0,0,30,0,0,31,0,2,93,46,43,89
BT107_691,BT107_Masked_691,Applied Medical Sciences,web,74,7,0,0,3,3,3,11,0,0,0,0,0,0,3,3,35,3,13,15,1,1,26,1,0,101,47,45,92
BT107_692,BT107_Masked_692,Applied Medical Sciences,web,48,6,0,0,2,2,0,6,0,0,0,0,0,0,0,0,3,0,3,18,0,4,31,4,1,64,40,29,69
BT107_693,BT107_Masked_693,Science and Arts,"web, ws",69,12,0,0,3,3,5,21,0,0,0,0,0,0,0,2,37,5,9,14,0,13,29,0,4,113,46,32,78
BT107_694,BT107_Masked_694,Pharmacy,"web, ws",67,1,0,0,3,3,1,17,0,0,0,0,0,0,2,1,31,2,15,8,1,18,11,0,3,92,42,30,72
BT107_695,BT107_Masked_695,Science and Arts,"web, ws",21,0,0,0,3,3,7,20,0,0,0,0,0,0,0,0,21,0,1,10,3,0,19,0,0,54,39,23,62
BT107_696,BT107_Masked_696,Agriculture,web,192,34,0,0,3,3,2,20,0,0,0,0,0,0,3,23,41,0,43,48,5,9,36,0,46,254,42,35,77
BT107_697,BT107_Masked_697,Pharmacy,"web, ws",42,2,0,2,3,3,8,27,0,0,0,0,0,0,0,1,23,0,2,27,0,5,26,0,3,87,43,39,82
BT107_698,BT107_Masked_698,Pharmacy,"web, ws",54,3,0,5,3,3,3,23,0,0,0,0,0,0,1,19,30,0,4,13,0,3,16,5,3,94,48,40,88
BT107_699,BT107_Masked_699,Science and Arts,web,16,0,0,0,3,3,3,17,0,0,0,0,0,0,0,0,16,0,1,6,2,2,15,0,0,42,45,39,84
BT107_700,BT107_Masked_700,Agriculture,"web, ws",17,1,0,5,3,3,1,11,0,0,0,0,0,0,0,0,15,0,0,5,0,0,20,0,1,41,32,28,60
BT107_701,BT107_Masked_701,Applied Medical Sciences,"web, ws",71,11,0,5,4,4,0,21,0,0,0,0,0,0,1,0,18,8,20,9,1,0,22,29,8,116,37,14,51