ID number,Surname,Faculty,Origin,A file has been uploaded.,A submission has been submitted.,Comment created,Course module viewed,Discussion viewed,Grade overview report viewed,Grade user report viewed,Quiz attempt started,Quiz attempt submitted,Quiz attempt summary viewed,Quiz attempt viewed,Submission created.,Submission form viewed.,Submission updated.,The status of the submission has been viewed.,W1,W2,W3,W4,W5,W6,W7,W8,W9,W10,W11,W12,W13,W14,W15,W16,W17,Total Events,Label_Semester,Label_Final,Label_Total
PHY103__1,PHY103_Masked_1,Pharmacy,web,1,1,0,9,2,0,1,1,1,0,175,1,5,0,5,0,0,0,0,0,0,0,0,0,0,0,2,1,2,12,185,0,202,36,20,56
PHY103_2,PHY103_Masked_2,Pharmacy,web,1,1,0,4,2,0,0,1,1,2,98,1,10,0,6,0,0,0,0,0,0,0,0,0,0,0,3,0,1,18,105,0,127,34,26,60
PHY103__2,PHY103_Masked_3,Applied Medical Sciences,"web, ws",3,3,0,42,6,0,0,1,1,0,280,3,4,0,43,0,0,0,0,0,0,0,0,1,1,0,7,6,11,61,294,5,386,30,26,56
PHY103_3,PHY103_Masked_4,Applied Medical Sciences,"web, ws",1,1,0,63,6,0,0,1,1,1,81,1,0,0,33,0,0,0,0,0,0,0,0,1,0,0,14,10,19,31,114,0,189,44,32,76
PHY103__3,PHY103_Masked_5,Agriculture,web,0,0,0,13,4,0,0,1,1,1,77,0,5,0,7,0,0,0,0,0,0,0,0,0,0,0,1,0,7,12,89,0,109,33,44,77
PHY103_4,PHY103_Masked_6,Pharmacy,"web, ws",3,3,0,22,5,0,0,1,1,1,15,3,11,0,29,0,0,0,0,0,0,0,0,0,3,2,14,3,3,43,26,0,94,45,44,89
PHY103__4,PHY103_Masked_7,Agriculture,"web, ws",1,1,0,13,4,0,0,1,1,1,96,1,4,0,5,0,0,0,0,0,0,0,0,0,0,3,0,0,14,3,108,0,128,39,38,77
PHY103_5,PHY103_Masked_8,Applied Medical Sciences,"web, ws",0,0,0,19,2,0,3,1,1,1,27,0,0,0,1,0,0,0,0,0,0,0,0,0,1,6,0,0,1,2,45,0,55,34,50,84
PHY103__5,PHY103_Masked_9,Pharmacy,"web, ws",1,1,0,12,3,0,0,1,1,1,76,1,1,0,5,0,0,0,0,0,0,0,0,0,1,2,5,1,2,8,84,0,103,46,42,88
PHY103_6,PHY103_Masked_10,Applied Medical Sciences,"web, ws",1,1,0,10,3,0,0,1,1,3,32,1,0,0,5,0,0,0,0,0,0,0,0,0,0,0,0,0,0,14,44,0,58,37,26,63
PHY103__6,PHY103_Masked_11,Pharmacy,"web, ws",0,0,0,8,4,0,4,2,2,2,19,0,0,0,0,0,0,0,0,0,0,0,0,0,0,0,0,0,1,13,27,0,41,31,26,57
PHY103_7,PHY103_Masked_12,Pharmacy,"web, ws",4,4,0,33,10,0,0,1,1,1,141,2,5,2,32,0,0,0,0,0,0,0,0,0,0,0,10,0,1,72,153,0,236,36,24,60
PHY103__7,PHY103_Masked_13,Agriculture,web,0,0,0,16,5,0,0,1,1,1,46,0,0,0,0,0,0,0,0,0,0,0,0,0,0,4,4,2,2,3,55,0,70,42,22,64
PHY103_8,PHY103_Masked_14,Applied Medical Sciences,web,1,1,0,42,3,0,0,1,1,1,46,1,12,0,9,0,0,0,0,0,0,0,0,0,0,4,1,4,13,26,70,0,118,35,22,57
PHY103__8,PHY103_Masked_15,Medicine,web,2,2,0,32,3,0,0,1,1,1,70,2,4,0,12,0,0,0,0,0,0,0,0,0,0,0,10,0,4,24,92,0,130,48,42,90
PHY103_9,PHY103_Masked_16,Pharmacy,"web, ws",1,1,0,14,6,0,0,1,1,1,76,1,4,0,20,0,0,0,0,0,0,0,0,0,0,0,8,0,1,26,91,0,126,21,34,55
PHY103__9,PHY103_Masked_17,Agriculture,web,1,1,0,7,5,0,0,1,1,2,157,1,2,0,7,0,0,0,0,0,0,0,0,0,0,0,0,0,3,16,166,0,185,35,24,59
PHY103_10,PHY103_Masked_18,Agriculture,web,2,2,0,69,4,0,0,1,1,1,91,2,9,0,27,0,0,0,0,0,0,0,0,0,0,0,1,0,42,38,109,19,209,35,42,77
PHY103__10,PHY103_Masked_19,Pharmacy,"web, ws",2,2,0,9,0,0,0,1,1,1,56,2,0,0,4,0,0,0,0,0,0,0,0,0,0,0,1,0,3,8,65,1,78,40,0,0
PHY103_11,PHY103_Masked_20,Pharmacy,web,1,1,0,14,5,0,0,1,1,0,45,1,13,0,22,0,0,0,0,0,0,0,0,1,0,0,6,0,14,30,52,1,104,44,30,74
PHY103__11,PHY103_Masked_21,Applied Medical Sciences,"web, ws",1,1,0,22,2,0,19,1,1,1,140,1,0,0,16,0,0,0,0,0,0,0,0,0,0,1,0,1,13,24,166,0,205,36,42,78
PHY103_12,PHY103_Masked_22,Pharmacy,web,1,1,0,12,4,0,0,1,1,1,45,1,2,0,2,0,0,0,0,0,0,0,0,0,0,0,0,0,1,10,59,1,71,37,26,63
PHY103__12,PHY103_Masked_23,Applied Medical Sciences,web,0,0,0,26,11,0,1,1,1,2,152,0,0,0,8,0,0,0,0,0,0,0,0,0,0,3,0,0,4,10,182,3,202,48,22,70
PHY103_13,PHY103_Masked_24,Applied Medical Sciences,"web, ws",1,1,0,34,5,0,0,2,2,6,107,1,25,0,14,0,0,0,0,0,0,0,0,0,0,1,2,1,2,61,131,0,198,39,30,69
PHY103__13,PHY103_Masked_25,Pharmacy,"web, ws",3,3,0,28,0,0,0,1,1,1,98,2,8,1,20,0,0,0,0,0,0,0,0,0,0,3,12,0,10,33,108,0,166,40,26,66
PHY103_14,PHY103_Masked_26,Applied Medical Sciences,web,0,0,0,3,0,0,0,1,1,1,19,0,0,0,0,0,0,0,0,0,0,0,0,0,0,0,0,0,0,0,25,0,25,25,14,39
PHY103__14,PHY103_Masked_27,Pharmacy,web,1,1,0,12,1,0,0,1,1,1,35,1,10,0,8,0,0,0,0,0,0,0,0,0,0,4,2,0,20,2,44,0,72,42,24,66
PHY103_15,PHY103_Masked_28,Pharmacy,web,2,2,0,6,0,0,0,1,1,1,35,1,5,1,5,0,0,0,0,0,0,0,0,0,0,1,0,0,0,18,41,0,60,41,26,67
PHY103__15,PHY103_Masked_29,Agriculture,"web, ws",2,2,0,19,5,0,0,2,2,1,67,2,42,0,17,0,0,0,0,0,0,0,0,0,0,1,1,3,1,77,78,0,161,44,30,74
PHY103_16,PHY103_Masked_30,Agriculture,"web, ws",1,1,0,11,16,0,2,1,1,2,152,1,0,0,16,0,0,0,0,0,0,0,0,0,0,1,1,3,1,34,164,0,204,24,26,50
PHY103__16,PHY103_Masked_31,Pharmacy,"web, ws",3,3,0,15,13,0,0,1,1,1,92,1,46,2,27,0,0,0,0,0,0,0,0,0,0,0,0,0,9,90,106,0,205,29,44,73
PHY103_17,PHY103_Masked_32,Agriculture,web,0,0,0,24,3,0,0,2,2,2,18,0,0,0,4,0,0,0,0,0,0,0,0,0,0,2,7,0,1,15,29,1,55,39,36,75
PHY103__17,PHY103_Masked_33,Pharmacy,web,1,1,0,7,2,0,1,1,1,0,70,1,10,0,11,0,0,0,0,0,0,0,0,0,0,0,2,0,0,28,76,0,106,42,26,68
PHY103_18,PHY103_Masked_34,Pharmacy,"web, ws",1,1,0,13,2,0,0,1,1,1,150,1,7,0,2,0,0,0,0,0,0,0,0,0,0,0,0,0,2,12,166,0,180,44,34,78
PHY103__18,PHY103_Masked_35,Agriculture,web,0,0,0,8,6,0,0,1,1,1,117,0,0,0,1,0,0,0,0,0,0,0,0,0,0,0,0,0,0,5,130,0,135,28,26,54
PHY103_19,PHY103_Masked_36,Applied Medical Sciences,"web, ws",0,0,0,5,5,0,0,0,0,0,0,0,0,0,3,0,0,0,0,0,0,0,0,0,0,0,0,0,4,3,2,4,13,0,0,0
PHY103__19,PHY103_Masked_37,Agriculture,web,1,1,0,12,6,0,0,1,1,0,63,1,21,0,9,0,0,0,0,0,0,0,0,0,0,0,0,0,0,33,83,0,116,27,18,45
PHY103_20,PHY103_Masked_38,Pharmacy,"web, ws",2,2,0,13,4,0,2,1,1,1,85,2,0,0,5,0,0,0,0,0,0,0,0,0,2,0,3,0,0,20,93,0,118,42,28,70
PHY103__20,PHY103_Masked_39,Pharmacy,"web, ws",1,1,0,34,1,0,1,1,1,1,77,1,0,0,7,0,0,0,0,0,0,0,0,0,0,6,9,5,1,21,84,0,126,41,24,65
PHY103_21,PHY103_Masked_40,Pharmacy,web,5,5,0,23,4,0,0,1,0,1,54,2,25,3,21,0,0,0,0,0,0,0,0,0,0,5,10,0,1,56,71,1,144,28,46,74
PHY103__21,PHY103_Masked_41,Applied Medical Sciences,web,1,1,0,6,1,0,0,1,1,3,32,1,3,0,11,0,0,0,0,0,0,0,0,0,0,0,0,10,1,1,48,1,61,30,20,50
PHY103_22,PHY103_Masked_42,Applied Medical Sciences,web,2,2,0,17,4,0,0,1,1,1,119,1,19,1,16,0,0,0,0,0,0,0,0,0,0,0,12,0,4,39,129,0,184,42,22,64
PHY103__22,PHY103_Masked_43,Pharmacy,"web, ws",1,1,0,4,0,0,0,1,1,3,143,1,3,0,18,0,0,0,0,0,0,0,0,0,0,0,1,6,1,17,151,0,176,37,24,61
PHY103_23,PHY103_Masked_44,Agriculture,"web, ws",3,3,0,27,7,0,0,1,1,1,85,2,23,1,51,0,0,0,0,0,0,0,0,0,1,5,2,11,17,76,93,0,205,44,16,60
PHY103__23,PHY103_Masked_45,Applied Medical Sciences,web,0,0,0,19,3,0,1,2,2,3,49,0,1,0,1,0,0,0,0,0,0,0,0,0,0,0,0,0,5,33,43,0,81,43,16,59
PHY103_24,PHY103_Masked_46,Agriculture,"web, ws",1,1,1,17,8,0,0,1,1,1,130,1,7,0,19,0,0,0,0,0,0,0,0,0,0,0,14,0,0,23,150,1,188,41,26,67
PHY103__24,PHY103_Masked_47,Pharmacy,"web, ws",3,3,0,7,2,0,0,1,1,1,90,3,9,0,32,0,0,0,0,0,0,0,0,0,0,0,4,0,5,48,95,0,152,37,24,61
PHY103_25,PHY103_Masked_48,Pharmacy,"web, ws",3,3,0,36,3,0,0,1,1,1,80,3,35,0,45,0,0,0,0,0,0,0,0,0,0,1,19,6,3,75,97,10,211,40,40,80
PHY103__25,PHY103_Masked_49,Pharmacy,web,1,1,0,6,3,0,0,1,1,2,84,1,3,0,10,0,0,0,0,0,0,0,0,0,0,0,0,0,6,12,91,4,113,23,48,71
PHY103_26,PHY103_Masked_50,Pharmacy,"web, ws",2,2,0,10,2,0,0,1,1,2,62,1,5,1,24,0,0,0,0,0,0,0,0,0,0,0,5,0,0,39,69,0,113,40,24,64
PHY103__26,PHY103_Masked_51,Pharmacy,"web, ws",1,1,0,3,0,0,0,1,1,2,31,1,5,0,14,0,0,0,0,0,0,0,0,0,0,0,0,0,0,23,37,0,60,20,22,42
PHY103_27,PHY103_Masked_52,Pharmacy,ws,0,0,0,4,2,0,0,1,1,4,134,0,0,0,4,0,0,0,0,0,0,0,0,0,0,0,0,0,3,3,144,0,150,43,14,57
PHY103__27,PHY103_Masked_53,Applied Medical Sciences,"web, ws",1,1,0,26,3,0,0,2,2,2,98,1,2,0,13,0,0,0,0,0,0,0,0,0,2,1,6,0,3,31,108,0,151,48,50,98
PHY103_28,PHY103_Masked_54,Pharmacy,"web, ws",1,1,0,12,3,0,0,1,1,1,43,1,0,0,16,0,0,0,0,0,0,0,0,0,0,3,10,2,1,17,47,0,80,35,32,67
PHY103__28,PHY103_Masked_55,Pharmacy,"web, ws",2,2,0,5,0,0,2,1,1,1,70,2,0,0,12,0,0,0,0,0,0,0,0,0,0,0,3,1,0,11,82,1,98,33,30,63
PHY103_29,PHY103_Masked_56,Agriculture,"web, ws",3,3,0,9,7,0,0,1,1,1,116,3,0,0,6,0,0,0,0,0,0,0,0,0,0,1,1,0,1,21,126,0,150,27,24,51
PHY103__29,PHY103_Masked_57,Pharmacy,"web, ws",1,1,0,36,3,0,3,1,1,1,15,1,14,0,25,0,0,0,0,0,0,0,0,0,0,15,4,2,5,38,36,2,102,28,38,66
PHY103_30,PHY103_Masked_58,Pharmacy,"web, ws",3,3,0,8,1,0,1,1,1,1,19,2,32,1,17,0,0,0,0,0,0,0,0,0,0,0,0,5,2,57,26,0,90,40,36,76
PHY103__30,PHY103_Masked_59,Pharmacy,"web, ws",1,1,0,13,6,0,0,1,1,0,127,1,2,0,3,0,0,0,0,0,0,0,0,0,0,1,0,0,1,18,136,0,156,42,42,84
PHY103_31,PHY103_Masked_60,Agriculture,"web, ws",1,1,0,13,2,0,0,1,1,3,121,1,0,0,7,0,0,0,0,0,0,0,0,0,0,0,2,0,1,10,138,0,151,27,23,50
PHY103__31,PHY103_Masked_61,Agriculture,web,1,1,0,45,3,0,0,1,1,1,38,1,3,0,11,0,0,0,0,0,0,0,0,0,0,4,10,3,16,17,53,3,106,41,32,73
PHY103_32,PHY103_Masked_62,Pharmacy,"web, ws",3,3,0,15,6,0,0,2,2,2,67,1,17,2,10,0,0,0,0,0,0,0,0,0,0,0,0,1,2,59,67,1,130,45,20,65
PHY103__32,PHY103_Masked_63,Pharmacy,web,2,2,0,7,3,0,0,1,1,2,96,1,7,1,3,0,0,0,0,0,0,0,0,0,0,0,0,0,1,18,107,0,126,43,20,63
PHY103_33,PHY103_Masked_64,Applied Medical Sciences,web,2,2,0,23,8,0,0,1,1,1,174,2,5,0,20,0,0,0,0,0,0,0,0,1,0,5,3,0,9,24,197,0,239,33,26,59
PHY103__33,PHY103_Masked_65,Pharmacy,web,3,3,0,20,5,0,0,1,1,1,66,1,7,2,13,0,0,0,0,0,0,0,0,0,0,0,0,7,2,24,90,0,123,26,50,76
PHY103_34,PHY103_Masked_66,Pharmacy,"web, ws",1,1,0,50,5,0,3,1,1,0,50,1,0,0,22,0,0,0,0,0,0,0,0,1,0,0,12,1,11,23,76,11,135,46,0,0
PHY103__34,PHY103_Masked_67,Applied Medical Sciences,"web, ws",1,1,0,6,4,0,0,1,1,1,167,1,2,0,2,0,0,0,0,0,0,0,0,0,0,0,0,0,1,11,175,0,187,31,24,55
PHY103_35,PHY103_Masked_68,Agriculture,web,1,1,0,7,2,0,0,1,1,2,98,1,8,0,8,0,0,0,0,0,0,0,0,0,0,0,0,5,0,18,107,0,130,31,19,50
PHY103__35,PHY103_Masked_69,Pharmacy,"web, ws",1,1,0,4,3,0,6,1,1,3,151,1,5,0,6,0,0,0,0,0,0,0,0,0,0,0,2,1,2,12,165,1,183,37,22,59
PHY103_36,PHY103_Masked_70,Applied Medical Sciences,web,2,2,0,26,3,0,0,1,1,1,211,1,9,1,12,0,0,0,0,0,0,0,0,0,0,0,8,0,2,31,229,0,270,32,22,54
PHY103__36,PHY103_Masked_71,Agriculture,"web, ws",5,5,0,39,5,0,1,1,1,1,19,3,28,2,26,0,0,0,0,0,0,0,0,0,0,4,8,0,2,71,45,6,136,30,42,72
PHY103_37,PHY103_Masked_72,Pharmacy,web,0,0,0,20,2,0,0,1,1,1,68,0,0,0,1,0,0,0,0,0,0,0,0,0,0,0,0,4,1,7,82,0,94,35,28,63
PHY103__37,PHY103_Masked_73,Agriculture,web,1,1,0,11,4,0,2,1,1,1,80,1,8,0,12,0,0,0,0,0,0,0,0,0,0,2,7,0,7,21,86,0,123,35,22,57
PHY103_38,PHY103_Masked_74,Agriculture,"web, ws",1,1,0,44,3,0,0,1,1,2,79,1,0,0,11,0,0,0,0,0,0,0,0,0,0,1,18,4,12,10,98,1,144,40,28,68
PHY103__38,PHY103_Masked_75,Agriculture,web,2,2,0,17,6,0,1,1,1,2,46,1,11,1,11,0,0,0,0,0,0,0,0,0,1,3,3,2,2,32,58,1,102,29,26,55
PHY103_39,PHY103_Masked_76,Pharmacy,"web, ws",3,3,0,41,3,0,0,1,1,1,63,3,0,0,5,0,0,0,0,0,0,0,0,0,0,11,4,11,9,16,73,0,124,41,34,75
PHY103__39,PHY103_Masked_77,Applied Medical Sciences,web,2,2,0,20,0,0,0,1,1,1,113,2,9,0,15,0,0,0,0,0,0,0,0,0,1,0,7,0,27,1,130,0,166,41,32,73
PHY103_40,PHY103_Masked_78,Agriculture,web,2,2,0,13,6,0,0,1,1,2,47,2,22,0,18,0,0,0,0,0,0,0,0,0,2,1,1,0,5,48,59,0,116,39,20,59
PHY103__40,PHY103_Masked_79,Pharmacy,"web, ws",1,1,0,41,2,0,0,1,1,2,140,1,0,0,1,0,0,0,0,0,0,0,0,0,1,2,0,0,2,4,182,0,191,44,26,70
PHY103_41,PHY103_Masked_80,Pharmacy,"web, ws",7,7,0,7,3,0,5,1,1,1,64,1,19,6,31,0,0,0,0,0,0,0,0,0,0,0,0,0,1,80,72,0,153,37,22,59
PHY103__41,PHY103_Masked_81,Agriculture,"web, ws",0,0,0,6,5,0,0,1,1,0,45,0,2,0,3,0,0,0,0,0,0,0,0,0,0,0,0,0,6,3,52,2,63,38,22,60
PHY103_42,PHY103_Masked_82,Agriculture,web,1,1,0,9,3,0,0,1,1,1,55,1,4,0,4,0,0,0,0,0,0,0,0,0,0,0,0,0,1,15,65,0,81,28,22,50
PHY103__42,PHY103_Masked_83,Pharmacy,web,1,1,0,8,3,0,0,0,0,0,0,1,7,0,7,0,0,0,0,0,0,0,0,0,0,0,6,0,1,15,6,0,28,25,20,45
PHY103_43,PHY103_Masked_84,Pharmacy,"web, ws",1,1,0,12,2,0,0,1,1,1,77,1,0,0,5,0,0,0,0,0,0,0,0,0,1,0,1,0,4,10,86,0,102,36,32,68
PHY103__43,PHY103_Masked_85,Pharmacy,"web, ws",1,1,0,32,6,0,0,1,1,1,97,1,3,0,29,0,0,0,0,0,0,0,0,0,1,0,6,4,31,16,112,3,173,44,44,88
PHY103_44,PHY103_Masked_86,Applied Medical Sciences,"web, ws",2,2,0,14,5,0,0,1,1,1,107,1,5,1,12,0,0,0,0,0,0,0,0,0,0,0,5,6,2,20,118,1,152,41,18,59
PHY103__44,PHY103_Masked_87,Applied Medical Sciences,"web, ws",1,1,0,18,4,0,1,1,1,1,45,1,18,0,23,0,0,0,0,0,0,0,0,0,0,0,0,3,0,47,60,5,115,36,30,66
PHY103_45,PHY103_Masked_88,Agriculture,"web, ws",1,1,0,8,0,0,2,1,1,2,25,1,0,0,7,0,0,0,0,0,0,0,0,0,0,5,3,0,0,9,32,0,49,28,36,64
PHY103__45,PHY103_Masked_89,Pharmacy,"web, ws",0,0,0,26,3,0,0,1,1,1,123,0,6,0,16,0,0,0,0,0,0,0,0,0,2,0,4,0,13,14,144,0,177,44,16,60
PHY103_46,PHY103_Masked_90,Pharmacy,"web, ws",1,1,0,15,0,0,2,1,1,1,125,1,8,0,18,0,0,0,0,0,0,0,0,0,3,2,18,2,0,14,134,1,174,46,36,82
PHY103__46,PHY103_Masked_91,Agriculture,web,1,1,0,13,3,0,0,1,1,1,76,1,4,0,5,0,0,0,0,0,0,0,0,0,0,0,0,0,0,15,92,0,107,42,42,84
PHY103_47,PHY103_Masked_92,Pharmacy,ws,2,2,0,13,2,0,2,1,1,2,169,2,0,0,9,0,0,0,0,0,0,0,0,1,0,3,2,0,1,16,181,1,205,40,22,62
PHY103__47,PHY103_Masked_93,Applied Medical Sciences,"web, ws",1,1,0,26,5,0,1,1,1,2,178,1,3,0,13,0,0,0,0,0,0,0,0,3,9,4,10,3,2,13,188,1,233,29,24,53
PHY103_48,PHY103_Masked_94,Agriculture,web,1,1,0,34,10,0,0,1,1,1,82,1,14,0,24,0,0,0,0,0,0,0,0,0,5,1,7,5,2,41,106,3,170,36,16,52
PHY103__48,PHY103_Masked_95,Applied Medical Sciences,"web, ws",3,3,0,33,7,0,5,1,1,1,94,3,14,0,23,0,0,0,0,0,0,0,0,0,1,1,0,3,10,49,124,0,188,26,30,56
PHY103_49,PHY103_Masked_96,Pharmacy,web,1,1,0,8,2,0,0,1,1,1,110,1,3,0,4,0,0,0,0,0,0,0,0,0,1,0,0,0,1,13,118,0,133,35,32,67
PHY103__49,PHY103_Masked_97,Agriculture,"web, ws",7,7,0,13,6,0,0,1,1,1,66,3,13,4,37,0,0,0,0,0,0,0,0,0,1,0,7,0,0,73,78,0,159,36,24,60
PHY103_50,PHY103_Masked_98,Pharmacy,"web, ws",1,1,0,11,4,0,0,1,1,1,15,1,0,0,12,0,0,0,0,0,0,0,0,0,0,0,6,1,3,13,25,0,48,38,24,62
PHY103__50,PHY103_Masked_99,Pharmacy,web,0,0,0,74,8,0,3,1,1,1,21,0,0,0,12,0,0,0,0,0,0,0,0,0,0,0,0,0,7,19,95,0,121,28,30,58
PHY103_51,PHY103_Masked_100,Agriculture,web,2,2,0,23,3,0,0,1,1,1,86,1,12,1,17,0,0,0,0,0,0,0,0,0,0,0,10,0,5,28,107,0,150,31,8,39
PHY103__51,PHY103_Masked_101,Applied Medical Sciences,"web, ws",1,1,0,14,8,0,0,1,1,0,177,1,2,0,26,0,0,0,0,0,0,0,0,0,0,1,0,2,8,34,187,0,232,31,24,55
PHY103_52,PHY103_Masked_102,Agriculture,"web, ws",1,1,0,3,4,0,3,1,1,0,146,1,0,0,2,0,0,0,0,0,0,0,0,0,0,0,1,0,2,10,150,0,163,25,30,55
PHY103__52,PHY103_Masked_103,Agriculture,"web, ws",3,3,0,8,8,0,0,1,1,1,56,2,15,1,21,0,0,0,0,0,0,0,0,0,1,0,2,1,5,42,69,0,120,31,34,65
PHY103_53,PHY103_Masked_104,Agriculture,web,1,1,0,42,5,0,5,1,1,1,108,1,3,0,7,0,0,0,0,0,0,0,0,0,1,0,1,0,7,13,154,0,176,44,48,92
PHY103__53,PHY103_Masked_105,Pharmacy,web,3,3,0,7,4,0,0,1,1,1,107,2,17,1,15,0,0,0,0,0,0,0,0,0,0,0,0,0,5,40,116,1,162,37,28,65
PHY103_54,PHY103_Masked_106,Pharmacy,web,1,1,0,42,1,0,0,1,1,1,132,1,25,0,32,0,0,0,0,0,0,0,0,0,0,0,12,7,13,40,160,6,238,45,40,85
PHY103__54,PHY103_Masked_107,Pharmacy,"web, ws",1,1,0,13,1,0,0,1,1,1,151,1,14,0,7,0,0,0,0,0,0,0,0,0,0,0,1,0,0,28,163,0,192,35,32,67
PHY103_55,PHY103_Masked_108,Agriculture,web,1,1,0,7,2,0,0,1,1,1,25,1,16,0,9,0,0,0,0,0,0,0,0,0,0,0,2,0,1,32,30,0,65,38,12,50
PHY103__55,PHY103_Masked_109,Pharmacy,web,1,1,0,10,4,0,0,1,1,1,103,1,21,0,12,0,0,0,0,0,0,0,0,0,0,1,0,0,13,31,111,0,156,35,16,51
PHY103_56,PHY103_Masked_110,Agriculture,web,1,1,0,5,5,0,0,1,1,1,108,1,11,0,5,0,0,0,0,0,0,0,0,0,0,0,1,0,3,21,115,0,140,40,22,62
PHY103__56,PHY103_Masked_111,Applied Medical Sciences,ws,1,1,0,7,3,0,0,1,1,1,77,1,0,0,4,0,0,0,0,0,0,0,0,0,0,3,0,0,1,9,84,0,97,33,26,59
PHY103_57,PHY103_Masked_112,Applied Medical Sciences,web,1,1,0,42,3,0,0,1,1,1,56,1,43,0,20,0,0,0,0,0,0,0,0,0,8,0,34,1,2,62,63,0,170,34,40,74
PHY103__57,PHY103_Masked_113,Pharmacy,web,2,2,0,10,0,0,1,1,1,1,66,1,24,1,13,0,0,0,0,0,0,0,0,0,0,0,0,0,2,46,75,0,123,38,36,74
PHY103_58,PHY103_Masked_114,Applied Medical Sciences,"web, ws",3,3,0,10,4,0,0,1,1,1,74,3,0,0,6,0,0,0,0,0,0,0,0,0,0,2,2,1,3,14,84,0,106,37,22,59
PHY103__58,PHY103_Masked_115,Agriculture,"web, ws",1,1,0,59,4,0,3,1,1,1,99,1,0,0,22,0,0,0,0,0,0,0,0,0,2,13,12,11,22,16,112,5,193,29,30,59
PHY103_59,PHY103_Masked_116,Applied Medical Sciences,"web, ws",1,1,0,23,5,0,15,2,2,3,166,1,0,0,18,0,0,0,0,0,0,0,0,0,0,1,1,0,16,34,185,0,237,45,0,0
PHY103__59,PHY103_Masked_117,Pharmacy,"web, ws",1,1,0,52,9,0,0,1,1,1,47,1,0,0,13,0,0,0,0,0,0,0,0,0,0,0,0,0,12,21,94,0,127,36,14,50
PHY103_60,PHY103_Masked_118,Pharmacy,"web, ws",1,1,0,9,3,0,0,1,1,2,246,1,0,0,17,0,0,0,0,0,0,0,0,0,0,0,5,2,7,12,256,0,282,48,42,90
PHY103__60,PHY103_Masked_119,Pharmacy,"web, ws",3,3,0,45,2,0,0,1,1,1,36,3,0,0,29,0,0,0,0,0,0,0,0,1,1,5,13,3,5,29,66,1,124,45,44,89
PHY103_61,PHY103_Masked_120,Agriculture,"web, ws",1,1,0,12,2,0,0,1,1,1,108,1,0,0,15,0,0,0,0,0,0,0,0,0,0,3,8,2,1,14,114,1,143,23,18,41
PHY103__61,PHY103_Masked_121,Applied Medical Sciences,web,1,1,0,24,8,0,0,1,1,2,96,1,16,0,10,0,0,0,0,0,0,0,0,0,0,0,0,6,1,34,120,0,161,36,10,46
PHY103_62,PHY103_Masked_122,Pharmacy,"web, ws",4,4,0,26,3,0,0,1,1,1,57,3,31,1,37,0,0,0,0,0,0,0,0,0,0,2,8,0,7,85,67,0,169,44,26,70
PHY103__62,PHY103_Masked_123,Applied Medical Sciences,web,0,0,0,4,0,0,0,1,1,1,30,0,26,0,5,0,0,0,0,0,0,0,0,0,0,0,0,1,30,1,36,0,68,33,26,59
PHY103_63,PHY103_Masked_124,Pharmacy,"web, ws",2,2,0,23,1,0,0,1,1,1,138,2,0,0,18,0,0,0,0,0,0,0,0,0,0,3,2,12,5,22,145,0,189,42,28,70
PHY103__63,PHY103_Masked_125,Pharmacy,"web, ws",1,1,0,24,6,0,2,1,1,1,80,1,3,0,35,0,0,0,0,0,0,0,0,0,0,0,3,0,18,34,95,6,156,44,44,88
PHY103_64,PHY103_Masked_126,Agriculture,web,1,1,0,27,4,0,0,1,1,1,34,1,2,0,15,0,0,0,0,0,0,0,0,0,6,0,1,0,0,26,55,0,88,41,44,85
PHY103__64,PHY103_Masked_127,Agriculture,web,0,0,0,19,13,0,0,1,1,1,83,0,0,0,10,0,0,0,0,0,0,0,0,0,0,0,2,0,2,16,108,0,128,41,22,63
PHY103_65,PHY103_Masked_128,Pharmacy,"web, ws",1,1,0,15,2,0,3,1,1,1,177,1,4,0,20,0,0,0,0,0,0,0,0,0,0,0,6,1,0,19,196,5,227,34,32,66
PHY103__65,PHY103_Masked_129,Pharmacy,"web, ws",3,3,0,56,5,0,1,1,1,1,51,3,0,0,22,0,0,0,0,0,0,0,0,2,3,8,24,1,12,26,68,3,147,46,24,70
PHY103_66,PHY103_Masked_130,Agriculture,"web, ws",1,1,0,28,6,0,0,1,1,0,127,1,1,0,8,0,0,0,0,0,0,0,0,0,3,0,11,0,7,12,141,1,175,45,36,81
PHY103__66,PHY103_Masked_131,Pharmacy,"web, ws",2,2,0,9,3,0,0,1,1,1,140,1,3,1,8,0,0,0,0,0,0,0,0,0,1,2,1,0,4,17,147,0,172,36,42,78
PHY103_67,PHY103_Masked_132,Agriculture,web,0,0,0,2,3,0,0,0,0,0,0,0,0,0,0,0,0,0,0,0,0,0,0,0,1,0,0,0,0,0,4,0,5,21,20,41
PHY103__67,PHY103_Masked_133,Pharmacy,web,2,2,0,16,1,0,0,2,2,2,77,1,13,1,9,0,0,0,0,0,0,0,0,0,0,0,0,0,0,46,82,0,128,43,28,71
PHY103_68,PHY103_Masked_134,Pharmacy,web,3,3,0,30,2,0,3,1,1,1,37,2,3,1,18,0,0,0,0,0,0,0,0,1,1,5,15,0,16,15,52,0,105,39,36,75
PHY103__68,PHY103_Masked_135,Pharmacy,"web, ws",3,3,0,18,3,0,0,1,1,1,53,3,3,0,30,0,0,0,0,0,0,0,0,0,0,1,14,1,33,6,64,0,119,37,24,61
PHY103_69,PHY103_Masked_136,Applied Medical Sciences,web,1,1,0,9,5,0,0,1,1,0,79,1,3,0,6,0,0,0,0,0,0,0,0,0,0,0,0,0,8,15,84,0,107,43,28,71
PHY103__69,PHY103_Masked_137,Pharmacy,"web, ws",1,1,0,24,6,0,0,1,1,0,33,1,5,0,10,0,0,0,0,0,0,0,0,0,3,2,0,0,5,27,46,0,83,41,44,85
PHY103_70,PHY103_Masked_138,Agriculture,web,2,2,0,6,0,0,0,1,1,0,110,1,8,1,4,0,0,0,0,0,0,0,0,0,0,0,0,0,0,18,118,0,136,33,30,63
PHY103__70,PHY103_Masked_139,Pharmacy,web,2,2,0,10,4,0,0,1,1,1,88,1,8,1,6,0,0,0,0,0,0,0,0,0,0,4,1,3,1,20,96,0,125,37,30,67
PHY103_71,PHY103_Masked_140,Applied Medical Sciences,web,0,0,0,5,3,0,0,1,1,1,116,0,0,0,0,0,0,0,0,0,0,0,0,0,0,2,0,0,0,2,123,0,127,29,21,50
PHY103__71,PHY103_Masked_141,Pharmacy,"web, ws",1,1,0,35,9,0,0,2,2,2,66,1,2,0,9,0,0,0,0,0,0,0,0,0,2,1,2,0,12,41,72,0,130,40,50,90
PHY103_72,PHY103_Masked_142,Agriculture,web,0,0,0,2,7,0,0,1,1,0,35,0,0,0,0,0,0,0,0,0,0,0,0,0,0,0,0,0,2,2,42,0,46,39,26,65
PHY103__72,PHY103_Masked_143,Pharmacy,web,2,2,0,16,2,0,0,1,1,1,50,2,9,0,17,0,0,0,0,0,0,0,0,0,1,2,3,0,3,31,63,0,103,31,26,57
PHY103_73,PHY103_Masked_144,Pharmacy,web,1,1,0,12,5,0,0,1,1,1,39,1,44,0,17,0,0,0,0,0,0,0,0,0,3,0,5,0,1,69,45,0,123,44,48,92
PHY103__73,PHY103_Masked_145,Agriculture,web,1,1,0,40,0,0,6,1,1,1,90,1,2,0,8,0,0,0,0,0,0,0,0,0,1,13,3,0,21,9,102,3,152,34,24,58
PHY103_74,PHY103_Masked_146,Agriculture,web,0,0,0,31,0,0,0,1,1,0,148,0,0,0,2,0,0,0,0,0,0,0,0,0,0,2,5,0,19,3,154,0,183,36,28,64
PHY103__74,PHY103_Masked_147,Agriculture,"web, ws",1,1,0,10,2,0,1,1,1,1,62,1,0,0,10,0,0,0,0,0,0,0,0,0,0,3,5,2,3,8,70,0,91,35,15,50
PHY103_75,PHY103_Masked_148,Pharmacy,"web, ws",1,1,0,12,6,0,0,1,1,0,232,1,3,0,16,0,0,0,0,0,0,0,0,0,0,0,5,0,7,19,243,0,274,32,36,68
PHY103__75,PHY103_Masked_149,Pharmacy,web,1,1,0,10,4,0,0,1,1,1,43,1,5,0,4,0,0,0,0,0,0,0,0,0,0,2,1,0,5,13,51,0,72,38,46,84
PHY103_76,PHY103_Masked_150,Pharmacy,web,0,0,0,7,0,0,1,1,1,1,15,0,0,0,0,0,0,0,0,0,0,0,0,0,0,0,0,0,0,0,24,2,26,33,22,55
PHY103__76,PHY103_Masked_151,Agriculture,web,0,0,0,9,0,0,0,1,1,0,63,0,14,0,4,0,0,0,0,0,0,0,0,1,2,0,1,1,0,18,69,0,92,25,20,45
PHY103_77,PHY103_Masked_152,Applied Medical Sciences,web,0,0,0,3,3,0,0,1,1,1,200,0,0,0,0,0,0,0,0,0,0,0,0,0,0,0,0,0,0,3,206,0,209,18,20,38
PHY103__77,PHY103_Masked_153,Pharmacy,"web, ws",1,1,0,14,3,0,0,1,1,1,109,1,2,0,4,0,0,0,0,0,0,0,0,0,0,2,9,0,2,9,116,0,138,41,28,69
PHY103_78,PHY103_Masked_154,Pharmacy,web,1,1,0,12,2,0,0,1,1,1,34,1,6,0,8,0,0,0,0,0,0,0,0,0,0,0,1,0,1,21,45,0,68,40,30,70
PHY103__78,PHY103_Masked_155,Applied Medical Sciences,"web, ws",1,1,0,40,5,0,3,1,1,0,29,1,1,0,23,0,0,0,0,0,0,0,0,0,4,11,2,0,16,17,56,0,106,39,32,71
PHY103_79,PHY103_Masked_156,Applied Medical Sciences,web,1,1,0,15,1,0,0,1,1,1,111,1,3,0,13,0,0,0,0,0,0,0,0,0,1,2,1,5,3,14,123,0,149,34,44,78
PHY103__79,PHY103_Masked_157,Pharmacy,web,1,1,0,3,5,0,0,1,0,0,146,1,4,0,7,0,0,0,0,0,0,0,0,0,0,0,0,0,1,17,151,0,169,42,36,78
PHY103_80,PHY103_Masked_158,Agriculture,"web, ws",1,1,0,20,2,0,2,2,2,2,108,1,2,0,14,0,0,0,0,0,0,0,0,1,0,0,2,0,8,29,117,0,157,46,14,60
PHY103__80,PHY103_Masked_159,Pharmacy,ws,6,6,0,33,3,0,2,1,1,4,271,3,0,3,38,0,0,0,0,0,0,0,0,0,2,0,11,4,4,59,282,9,371,41,48,89
PHY103_81,PHY103_Masked_160,Agriculture,"web, ws",1,1,0,4,2,0,0,1,1,1,15,1,2,0,6,0,0,0,0,0,0,0,0,0,0,0,0,0,0,14,21,0,35,20,30,50
PHY103__81,PHY103_Masked_161,Pharmacy,"web, ws",5,5,0,10,4,0,0,1,1,1,83,2,27,3,22,0,0,0,0,0,0,0,0,0,2,0,3,0,3,62,94,0,164,43,30,73
PHY103_82,PHY103_Masked_162,Applied Medical Sciences,web,2,2,0,45,4,0,0,1,1,0,85,1,46,1,34,0,0,0,0,0,0,0,0,0,0,6,2,6,19,85,104,0,222,33,12,45
PHY103__82,PHY103_Masked_163,Pharmacy,"web, ws",2,2,0,27,2,0,1,1,1,1,127,2,13,0,19,0,0,0,0,0,0,0,0,1,2,0,8,1,1,38,147,0,198,43,28,71
PHY103_83,PHY103_Masked_164,Applied Medical Sciences,web,1,1,0,33,6,1,4,1,1,1,51,1,13,0,11,0,0,0,0,0,0,0,0,0,1,10,5,3,12,27,67,0,125,36,44,80
PHY103__83,PHY103_Masked_165,Agriculture,web,1,1,0,18,2,0,1,1,1,1,167,1,43,0,21,0,0,0,0,0,0,0,0,0,3,2,5,2,9,60,177,0,258,42,18,60
PHY103_84,PHY103_Masked_166,Pharmacy,"web, ws",3,3,0,16,1,0,0,1,1,0,34,2,3,1,8,0,0,0,0,0,0,0,0,0,0,1,10,1,2,17,42,0,73,45,50,95
PHY103__84,PHY103_Masked_167,Pharmacy,"web, ws",1,1,0,17,9,0,0,1,1,1,22,1,22,0,24,0,0,0,0,0,0,0,0,0,0,0,6,0,2,54,38,0,100,41,42,83
PHY103_85,PHY103_Masked_168,Pharmacy,"web, ws",1,1,0,23,3,0,1,1,1,1,40,1,0,0,10,0,0,0,0,0,0,0,0,0,0,7,3,5,10,8,49,1,83,46,0,0
PHY103__85,PHY103_Masked_169,Applied Medical Sciences,"web, ws",1,1,0,19,3,0,0,1,1,2,54,1,5,0,9,0,0,0,0,0,0,0,0,0,0,4,1,0,2,18,71,1,97,26,30,56
PHY103_86,PHY103_Masked_170,Pharmacy,"web, ws",1,1,0,16,1,0,0,1,1,1,39,1,21,0,13,0,0,0,0,0,0,0,0,0,0,3,9,0,2,33,48,1,96,35,32,67
PHY103__86,PHY103_Masked_171,Pharmacy,web,1,1,0,10,3,0,0,1,1,1,47,1,10,0,14,0,0,0,0,0,0,0,0,0,0,0,9,0,4,22,55,0,90,43,28,71
PHY103_87,PHY103_Masked_172,Pharmacy,"web, ws",1,1,0,11,3,0,0,1,1,1,85,1,16,0,10,0,0,0,0,0,0,0,0,0,1,1,2,0,2,28,97,0,131,46,34,80
PHY103__87,PHY103_Masked_173,Agriculture,web,1,1,0,19,2,0,0,1,1,2,45,1,4,0,6,0,0,0,0,0,0,0,0,0,0,3,0,0,16,7,57,0,83,39,28,67
PHY103_88,PHY103_Masked_174,Pharmacy,"web, ws",2,2,0,16,1,0,0,1,1,0,48,1,2,1,13,0,0,0,0,0,0,0,0,0,0,0,4,10,3,16,54,1,88,48,46,94
PHY103__88,PHY103_Masked_175,Pharmacy,"web, ws",1,1,0,18,4,0,1,1,1,0,95,1,0,0,11,0,0,0,0,0,0,0,0,0,0,6,0,2,2,23,101,0,134,41,26,67
PHY103_89,PHY103_Masked_176,Applied Medical Sciences,web,0,0,0,14,3,0,0,1,1,1,29,0,0,0,2,0,0,0,0,0,0,0,0,0,0,0,9,0,5,1,36,0,51,29,28,57
PHY103__89,PHY103_Masked_177,Agriculture,"web, ws",0,0,0,21,1,0,4,1,1,1,178,0,0,0,18,0,0,0,0,0,0,0,0,0,0,0,10,5,5,9,196,0,225,36,16,52
PHY103_90,PHY103_Masked_178,Pharmacy,ws,1,1,0,16,1,0,0,1,1,1,44,1,0,0,3,0,0,0,0,0,0,0,0,0,0,2,0,6,0,6,56,0,70,40,0,0
PHY103__90,PHY103_Masked_179,Agriculture,web,0,0,0,10,4,0,1,0,0,0,0,0,0,0,5,0,0,0,0,0,0,0,0,0,0,0,2,13,1,2,1,1,20,14,26,40
PHY103_91,PHY103_Masked_180,Agriculture,"web, ws",1,1,0,16,2,0,0,1,1,0,32,1,28,0,13,0,0,0,0,0,0,0,0,0,0,0,0,0,1,46,48,1,96,41,38,79
PHY103__91,PHY103_Masked_181,Agriculture,web,0,0,0,7,0,0,0,0,0,0,0,0,0,0,0,0,0,0,0,0,0,0,0,0,0,7,0,0,0,0,0,0,7,8,14,35
PHY103_92,PHY103_Masked_182,Applied Medical Sciences,"web, ws",1,1,0,2,4,0,0,1,1,1,56,1,8,0,8,0,0,0,0,0,0,0,0,0,0,0,0,0,1,19,64,0,84,33,18,51
PHY103__92,PHY103_Masked_183,Pharmacy,"web, ws",1,1,0,17,3,0,0,1,1,2,30,1,2,0,13,0,0,0,0,0,0,0,0,1,1,6,2,4,5,16,37,0,72,35,28,63
PHY103_93,PHY103_Masked_184,Pharmacy,web,1,1,0,6,2,0,0,1,1,1,117,1,6,0,11,0,0,0,0,0,0,0,0,0,0,3,0,0,1,21,123,0,148,40,28,68
PHY103__93,PHY103_Masked_185,Applied Medical Sciences,"web, ws",2,2,0,41,8,0,0,1,1,0,64,2,8,0,33,0,0,0,0,0,0,0,0,0,0,13,12,7,10,29,91,0,162,46,50,96
PHY103_94,PHY103_Masked_186,Pharmacy,"web, ws",1,1,0,22,1,0,0,1,1,1,73,1,0,0,4,0,0,0,0,0,0,0,0,0,0,12,4,0,2,7,81,0,106,36,10,46
PHY103__94,PHY103_Masked_187,Pharmacy,web,1,1,0,11,3,0,0,1,1,1,167,1,7,0,6,0,0,0,0,0,0,0,0,0,0,0,1,0,1,16,182,0,200,47,38,85
PHY103_95,PHY103_Masked_188,Applied Medical Sciences,"web, ws",0,0,0,5,8,0,1,0,0,0,0,0,0,0,3,0,0,0,0,0,0,0,0,0,0,0,4,0,1,12,0,0,17,0,0,0
PHY103__95,PHY103_Masked_189,Agriculture,"web, ws",1,1,0,34,8,0,2,1,1,1,161,1,2,0,23,0,0,0,0,0,0,0,0,3,2,4,7,1,16,14,189,0,236,26,18,44
PHY103_96,PHY103_Masked_190,Agriculture,"web, ws",1,1,0,12,3,0,0,1,1,0,88,1,0,0,7,0,0,0,0,0,0,0,0,0,0,3,3,1,1,11,96,0,115,36,22,58
PHY103__96,PHY103_Masked_191,Pharmacy,"web, ws",1,1,0,13,2,0,0,1,1,0,58,1,0,0,17,0,0,0,0,0,0,0,0,0,0,0,0,4,2,15,74,0,95,43,32,75
PHY103_97,PHY103_Masked_192,Applied Medical Sciences,"web, ws",1,1,0,51,10,0,2,1,1,0,18,1,19,0,28,0,0,0,0,0,0,0,0,0,2,5,13,3,5,64,34,7,133,38,34,72
PHY103__97,PHY103_Masked_193,Pharmacy,"web, ws",2,2,0,65,0,0,2,1,1,1,99,1,9,1,23,0,0,0,0,0,0,0,0,0,0,11,22,13,10,37,111,3,207,41,44,85
PHY103_98,PHY103_Masked_194,Pharmacy,"web, ws",1,1,0,19,3,0,9,1,1,1,51,1,0,0,25,0,0,0,0,0,0,0,0,0,1,2,2,0,9,27,72,0,113,45,44,89
PHY103__98,PHY103_Masked_195,Pharmacy,"web, ws",1,1,0,4,3,0,0,1,1,1,100,1,0,0,3,0,0,0,0,0,0,0,0,0,0,0,0,0,1,7,108,0,116,40,38,78
PHY103_99,PHY103_Masked_196,Pharmacy,web,1,1,0,46,3,0,0,1,1,1,36,1,4,0,6,0,0,0,0,0,0,0,0,0,0,14,13,5,10,9,50,0,101,37,20,57
PHY103__99,PHY103_Masked_197,Pharmacy,"web, ws",1,1,0,5,0,0,1,1,1,1,108,1,0,0,11,0,0,0,0,0,0,0,0,0,0,0,0,0,0,16,115,0,131,35,28,63
PHY103_100,PHY103_Masked_198,Pharmacy,"web, ws",1,1,1,23,3,0,0,1,1,2,123,1,10,0,12,0,0,0,0,0,0,0,0,0,1,5,1,1,1,36,134,0,179,44,38,82
PHY103__100,PHY103_Masked_199,Agriculture,web,0,0,0,13,0,0,0,1,1,1,88,0,1,0,6,0,0,0,0,0,0,0,0,0,0,0,0,0,0,9,102,0,111,48,28,76
PHY103_101,PHY103_Masked_200,Applied Medical Sciences,"web, ws",1,1,0,52,4,0,3,1,1,2,80,1,4,0,13,0,0,0,0,0,0,0,0,1,3,10,16,4,31,7,91,0,163,40,30,70
PHY103__101,PHY103_Masked_201,Pharmacy,"web, ws",1,1,0,10,1,0,1,1,1,0,53,1,13,0,26,0,0,0,0,0,0,0,0,0,0,0,5,0,15,27,62,0,109,45,40,85
PHY103_102,PHY103_Masked_202,Applied Medical Sciences,web,1,1,0,38,1,0,2,1,1,1,45,1,3,0,3,0,0,0,0,0,0,0,0,0,0,1,2,0,9,2,81,3,98,34,30,64
PHY103__102,PHY103_Masked_203,Pharmacy,web,0,0,0,14,2,0,1,1,1,2,70,0,0,0,1,0,0,0,0,0,0,0,0,0,0,0,0,1,1,0,90,0,92,24,26,50
PHY103_103,PHY103_Masked_204,Pharmacy,"web, ws",1,1,0,22,1,0,1,1,1,1,51,1,2,0,11,0,0,0,0,0,0,0,0,0,1,0,24,0,1,10,58,0,94,46,40,86
PHY103__103,PHY103_Masked_205,Applied Medical Sciences,"web, ws",1,1,0,16,3,0,2,1,1,1,45,1,0,0,16,0,0,0,0,0,0,0,0,0,1,0,5,0,1,19,62,0,88,31,28,59
PHY103_104,PHY103_Masked_206,Agriculture,"web, ws",4,4,0,21,0,0,2,1,1,3,53,3,0,1,12,0,0,0,0,0,0,0,0,0,0,5,2,1,0,25,69,3,105,37,13,50
PHY103__104,PHY103_Masked_207,Applied Medical Sciences,web,2,2,0,7,5,0,0,1,1,1,150,1,3,1,4,0,0,0,0,0,0,0,0,0,0,0,0,0,0,17,161,0,178,43,46,89
PHY103_105,PHY103_Masked_208,Agriculture,"web, ws",1,1,0,21,5,0,2,1,1,0,155,1,11,0,24,0,0,0,0,0,0,0,0,0,0,0,23,2,7,26,165,0,223,34,28,62
PHY103__105,PHY103_Masked_209,Pharmacy,"web, ws",1,1,0,33,3,0,0,1,1,1,82,1,0,0,13,0,0,0,0,0,0,0,0,0,1,5,14,0,10,12,94,1,137,42,36,78
PHY103_106,PHY103_Masked_210,Agriculture,web,1,1,0,10,4,0,0,1,0,1,112,1,2,0,3,0,0,0,0,0,0,0,0,0,0,1,0,0,1,11,123,0,136,35,28,63
PHY103__106,PHY103_Masked_211,Pharmacy,web,1,1,0,9,0,0,0,1,1,1,57,1,14,0,11,0,0,0,0,0,0,0,0,0,0,0,9,0,24,0,64,0,97,42,30,72
PHY103_107,PHY103_Masked_212,Pharmacy,"web, ws",1,1,0,13,5,0,0,1,1,1,143,1,2,0,11,0,0,0,0,0,0,0,0,0,0,0,1,0,1,21,157,0,180,43,24,67
PHY103__107,PHY103_Masked_213,Pharmacy,"web, ws",8,8,2,22,1,0,2,1,1,1,47,2,17,6,33,0,0,0,0,0,0,0,0,0,1,3,4,0,3,77,63,0,151,41,38,79
PHY103_108,PHY103_Masked_214,Agriculture,web,0,0,0,0,4,0,0,0,0,0,0,0,0,0,0,0,0,0,0,0,0,0,0,0,0,0,0,0,1,0,3,0,4,12,0,0
PHY103__108,PHY103_Masked_215,Agriculture,"web, ws",1,1,0,22,2,0,0,1,1,1,17,1,8,0,13,0,0,0,0,0,0,0,0,0,0,1,7,1,3,21,35,0,68,40,16,56
PHY103_109,PHY103_Masked_216,Pharmacy,web,0,0,0,11,4,0,0,2,2,2,30,0,0,0,13,0,0,0,0,0,0,0,0,0,0,0,5,1,2,16,35,5,64,20,16,36
PHY103__109,PHY103_Masked_217,Pharmacy,web,1,1,0,22,5,0,0,1,1,2,172,1,4,0,12,0,0,0,0,0,0,0,0,0,1,5,12,0,2,18,183,1,222,35,28,63
PHY103_110,PHY103_Masked_218,Agriculture,"web, ws",2,2,0,22,2,0,2,1,1,1,165,1,0,1,11,0,0,0,0,0,0,0,0,0,0,1,7,3,3,16,179,2,211,30,34,64
PHY103__110,PHY103_Masked_219,Applied Medical Sciences,web,0,0,0,7,1,0,0,1,1,1,17,0,14,0,2,0,0,0,0,0,0,0,0,0,0,0,0,0,0,18,26,0,44,37,16,53
PHY103_111,PHY103_Masked_220,Pharmacy,"web, ws",1,1,0,31,0,0,0,1,1,1,49,1,10,0,21,0,0,0,0,0,0,0,0,0,0,0,8,0,3,30,76,0,117,42,30,72
PHY103__111,PHY103_Masked_221,Pharmacy,"web, ws",3,3,0,10,1,0,7,1,1,1,91,2,15,1,13,0,0,0,0,0,0,0,0,0,1,0,1,0,2,36,109,0,149,42,28,70
PHY103_112,PHY103_Masked_222,Pharmacy,web,1,1,0,4,2,0,0,1,1,0,25,1,4,0,6,0,0,0,0,0,0,0,0,0,0,0,0,0,0,13,33,0,46,39,42,81
PHY103__112,PHY103_Masked_223,Pharmacy,"web, ws",1,1,0,18,10,1,6,1,1,1,35,1,2,0,14,0,0,0,0,0,0,0,0,0,0,1,7,2,5,23,54,0,92,22,18,40
PHY103_113,PHY103_Masked_224,Pharmacy,web,3,3,0,25,9,0,0,1,1,0,31,1,25,2,20,0,0,0,0,0,0,0,0,0,1,1,1,0,6,55,57,0,121,39,40,79
PHY103__113,PHY103_Masked_225,Applied Medical Sciences,web,1,1,0,25,15,0,0,1,1,1,33,1,27,0,14,0,0,0,0,0,0,0,0,0,0,0,4,0,0,63,53,0,120,43,22,65
PHY103_114,PHY103_Masked_226,Pharmacy,web,2,2,0,33,18,0,0,1,1,1,46,2,8,0,11,0,0,0,0,0,0,0,0,0,0,0,0,0,20,50,55,0,125,34,34,68
PHY103__114,PHY103_Masked_227,Pharmacy,"web, ws",1,1,0,12,1,0,0,1,1,1,65,1,7,0,8,0,0,0,0,0,0,0,0,0,0,0,2,0,0,19,78,0,99,44,26,70
PHY103_115,PHY103_Masked_228,Applied Medical Sciences,"web, ws",3,3,0,16,4,0,1,1,1,2,107,1,4,2,15,0,0,0,0,0,0,0,0,0,0,0,1,7,2,34,116,0,160,35,30,65
PHY103__115,PHY103_Masked_229,Agriculture,"web, ws",5,5,0,5,2,0,2,1,1,1,167,2,11,3,19,0,0,0,0,0,0,0,0,0,0,0,1,4,0,47,172,0,224,36,32,68
PHY103_116,PHY103_Masked_230,Pharmacy,web,1,1,0,9,0,0,0,1,1,2,98,1,4,0,3,0,0,0,0,0,0,0,0,0,0,4,0,0,0,11,106,0,121,43,40,83
PHY103__116,PHY103_Masked_231,Pharmacy,"web, ws",1,1,0,12,2,1,1,1,1,1,38,1,28,0,32,0,0,0,0,0,0,0,0,0,0,0,1,0,1,74,44,0,120,45,48,93
PHY103_117,PHY103_Masked_232,Applied Medical Sciences,web,2,2,0,13,4,0,1,1,1,1,15,1,3,1,16,0,0,0,0,0,0,0,0,0,0,0,3,6,6,18,25,3,61,27,26,53
PHY103__117,PHY103_Masked_233,Pharmacy,"web, ws",1,1,0,14,2,0,0,1,1,1,115,1,2,0,5,0,0,0,0,0,0,0,0,0,0,0,1,0,0,15,128,0,144,25,25,50
PHY103_118,PHY103_Masked_234,Applied Medical Sciences,"web, ws",2,2,0,13,2,0,1,1,1,1,79,2,5,0,31,0,0,0,0,0,0,0,0,0,0,0,10,0,22,19,89,0,140,34,30,64
PHY103__118,PHY103_Masked_235,Applied Medical Sciences,web,0,0,0,12,2,0,0,1,1,1,166,0,0,0,6,0,0,0,0,0,0,0,0,0,0,0,0,0,2,6,181,0,189,29,24,53
PHY103_119,PHY103_Masked_236,Applied Medical Sciences,"web, ws",1,1,0,11,4,0,0,1,1,0,98,1,0,0,7,0,0,0,0,0,0,0,0,0,0,8,0,0,2,12,103,0,125,31,22,53
PHY103__119,PHY103_Masked_237,Applied Medical Sciences,"web, ws",1,1,0,19,2,0,0,1,1,1,87,1,2,0,24,0,0,0,0,0,0,0,0,0,0,1,7,0,7,20,105,0,140,42,32,74
PHY103_120,PHY103_Masked_238,Applied Medical Sciences,"web, ws",1,1,0,10,2,0,4,2,2,3,135,1,0,0,13,0,0,0,0,0,0,0,0,0,0,0,0,1,3,37,133,0,174,42,24,66
PHY103__120,PHY103_Masked_239,Pharmacy,web,1,1,0,14,3,0,0,1,1,1,115,1,3,0,6,0,0,0,0,0,0,0,0,0,1,6,1,0,3,13,122,1,147,46,32,78
PHY103_121,PHY103_Masked_240,Applied Medical Sciences,"web, ws",1,1,0,32,2,0,0,1,1,1,78,1,31,0,33,0,0,0,0,0,0,0,0,0,1,11,4,0,33,39,94,0,182,38,32,70
PHY103__121,PHY103_Masked_241,Pharmacy,"web, ws",1,1,0,13,2,0,0,1,1,1,67,1,2,0,5,0,0,0,0,0,0,0,0,0,0,3,8,0,0,10,73,1,95,45,24,69
PHY103_122,PHY103_Masked_242,Applied Medical Sciences,"web, ws",3,3,0,4,3,0,3,1,1,1,61,2,32,1,17,0,0,0,0,0,0,0,0,0,0,0,0,0,3,61,68,0,132,27,23,50
PHY103__122,PHY103_Masked_243,Agriculture,web,3,3,0,39,7,0,0,1,1,1,142,2,13,1,34,0,0,0,0,0,0,0,0,0,2,9,5,20,12,52,147,0,247,36,38,74
PHY103_123,PHY103_Masked_244,Pharmacy,web,1,1,0,13,9,0,0,1,1,1,61,1,18,0,12,0,0,0,0,0,0,0,0,0,0,1,8,0,1,33,76,0,119,46,32,78
PHY103__123,PHY103_Masked_245,Pharmacy,web,1,1,0,24,0,0,0,1,1,1,151,1,6,0,13,0,0,0,0,0,0,0,0,0,0,4,4,0,2,30,160,0,200,46,36,82
PHY103_124,PHY103_Masked_246,Agriculture,web,1,1,0,46,2,0,0,1,1,2,75,1,2,0,18,0,0,0,0,0,0,0,0,0,1,10,9,2,10,31,87,0,150,39,24,63
PHY103__124,PHY103_Masked_247,Agriculture,"web, ws",1,1,0,6,4,0,2,2,2,5,150,1,2,0,10,0,0,0,0,0,0,0,0,0,0,0,1,0,1,37,147,0,186,41,26,67
PHY103_125,PHY103_Masked_248,Applied Medical Sciences,"web, ws",3,3,0,34,1,0,0,1,1,1,57,3,11,0,17,0,0,0,0,0,0,0,0,0,0,3,6,1,0,51,71,0,132,32,26,58
PHY103__125,PHY103_Masked_249,Pharmacy,"web, ws",1,1,1,41,14,0,0,1,1,1,52,1,4,0,35,0,0,0,0,0,0,0,0,0,1,1,1,0,12,42,90,6,153,38,38,76
PHY103_126,PHY103_Masked_250,Pharmacy,"web, ws",2,2,0,13,6,0,6,0,0,0,0,1,0,1,18,0,0,0,0,0,0,0,0,0,0,0,3,0,4,28,12,2,49,20,32,52
PHY103__126,PHY103_Masked_251,Pharmacy,"web, ws",1,1,0,14,2,0,0,1,1,1,69,1,0,0,6,0,0,0,0,0,0,0,0,0,0,0,0,0,1,11,85,0,97,42,34,76
PHY103_127,PHY103_Masked_252,Pharmacy,web,0,0,0,18,5,0,0,1,1,1,15,0,2,0,2,0,0,0,0,0,0,0,0,0,2,4,4,0,3,6,26,0,45,33,22,55
PHY103__127,PHY103_Masked_253,Agriculture,web,1,1,0,16,3,0,0,1,1,1,73,1,24,0,11,0,0,0,0,0,0,0,0,0,0,5,3,1,4,34,86,0,133,20,38,58
PHY103_128,PHY103_Masked_254,Agriculture,web,0,0,0,28,5,0,0,1,1,1,170,0,0,0,9,0,0,0,0,0,0,0,0,0,1,1,13,6,1,6,184,3,215,29,30,59
PHY103__128,PHY103_Masked_255,Pharmacy,web,2,2,0,22,0,0,0,1,1,1,15,2,5,0,16,0,0,0,0,0,0,0,0,0,0,7,0,6,0,23,24,7,67,30,50,80
PHY103_129,PHY103_Masked_256,Agriculture,"web, ws",1,1,0,16,1,0,0,1,1,1,27,1,7,0,16,0,0,0,0,0,0,0,0,2,1,0,11,2,6,17,33,1,73,26,14,40
PHY103__129,PHY103_Masked_257,Pharmacy,web,1,1,0,21,0,0,0,1,1,1,96,1,6,0,4,0,0,0,0,0,0,0,0,0,0,0,9,0,0,15,109,0,133,46,28,74
PHY103_130,PHY103_Masked_258,Applied Medical Sciences,web,3,3,0,6,1,0,0,1,1,2,54,1,22,2,16,0,0,0,0,0,0,0,0,0,0,0,0,0,9,41,62,0,112,41,28,69
PHY103__130,PHY103_Masked_259,Applied Medical Sciences,web,1,1,0,3,1,0,0,1,1,2,38,1,7,0,8,0,0,0,0,0,0,0,0,0,0,0,1,0,1,18,44,0,64,24,30,54
PHY103_131,PHY103_Masked_260,Applied Medical Sciences,"web, ws",3,3,0,20,2,0,0,1,1,1,101,3,8,0,46,0,0,0,0,0,0,0,0,0,2,2,0,0,14,57,114,0,189,46,20,66
PHY103__131,PHY103_Masked_261,Agriculture,"web, ws",3,3,0,32,2,0,4,1,1,2,246,2,3,1,20,0,0,0,0,0,0,0,0,0,2,0,6,1,9,25,275,2,320,21,30,51
PHY103_132,PHY103_Masked_262,Pharmacy,"web, ws",2,2,0,20,11,0,0,1,1,0,62,1,1,1,18,0,0,0,0,0,0,0,0,0,0,0,7,0,13,26,74,0,120,32,34,66
PHY103__132,PHY103_Masked_263,Pharmacy,"web, ws",1,1,0,26,2,0,0,1,1,1,41,1,5,0,12,0,0,0,0,0,0,0,0,0,0,0,0,1,23,17,51,0,92,39,22,61
PHY103_133,PHY103_Masked_264,Pharmacy,"web, ws",1,1,0,11,9,0,7,1,1,1,141,1,0,0,14,0,0,0,0,0,0,0,0,0,0,1,4,1,4,23,153,2,188,44,24,68
PHY103__133,PHY103_Masked_265,Pharmacy,web,1,1,0,8,8,0,0,1,1,1,106,1,10,0,9,0,0,0,0,0,0,0,0,0,0,0,1,0,1,22,123,0,147,29,26,55
PHY103_134,PHY103_Masked_266,Pharmacy,web,1,1,0,28,3,0,0,1,1,1,84,1,8,0,21,0,0,0,0,0,0,0,0,0,0,0,0,0,1,47,102,0,150,42,34,76
PHY103__134,PHY103_Masked_267,Pharmacy,"web, ws",1,1,0,15,0,0,1,1,1,1,67,1,2,0,7,0,0,0,0,0,0,0,0,0,0,8,3,1,1,10,75,0,98,33,28,61
PHY103_135,PHY103_Masked_268,Pharmacy,web,3,3,1,7,2,0,1,1,1,1,36,1,4,2,13,0,0,0,0,0,0,0,0,0,0,0,2,5,21,7,41,0,76,28,42,70
PHY103__135,PHY103_Masked_269,Pharmacy,"web, ws",2,2,0,16,4,0,0,1,1,0,148,1,7,1,9,0,0,0,0,0,0,0,0,0,0,0,2,1,0,26,162,1,192,42,40,82
PHY103_136,PHY103_Masked_270,Agriculture,web,1,1,0,33,9,0,0,1,1,1,99,1,7,0,6,0,0,0,0,0,0,0,0,0,0,3,4,1,2,24,126,0,160,24,34,58
PHY103__136,PHY103_Masked_271,Agriculture,"web, ws",0,0,0,4,4,0,0,1,1,1,49,0,0,0,6,0,0,0,0,0,0,0,0,0,0,0,2,0,2,6,55,1,66,45,24,69
PHY103_137,PHY103_Masked_272,Pharmacy,web,1,1,0,66,2,0,0,1,1,1,18,1,9,0,28,0,0,0,0,0,0,0,0,0,2,11,9,17,8,31,51,0,129,44,38,82
PHY103__137,PHY103_Masked_273,Agriculture,web,1,1,0,26,5,0,0,1,1,3,66,1,2,0,7,0,0,0,0,0,0,0,0,0,0,3,4,0,3,18,85,1,114,29,48,77
PHY103_138,PHY103_Masked_274,Pharmacy,"web, ws",2,2,0,3,0,0,0,1,1,0,107,2,4,0,23,0,0,0,0,0,0,0,0,0,0,0,1,0,0,32,112,0,145,36,32,68
PHY103__138,PHY103_Masked_275,Applied Medical Sciences,web,1,1,0,5,9,0,0,1,1,0,52,1,8,0,4,0,0,0,0,0,0,0,0,0,0,0,0,0,1,23,59,0,83,41,38,79
PHY103_139,PHY103_Masked_276,Applied Medical Sciences,"web, ws",1,1,0,37,4,0,0,1,1,1,54,1,12,0,21,0,0,0,0,0,0,0,0,0,0,4,12,3,20,30,64,1,134,31,42,73
PHY103__139,PHY103_Masked_277,Applied Medical Sciences,web,1,1,0,6,9,0,0,1,1,1,21,1,2,0,2,0,0,0,0,0,0,0,0,0,0,0,0,0,0,11,35,0,46,29,30,59
PHY103_140,PHY103_Masked_278,Applied Medical Sciences,"web, ws",4,4,0,27,6,0,0,1,1,1,84,1,17,3,15,0,0,0,0,0,0,0,0,0,0,0,5,1,2,49,107,0,164,35,34,69
PHY103__140,PHY103_Masked_279,Agriculture,web,1,1,0,7,5,0,0,1,1,0,56,1,3,0,12,0,0,0,0,0,0,0,0,0,0,2,0,0,1,22,63,0,88,30,24,54
PHY103_141,PHY103_Masked_280,Pharmacy,"web, ws",1,1,0,22,3,0,6,2,2,3,119,1,9,0,6,0,0,0,0,0,0,0,0,0,1,3,0,0,1,32,138,0,175,30,36,66
PHY103__141,PHY103_Masked_281,Agriculture,web,2,2,0,60,4,0,1,1,1,0,33,2,14,0,25,0,0,0,0,0,0,0,0,0,4,17,9,0,15,42,53,5,145,31,19,50
PHY103_142,PHY103_Masked_282,Pharmacy,"web, ws",3,3,0,6,4,0,2,1,1,0,138,3,6,0,18,0,0,0,0,0,0,0,0,0,0,0,0,0,1,33,151,0,185,38,36,74
PHY103__142,PHY103_Masked_283,Pharmacy,"web, ws",1,1,0,9,2,0,0,1,1,1,104,1,3,0,5,0,0,0,0,0,0,0,0,0,0,0,0,0,11,2,116,0,129,39,32,71
PHY103_143,PHY103_Masked_284,Agriculture,"web, ws",2,2,0,35,7,0,1,1,1,1,105,1,6,1,9,0,0,0,0,0,0,0,0,0,0,0,5,1,3,21,140,2,172,41,26,67
PHY103__143,PHY103_Masked_285,Pharmacy,"web, ws",3,3,0,9,0,0,0,1,1,1,112,3,0,0,8,0,0,0,0,0,0,0,0,0,0,0,5,1,0,15,120,0,141,37,24,61
PHY103_144,PHY103_Masked_286,Pharmacy,web,2,2,0,20,5,0,0,1,1,0,66,1,23,1,12,0,0,0,0,0,0,0,0,0,0,0,10,0,43,3,78,0,134,40,40,80
PHY103__144,PHY103_Masked_287,Pharmacy,web,3,3,0,11,2,0,0,1,1,1,16,2,9,1,8,0,0,0,0,0,0,0,0,0,0,3,0,0,3,27,25,0,58,33,24,57
PHY103_145,PHY103_Masked_288,Pharmacy,"web, ws",1,1,0,70,3,0,1,1,1,1,135,1,0,0,20,0,0,0,0,0,0,0,0,3,18,8,15,4,14,7,166,0,235,47,50,97
PHY103__145,PHY103_Masked_289,Pharmacy,"web, ws",1,1,0,11,4,0,0,1,1,0,85,1,6,0,15,0,0,0,0,0,0,0,0,0,0,2,3,5,7,14,94,1,126,40,36,76
PHY103_146,PHY103_Masked_290,Agriculture,web,2,2,0,17,2,0,0,1,1,1,47,1,25,1,14,0,0,0,0,0,0,0,0,0,1,0,0,4,5,41,63,0,114,37,18,55
PHY103__146,PHY103_Masked_291,Pharmacy,"web, ws",4,4,0,37,4,0,0,1,1,1,81,3,14,1,22,0,0,0,0,0,0,0,0,0,0,1,0,1,1,50,120,0,173,40,22,62
PHY103_147,PHY103_Masked_292,Pharmacy,ws,0,0,0,22,4,0,3,2,2,6,118,0,0,0,3,0,0,0,0,0,0,0,0,0,0,6,5,2,4,20,123,0,160,32,30,62
PHY103__147,PHY103_Masked_293,Applied Medical Sciences,web,1,1,1,30,4,0,0,1,1,1,85,1,11,0,15,0,0,0,0,0,0,0,0,0,0,0,10,8,3,28,103,0,152,39,30,69
PHY103_148,PHY103_Masked_294,Agriculture,"web, ws",10,10,0,19,4,0,0,1,1,1,48,1,14,9,46,0,0,0,0,0,0,0,0,0,1,0,12,0,6,83,62,0,164,38,36,74
PHY103__148,PHY103_Masked_295,Applied Medical Sciences,web,2,2,0,28,4,0,5,1,1,2,114,1,15,1,12,0,0,0,0,0,0,0,0,0,0,6,3,1,2,39,137,0,188,30,34,64
PHY103_149,PHY103_Masked_296,Pharmacy,web,1,1,0,26,1,0,0,1,1,1,158,1,6,0,11,0,0,0,0,0,0,0,0,0,1,4,7,3,5,15,173,0,208,43,36,79
PHY103__149,PHY103_Masked_297,Agriculture,"web, ws",3,3,0,34,2,0,1,1,1,0,19,3,8,0,21,0,0,0,0,0,0,0,0,0,3,0,1,0,14,29,49,0,96,45,42,87
PHY103_150,PHY103_Masked_298,Applied Medical Sciences,"web, ws",1,1,0,10,2,0,1,1,1,1,74,1,14,0,8,0,0,0,0,0,0,0,0,0,0,0,0,0,1,26,88,0,115,33,18,51
PHY103__150,PHY103_Masked_299,Pharmacy,"web, ws",1,1,0,10,4,0,2,1,1,2,153,1,0,0,5,0,0,0,0,0,0,0,0,0,0,4,4,0,4,7,162,0,181,40,28,68
PHY103_151,PHY103_Masked_300,Pharmacy,web,2,2,0,11,5,0,0,1,1,1,87,2,18,0,18,0,0,0,0,0,0,0,0,0,0,3,4,4,3,37,97,0,148,43,42,85
PHY103__151,PHY103_Masked_301,Pharmacy,"web, ws",2,2,0,15,4,0,5,1,1,1,72,2,7,0,8,0,0,0,0,0,0,0,0,0,0,0,1,0,2,25,92,0,120,37,20,57
PHY103_152,PHY103_Masked_302,Agriculture,web,1,1,0,12,3,0,0,1,1,1,117,1,3,0,7,0,0,0,0,0,0,0,0,0,0,2,2,0,3,13,128,0,148,39,22,61
PHY103__152,PHY103_Masked_303,Applied Medical Sciences,"web, ws",1,1,0,12,4,0,0,1,1,2,114,1,0,0,19,0,0,0,0,0,0,0,0,1,0,1,1,0,8,14,124,7,156,46,40,86
PHY103_153,PHY103_Masked_304,Pharmacy,"web, ws",0,0,0,7,2,0,0,1,1,1,61,0,0,0,0,0,0,0,0,0,0,0,0,0,0,0,2,0,1,1,67,2,73,44,36,80
PHY103__153,PHY103_Masked_305,Agriculture,"web, ws",1,1,0,14,2,0,13,1,1,3,74,1,0,0,18,0,0,0,0,0,0,0,0,0,0,0,9,3,1,24,89,3,129,31,22,53
PHY103_154,PHY103_Masked_306,Pharmacy,ws,1,1,0,5,4,0,5,1,1,3,205,1,0,0,24,0,0,0,0,0,0,0,0,3,0,0,9,4,4,19,212,0,251,36,26,62
PHY103__154,PHY103_Masked_307,Pharmacy,"web, ws",1,1,0,17,2,0,1,1,1,1,97,1,0,0,18,0,0,0,0,0,0,0,0,0,0,0,1,4,2,14,115,5,141,36,32,68
PHY103_155,PHY103_Masked_308,Pharmacy,web,2,2,0,2,4,0,0,1,1,1,68,1,11,1,8,0,0,0,0,0,0,0,0,0,0,0,2,0,6,21,73,0,102,27,30,57
PHY103__155,PHY103_Masked_309,Pharmacy,"web, ws",2,2,0,16,1,0,0,1,1,1,169,2,0,0,7,0,0,0,0,0,0,0,0,0,2,1,3,0,0,13,183,0,202,38,36,74
PHY103_156,PHY103_Masked_310,Pharmacy,web,1,1,0,5,0,0,0,1,1,1,72,1,7,0,3,0,0,0,0,0,0,0,0,0,0,1,0,0,0,13,79,0,93,46,22,68
PHY103__156,PHY103_Masked_311,Agriculture,"web, ws",2,2,0,32,9,0,2,1,1,2,46,2,2,0,20,0,0,0,0,0,0,0,0,0,0,12,8,1,1,28,70,1,121,42,50,92
PHY103_157,PHY103_Masked_312,Pharmacy,"web, ws",1,1,0,18,1,0,0,1,1,1,87,1,1,0,2,0,0,0,0,0,0,0,0,0,0,0,0,0,1,8,106,0,115,38,26,64
PHY103__157,PHY103_Masked_313,Pharmacy,"web, ws",2,2,0,12,4,0,1,1,1,0,26,2,13,0,11,0,0,0,0,0,0,0,0,0,0,0,12,0,1,31,31,0,75,40,30,70
PHY103_158,PHY103_Masked_314,Agriculture,web,1,1,0,11,10,0,0,1,1,1,77,1,5,0,9,0,0,0,0,0,0,0,0,0,0,3,6,0,2,21,86,0,118,24,20,44
PHY103__158,PHY103_Masked_315,Agriculture,web,2,2,0,16,5,0,1,1,1,1,103,2,14,0,25,0,0,0,0,0,0,0,0,0,0,1,0,0,3,49,120,0,173,42,26,68
PHY103_159,PHY103_Masked_316,Pharmacy,"web, ws",1,1,0,17,4,0,0,1,1,1,59,1,7,0,8,0,0,0,0,0,0,0,0,0,0,0,8,1,0,18,74,0,101,38,24,62
PHY103__159,PHY103_Masked_317,Agriculture,"web, ws",1,1,0,21,0,0,6,1,1,1,52,1,4,0,15,0,0,0,0,0,0,0,0,0,0,2,3,0,3,23,72,1,104,41,22,63
PHY103_160,PHY103_Masked_318,Pharmacy,web,1,1,0,8,6,0,0,1,1,1,59,1,3,0,12,0,0,0,0,0,0,0,0,0,0,0,4,0,6,16,67,1,94,40,10,50
PHY103__160,PHY103_Masked_319,Applied Medical Sciences,web,1,1,0,22,4,0,0,1,1,1,103,1,10,0,21,0,0,0,0,0,0,0,0,0,0,2,0,0,10,27,127,0,166,27,40,67
PHY103_161,PHY103_Masked_320,Agriculture,"web, ws",4,4,0,7,3,0,0,1,0,1,80,1,37,3,12,0,0,0,0,0,0,0,0,0,0,0,0,0,9,58,86,0,153,37,18,55
PHY103__161,PHY103_Masked_321,Pharmacy,"web, ws",2,2,0,11,3,0,0,2,2,1,161,2,4,0,5,0,0,0,0,0,0,0,0,0,0,0,0,0,0,38,157,0,195,45,34,79
PHY103_162,PHY103_Masked_322,Agriculture,"web, ws",1,1,1,21,3,0,0,1,1,2,114,1,10,0,27,0,0,0,0,0,0,0,0,1,0,0,8,4,11,27,132,0,183,39,30,69
PHY103__162,PHY103_Masked_323,Pharmacy,web,1,1,0,17,4,0,0,1,1,1,54,1,9,0,3,0,0,0,0,0,0,0,0,1,1,0,5,0,1,20,65,0,93,46,36,82
PHY103_163,PHY103_Masked_324,Pharmacy,"web, ws",1,1,0,18,3,0,0,1,1,6,277,1,0,0,20,0,0,0,0,0,0,0,0,0,1,0,6,1,4,20,296,1,329,28,34,62
PHY103__163,PHY103_Masked_325,Agriculture,"web, ws",1,1,0,13,3,0,0,1,1,8,156,1,6,0,13,0,0,0,0,0,0,0,0,0,1,3,1,1,3,21,172,2,204,37,42,79
PHY103_164,PHY103_Masked_326,Pharmacy,"web, ws",1,1,0,16,4,0,3,1,1,1,35,1,3,0,10,0,0,0,0,0,0,0,0,0,0,0,1,1,1,18,55,1,77,41,32,73
PHY103__164,PHY103_Masked_327,Pharmacy,"web, ws",3,3,0,23,2,0,4,1,1,0,80,3,5,0,21,0,0,0,0,0,0,0,0,0,0,5,5,12,14,22,88,0,146,44,46,90
PHY103_165,PHY103_Masked_328,Agriculture,web,1,1,0,43,4,0,0,1,1,0,189,1,3,0,18,0,0,0,0,0,0,0,0,0,2,3,8,1,5,11,231,1,262,29,21,50
PHY103__165,PHY103_Masked_329,Agriculture,web,1,1,0,15,0,0,0,1,1,1,44,1,2,0,10,0,0,0,0,0,0,0,0,0,0,3,0,1,5,10,58,0,77,33,44,77
PHY103_166,PHY103_Masked_330,Pharmacy,web,2,2,0,7,0,0,0,1,1,1,103,2,16,0,12,0,0,0,0,0,0,0,0,0,0,0,0,0,0,34,113,0,147,28,28,56
PHY103__166,PHY103_Masked_331,Pharmacy,"web, ws",1,1,0,7,1,0,0,1,1,1,102,1,6,0,3,0,0,0,0,0,0,0,0,0,0,0,0,0,1,13,111,0,125,46,26,72
PHY103_167,PHY103_Masked_332,Pharmacy,web,2,2,0,4,2,0,0,1,1,1,57,2,8,0,13,0,0,0,0,0,0,0,0,0,0,0,3,0,26,0,64,0,93,34,26,60
PHY103__167,PHY103_Masked_333,Pharmacy,"web, ws",1,1,0,8,5,0,1,1,1,2,76,1,3,0,13,0,0,0,0,0,0,0,0,0,0,1,3,1,2,22,84,0,113,42,26,68
PHY103_168,PHY103_Masked_334,Applied Medical Sciences,"web, ws",1,1,0,35,4,0,0,1,1,1,102,1,2,0,30,0,0,0,0,0,0,0,0,0,0,3,3,0,11,30,132,0,179,37,34,71
PHY103__168,PHY103_Masked_335,Pharmacy,web,0,0,0,21,4,0,0,1,1,2,61,0,1,0,9,0,0,0,0,0,0,0,0,0,0,2,7,0,1,13,75,2,100,42,38,80
PHY103_169,PHY103_Masked_336,Pharmacy,web,1,1,0,12,1,0,0,1,1,1,44,1,7,0,7,0,0,0,0,0,0,0,0,0,0,1,1,0,3,19,53,0,77,45,30,75
PHY103__169,PHY103_Masked_337,Applied Medical Sciences,"web, ws",2,2,0,11,2,0,3,1,1,0,130,2,18,0,36,0,0,0,0,0,0,0,0,0,1,0,8,11,1,41,146,0,208,30,26,56
PHY103_170,PHY103_Masked_338,Pharmacy,"web, ws",1,1,0,15,0,0,1,0,0,0,0,1,0,0,9,0,0,0,0,0,0,0,0,1,2,11,9,0,0,5,0,0,28,2,48,50
PHY103__170,PHY103_Masked_339,Pharmacy,"web, ws",0,0,0,5,1,0,4,1,1,6,85,0,0,0,2,0,0,0,0,0,0,0,0,0,0,0,1,0,0,4,100,0,105,23,34,57
PHY103_171,PHY103_Masked_340,Agriculture,"web, ws",1,1,0,26,1,0,0,1,1,0,105,1,0,0,5,0,0,0,0,0,0,0,0,1,0,5,1,2,2,15,116,0,142,39,34,73
PHY103__171,PHY103_Masked_341,Applied Medical Sciences,web,2,2,0,6,4,0,0,1,1,1,106,2,23,0,21,0,0,0,0,0,0,0,0,0,0,1,0,0,1,50,117,0,169,37,28,65
PHY103_172,PHY103_Masked_342,Applied Medical Sciences,"web, ws",1,1,0,26,9,0,0,1,1,1,46,1,3,0,17,0,0,0,0,0,0,0,0,0,3,8,19,0,2,18,57,0,107,26,42,68
PHY103__172,PHY103_Masked_343,Pharmacy,web,0,0,0,4,0,0,0,0,0,0,0,0,8,0,7,0,0,0,0,0,0,0,0,0,0,1,0,0,1,1,1,15,19,12,28,40
PHY103_173,PHY103_Masked_344,Applied Medical Sciences,web,1,1,0,26,6,0,0,1,1,1,100,1,4,0,7,0,0,0,0,0,0,0,0,0,0,7,1,0,2,20,119,0,149,30,32,62
PHY103__173,PHY103_Masked_345,Agriculture,web,0,0,0,11,5,0,1,2,2,2,40,0,0,0,0,0,0,0,0,0,0,0,0,0,0,1,0,0,4,18,40,0,63,38,42,80
PHY103_174,PHY103_Masked_346,Applied Medical Sciences,web,1,1,0,31,0,0,0,1,1,1,112,1,6,0,23,0,0,0,0,0,0,0,0,1,1,5,4,1,8,25,132,1,178,24,26,50
PHY103__174,PHY103_Masked_347,Agriculture,"web, ws",2,2,0,15,4,0,0,1,1,1,110,2,10,0,14,0,0,0,0,0,0,0,0,0,0,1,8,2,2,30,119,0,162,43,42,85
PHY103_175,PHY103_Masked_348,Pharmacy,web,1,1,0,83,12,0,0,1,1,0,23,1,5,0,29,0,0,0,0,0,0,0,0,0,2,14,14,12,11,33,60,11,157,38,44,82
PHY103__175,PHY103_Masked_349,Agriculture,web,1,1,0,22,5,0,0,1,1,1,29,1,13,0,4,0,0,0,0,0,0,0,0,0,0,0,1,0,1,24,53,0,79,36,30,66
PHY103_176,PHY103_Masked_350,Agriculture,web,0,0,0,24,3,0,0,1,1,0,126,0,0,0,2,0,0,0,0,0,0,0,0,0,1,11,4,1,1,2,137,0,157,33,26,59
PHY103__176,PHY103_Masked_351,Pharmacy,"web, ws",2,2,0,19,0,0,0,1,1,1,62,1,3,1,31,0,0,0,0,0,0,0,0,0,0,0,8,0,7,31,78,0,124,46,46,92
PHY103_177,PHY103_Masked_352,Agriculture,"web, ws",2,2,0,20,6,0,9,2,2,5,49,1,1,1,24,0,0,0,0,0,0,0,0,0,0,4,10,1,2,49,57,1,124,40,32,72
PHY103__177,PHY103_Masked_353,Agriculture,"web, ws",2,2,0,25,7,0,0,1,1,1,62,2,10,0,11,0,0,0,0,0,0,0,0,0,0,6,1,0,15,29,67,6,124,30,30,60
PHY103_178,PHY103_Masked_354,Applied Medical Sciences,"web, ws",2,2,0,12,3,0,1,1,1,1,153,2,4,0,10,0,0,0,0,0,0,0,0,0,0,5,3,0,3,19,162,0,192,36,24,60
PHY103__178,PHY103_Masked_355,Pharmacy,"web, ws",1,1,0,15,1,0,1,1,1,1,70,1,5,0,10,0,0,0,0,0,0,0,0,0,0,4,1,0,1,18,83,1,108,46,28,74
PHY103_179,PHY103_Masked_356,Applied Medical Sciences,web,1,1,0,31,9,0,2,1,1,2,288,1,3,0,23,0,0,0,0,0,0,0,0,0,0,1,1,0,2,57,302,0,363,40,34,74
PHY103__179,PHY103_Masked_357,Pharmacy,"web, ws",1,1,0,5,1,0,0,1,1,2,111,1,2,0,8,0,0,0,0,0,0,0,0,0,0,0,0,0,0,15,119,0,134,46,20,66
PHY103_180,PHY103_Masked_358,Applied Medical Sciences,"web, ws",1,1,0,16,8,0,0,1,1,1,75,1,6,0,4,0,0,0,0,0,0,0,0,0,0,0,1,0,0,33,81,0,115,29,24,53
PHY103__180,PHY103_Masked_359,Pharmacy,"web, ws",1,1,0,2,1,0,0,0,0,0,0,1,0,0,7,0,0,0,0,0,0,0,0,0,0,0,0,0,1,6,6,0,13,18,32,50
PHY103_181,PHY103_Masked_360,Pharmacy,web,1,1,0,19,4,0,0,1,1,1,55,1,9,0,10,0,0,0,0,0,0,0,0,0,0,0,3,2,0,23,75,0,103,43,34,77
PHY103__181,PHY103_Masked_361,Pharmacy,web,0,0,0,13,1,0,0,1,1,0,90,0,2,0,2,0,0,0,0,0,0,0,0,0,0,3,3,0,3,4,97,0,110,36,24,60
PHY103_182,PHY103_Masked_362,Pharmacy,web,1,1,0,12,0,0,0,1,1,0,38,1,6,0,6,0,0,0,0,0,0,0,0,0,0,6,2,0,0,15,44,0,67,33,50,83
PHY103__182,PHY103_Masked_363,Applied Medical Sciences,web,2,2,0,15,9,0,0,1,1,1,57,1,34,1,19,0,0,0,0,0,0,0,0,0,0,2,0,1,11,60,68,1,143,22,44,66
PHY103_183,PHY103_Masked_364,Pharmacy,"web, ws",0,0,0,7,3,0,2,1,1,1,39,0,0,0,3,0,0,0,0,0,0,0,0,0,0,0,1,0,2,5,49,0,57,25,16,41
PHY103__183,PHY103_Masked_365,Agriculture,web,1,1,0,13,4,0,0,1,1,1,24,1,8,0,4,0,0,0,0,0,0,0,0,0,0,0,0,0,1,21,36,1,59,32,44,76
PHY103_184,PHY103_Masked_366,Pharmacy,"web, ws",2,2,0,19,2,0,0,1,1,0,45,2,7,0,15,0,0,0,0,0,0,0,0,0,1,0,4,8,4,22,57,0,96,48,30,78
PHY103__184,PHY103_Masked_367,Pharmacy,"web, ws",1,1,0,19,4,0,0,1,1,1,116,1,0,0,12,0,0,0,0,0,0,0,0,0,0,0,0,0,2,22,133,0,157,41,36,77
PHY103_185,PHY103_Masked_368,Pharmacy,web,0,0,0,20,7,0,0,1,1,0,26,0,7,0,8,0,0,0,0,0,0,0,0,0,1,0,17,0,12,1,39,0,70,38,26,64
PHY103__185,PHY103_Masked_369,Pharmacy,"web, ws",0,0,0,9,4,0,0,1,1,1,66,0,0,0,5,0,0,0,0,0,0,0,0,0,0,3,1,0,1,7,75,0,87,45,42,87
PHY103_186,PHY103_Masked_370,Pharmacy,ws,2,2,0,3,0,0,0,1,1,1,189,1,0,1,14,0,0,0,0,0,0,0,0,0,0,1,0,0,10,10,194,0,215,48,0,0
PHY103__186,PHY103_Masked_371,Pharmacy,ws,2,2,0,10,3,0,0,1,1,1,17,2,0,0,15,0,0,0,0,0,0,0,0,0,2,0,2,0,4,20,26,0,54,41,32,73
PHY103_187,PHY103_Masked_372,Applied Medical Sciences,web,1,1,0,16,8,0,0,1,1,2,88,1,8,0,8,0,0,0,0,0,0,0,0,0,0,0,9,0,8,18,100,0,135,32,36,68
PHY103__187,PHY103_Masked_373,Pharmacy,"web, ws",1,1,0,48,0,0,0,1,1,0,55,1,8,0,20,0,0,0,0,0,0,0,0,0,0,25,5,0,20,19,66,1,136,34,30,64
PHY103_188,PHY103_Masked_374,Agriculture,web,1,1,0,9,10,0,0,1,1,1,70,1,14,0,5,0,0,0,0,0,0,0,0,0,0,0,0,0,1,36,77,0,114,37,28,65
PHY103__188,PHY103_Masked_375,Applied Medical Sciences,"web, ws",3,3,0,26,5,0,1,1,1,1,145,2,11,1,16,0,0,0,0,0,0,0,0,0,0,1,7,0,1,40,167,0,216,37,24,61
PHY103_189,PHY103_Masked_376,Agriculture,web,1,1,0,7,6,0,0,1,1,2,90,1,2,0,3,0,0,0,0,0,0,0,0,0,0,4,0,0,0,13,98,0,115,33,10,43
PHY103__189,PHY103_Masked_377,Agriculture,web,1,1,0,18,8,0,0,1,1,3,22,1,6,0,14,0,0,0,0,0,0,0,0,0,2,0,0,11,22,5,35,1,76,19,46,65
PHY103_190,PHY103_Masked_378,Pharmacy,"web, ws",1,1,0,31,4,0,1,1,1,2,42,1,5,0,26,0,0,0,0,0,0,0,0,0,0,1,2,20,14,25,54,0,116,41,28,69
PHY103__190,PHY103_Masked_379,Agriculture,"web, ws",1,1,0,7,1,0,0,1,1,1,124,1,1,0,5,0,0,0,0,0,0,0,0,0,0,0,1,1,0,11,131,0,144,35,0,0
PHY103_191,PHY103_Masked_380,Agriculture,"web, ws",1,1,0,17,4,0,1,1,1,1,53,1,18,0,18,0,0,0,0,0,0,0,0,0,0,3,7,0,4,33,70,0,117,37,14,51
PHY103__191,PHY103_Masked_381,Applied Medical Sciences,web,1,1,0,19,2,0,0,1,1,0,86,1,14,0,10,0,0,0,0,0,0,0,0,0,0,4,3,0,0,27,102,0,136,40,42,82
PHY103_192,PHY103_Masked_382,Pharmacy,"web, ws",3,3,0,5,2,0,0,1,1,1,161,3,0,0,3,0,0,0,0,0,0,0,0,0,0,0,0,0,1,12,170,0,183,31,22,53
PHY103__192,PHY103_Masked_383,Agriculture,web,1,1,0,23,7,0,0,1,1,1,50,1,4,0,4,0,0,0,0,0,0,0,0,0,0,0,1,0,11,13,69,0,94,37,24,61
PHY103_193,PHY103_Masked_384,Agriculture,web,2,2,0,20,9,0,0,1,1,1,128,2,25,0,19,0,0,0,0,0,0,0,0,0,0,8,6,0,7,50,139,0,210,23,38,61
PHY103__193,PHY103_Masked_385,Pharmacy,"web, ws",1,1,0,13,0,0,7,1,1,1,70,1,15,0,8,0,0,0,0,0,0,0,0,0,2,3,0,0,2,27,82,3,119,41,26,67
PHY103_194,PHY103_Masked_386,Pharmacy,web,1,1,0,18,4,0,0,1,1,1,75,1,11,0,16,0,0,0,0,0,0,0,0,0,0,6,5,1,5,29,84,0,130,40,32,72
PHY103__194,PHY103_Masked_387,Applied Medical Sciences,"web, ws",7,7,0,4,0,0,0,1,1,1,15,3,2,4,14,0,0,0,0,0,0,0,0,0,0,0,1,0,0,39,19,0,59,35,22,57
PHY103_195,PHY103_Masked_388,Applied Medical Sciences,web,0,0,0,2,0,0,0,1,1,1,21,0,0,0,0,0,0,0,0,0,0,0,0,0,0,0,0,0,0,0,26,0,26,39,20,59
PHY103__195,PHY103_Masked_389,Applied Medical Sciences,web,1,1,0,2,2,0,0,1,1,1,78,1,4,0,2,0,0,0,0,0,0,0,0,0,0,0,0,0,1,10,83,0,94,32,30,62
PHY103_196,PHY103_Masked_390,Pharmacy,web,1,1,0,7,3,0,0,1,1,1,122,1,2,0,6,0,0,0,0,0,0,0,0,0,0,0,1,0,1,12,132,0,146,24,38,62
PHY103__196,PHY103_Masked_391,Pharmacy,"web, ws",1,1,0,7,1,0,0,1,1,1,21,1,21,0,18,0,0,0,0,0,0,0,0,0,0,0,0,0,3,35,36,0,74,32,18,50
PHY103_197,PHY103_Masked_392,Pharmacy,"web, ws",1,1,0,12,1,0,0,1,1,1,231,1,2,0,2,0,0,0,0,0,0,0,0,0,0,5,0,0,1,11,237,0,254,42,42,84
PHY103__197,PHY103_Masked_393,Agriculture,"web, ws",1,1,0,15,3,0,3,2,2,2,35,1,0,0,18,0,0,0,0,0,0,0,0,0,0,0,1,0,5,31,44,2,83,36,28,64
PHY103_198,PHY103_Masked_394,Applied Medical Sciences,"web, ws",1,1,0,20,5,0,3,1,1,0,68,1,4,0,11,0,0,0,0,0,0,0,0,0,1,0,9,0,1,14,88,3,116,37,24,61
PHY103__198,PHY103_Masked_395,Pharmacy,web,1,1,0,4,0,0,0,1,1,1,19,1,6,0,2,0,0,0,0,0,0,0,0,0,0,0,0,0,0,11,26,0,37,40,28,68
PHY103_199,PHY103_Masked_396,Agriculture,"web, ws",1,1,0,16,5,0,2,1,1,2,44,1,14,0,34,0,0,0,0,0,0,0,0,1,1,1,0,0,16,52,51,0,122,28,26,54
PHY103__199,PHY103_Masked_397,Pharmacy,"web, ws",1,1,0,36,4,0,0,1,1,3,55,1,0,0,12,0,0,0,0,0,0,0,0,0,0,8,7,0,21,5,72,2,115,37,24,61
PHY103_200,PHY103_Masked_398,Pharmacy,"web, ws",1,1,0,9,3,0,3,1,1,1,92,1,4,0,21,0,0,0,0,0,0,0,0,0,0,0,7,1,15,7,108,0,138,40,28,68
PHY103__200,PHY103_Masked_399,Pharmacy,"web, ws",1,1,0,27,3,0,0,1,1,1,63,1,0,0,4,0,0,0,0,0,0,0,0,0,0,6,1,0,10,7,79,0,103,44,46,90
PHY103_201,PHY103_Masked_400,Pharmacy,web,0,0,0,17,4,0,0,1,1,3,72,0,0,0,10,0,0,0,0,0,0,0,0,0,4,0,9,1,8,7,79,0,108,42,12,54
PHY103__201,PHY103_Masked_401,Applied Medical Sciences,"web, ws",2,2,0,13,3,0,0,1,1,0,89,2,3,0,5,0,0,0,0,0,0,0,0,0,0,0,0,0,1,15,105,0,121,43,36,79
PHY103_202,PHY103_Masked_402,Agriculture,"web, ws",1,1,0,15,0,0,0,1,1,3,75,1,0,0,12,0,0,0,0,0,0,0,0,0,0,0,1,0,0,16,92,1,110,22,18,40
PHY103__202,PHY103_Masked_403,Agriculture,"web, ws",1,1,0,21,2,0,7,2,2,2,88,1,0,0,3,0,0,0,0,0,0,0,0,0,1,8,2,0,1,25,93,0,130,37,20,57
PHY103_203,PHY103_Masked_404,Pharmacy,web,1,1,0,6,3,0,0,1,1,1,140,1,1,0,8,0,0,0,0,0,0,0,0,0,1,3,2,0,1,12,145,0,164,37,18,55
PHY103__203,PHY103_Masked_405,Pharmacy,"web, ws",1,1,0,13,0,0,0,1,1,1,123,1,0,0,7,0,0,0,0,0,0,0,0,0,0,0,4,0,4,6,135,0,149,46,24,70
PHY103_204,PHY103_Masked_406,Applied Medical Sciences,"web, ws",1,1,0,29,5,0,6,1,1,1,154,1,5,0,24,0,0,0,0,0,0,0,0,0,2,6,1,0,14,30,169,7,229,33,24,57
PHY103__204,PHY103_Masked_407,Agriculture,"web, ws",3,3,0,27,2,0,2,1,1,1,80,1,5,2,5,0,0,0,0,0,0,0,0,0,0,0,4,0,4,18,107,0,133,29,28,57
PHY103_205,PHY103_Masked_408,Pharmacy,"web, ws",2,2,1,31,6,0,1,1,1,1,58,1,6,1,7,0,0,0,0,0,0,0,0,0,1,7,4,8,8,19,72,0,119,42,28,70
PHY103__205,PHY103_Masked_409,Agriculture,web,1,1,0,55,4,0,0,1,1,0,145,1,7,0,7,0,0,0,0,0,0,0,0,0,1,9,9,9,26,1,166,2,223,26,14,40
PHY103_206,PHY103_Masked_410,Agriculture,web,1,1,0,35,1,0,0,1,1,1,108,1,8,0,7,0,0,0,0,0,0,0,0,0,2,15,12,0,1,20,115,0,165,25,36,61
PHY103__206,PHY103_Masked_411,Pharmacy,web,1,1,0,9,4,0,0,1,1,1,37,1,6,0,3,0,0,0,0,0,0,0,0,0,0,0,4,0,4,12,45,0,65,41,36,77
PHY103_207,PHY103_Masked_412,Pharmacy,web,3,3,0,18,10,0,0,1,1,0,15,3,8,0,25,0,0,0,0,0,0,0,0,0,0,6,9,0,1,14,57,0,87,42,0,0
PHY103__207,PHY103_Masked_413,Applied Medical Sciences,web,0,0,0,33,7,0,0,1,1,1,35,0,0,0,15,0,0,0,0,0,0,0,0,0,1,1,4,1,17,8,59,2,93,34,38,72
PHY103_208,PHY103_Masked_414,Pharmacy,"web, ws",0,0,0,15,5,0,0,1,1,1,59,0,0,0,9,0,0,0,0,0,0,0,0,0,0,0,0,0,1,15,75,0,91,44,28,72
PHY103__208,PHY103_Masked_415,Pharmacy,"web, ws",1,1,0,4,2,0,0,1,1,1,100,1,5,0,6,0,0,0,0,0,0,0,0,0,0,0,1,0,3,13,106,0,123,44,28,72
PHY103_209,PHY103_Masked_416,Pharmacy,"web, ws",2,2,0,6,0,0,2,1,1,2,78,2,4,0,12,0,0,0,0,0,0,0,0,0,0,2,1,1,0,22,86,0,112,44,32,76
PHY103__209,PHY103_Masked_417,Pharmacy,web,2,2,0,66,6,0,4,1,1,2,130,1,39,1,22,0,0,0,0,0,0,0,0,0,0,0,13,31,34,56,143,0,277,37,46,83
PHY103_210,PHY103_Masked_418,Applied Medical Sciences,web,1,1,0,2,1,0,0,1,1,1,114,1,4,0,8,0,0,0,0,0,0,0,0,0,0,0,3,0,1,12,119,0,135,35,24,59
PHY103__210,PHY103_Masked_419,Pharmacy,"web, ws",1,1,1,26,3,0,0,1,1,1,32,1,15,0,25,0,0,0,0,0,0,0,0,0,1,1,1,0,30,35,40,0,108,44,30,74
PHY103_211,PHY103_Masked_420,Agriculture,web,2,2,0,7,0,0,0,1,0,1,16,1,22,1,7,0,0,0,0,0,0,0,0,0,1,5,0,0,3,32,19,0,60,36,36,72