ID number,Surname,Faculty,Origin,Course module viewed,Grade overview report viewed,Grade user report viewed,Message sent,Quiz attempt started,Quiz attempt submitted,Quiz attempt summary viewed,Quiz attempt viewed,Sessions viewed,W1,W2,W3,W4,W5,W6,W7,W8,W9,W10,W11,W12,W13,W14,W15,W16,W17,Total Events,Label_Semester,Label_Final,Label_Total
CHEM262_1,CHEM262_Masked_1,Pharmacy ,web,32,0,0,0,4,4,4,39,0,0,0,0,0,0,0,0,0,0,2,14,28,19,20,0,0,0,83,49,24,73
CHEM262_2,CHEM262_Masked_2,Veterinary Medicine,web,61,0,9,0,5,5,4,47,0,0,0,0,0,0,0,0,0,0,0,18,21,22,31,33,6,0,131,42,30,72
CHEM262_3,CHEM262_Masked_3,Veterinary Medicine,web,101,0,1,0,4,4,5,46,0,0,0,0,0,0,0,0,0,0,0,13,58,27,5,58,0,0,161,46,20,65
CHEM262_4,CHEM262_Masked_4,Pharmacy ,"web, ws",120,2,19,0,4,4,5,42,0,0,0,0,0,0,0,0,0,0,5,26,80,49,30,6,0,0,196,49,41,89
CHEM262_5,CHEM262_Masked_5,Veterinary Medicine,web,73,0,0,0,4,4,6,62,0,0,0,0,0,0,0,0,0,0,3,35,48,45,17,1,0,0,149,49,30,79
CHEM262_6,CHEM262_Masked_6,Veterinary Medicine,web,51,0,2,0,4,4,5,53,0,0,0,0,0,0,0,0,0,0,0,17,36,38,25,3,0,0,119,49,30,79
CHEM262_7,CHEM262_Masked_7,Engineering,"web, ws",28,0,1,0,4,4,5,54,0,0,0,0,0,0,0,0,0,0,4,13,36,16,27,0,0,0,96,49,32,80
CHEM262_8,CHEM262_Masked_8,Agriculture ,"web, ws",23,0,4,0,3,3,3,26,0,0,0,0,0,0,0,0,0,0,3,14,18,1,21,2,3,0,62,35,24,59
CHEM262_9,CHEM262_Masked_9,Pharmacy ,"web, ws",38,0,2,0,2,2,2,86,0,0,0,0,0,0,0,0,0,0,0,0,0,6,36,88,0,2,132,45,36,81
CHEM262_10,CHEM262_Masked_10,Agriculture ,web,48,0,0,0,4,4,5,86,0,0,0,0,0,0,0,0,0,0,5,32,38,4,33,35,0,0,147,50,29,79
CHEM262_11,CHEM262_Masked_11,Nurse,ws,27,0,7,0,4,4,7,62,0,0,0,0,0,0,0,0,0,1,3,19,41,27,15,4,0,1,111,49,39,88
CHEM262_12,CHEM262_Masked_12,Pharmacy ,web,43,0,0,0,4,4,4,84,0,0,0,0,0,0,0,0,0,0,0,13,33,58,35,0,0,0,139,41,32,73
CHEM262_13,CHEM262_Masked_13,Agriculture ,web,41,0,0,0,4,4,6,39,0,0,0,0,0,0,0,0,0,0,1,25,28,20,20,0,0,0,94,49,26,74
CHEM262_14,CHEM262_Masked_14,Nurse,web,67,0,0,0,4,4,5,71,0,0,0,0,0,0,0,0,0,0,4,25,45,53,22,2,0,0,151,49,41,89
CHEM262_15,CHEM262_Masked_15,Engineering,web,19,1,1,0,4,4,6,98,0,0,0,0,0,0,0,0,0,0,0,35,33,40,23,2,0,0,133,49,41,89
CHEM262_16,CHEM262_Masked_16,Agriculture ,web,17,0,0,0,4,4,4,37,0,0,0,0,0,0,0,0,0,0,0,1,16,20,12,15,2,0,66,15,36,50
CHEM262_17,CHEM262_Masked_17,Science and Arts,web,18,0,2,0,4,3,4,98,0,0,0,0,0,0,0,0,0,0,0,21,37,41,29,1,0,0,129,49,21,70
CHEM262_18,CHEM262_Masked_18,Science and Arts,"web, ws",36,0,4,0,4,4,4,84,0,0,0,0,0,0,0,0,0,0,1,23,44,39,28,1,0,0,136,49,38,86
CHEM262_19,CHEM262_Masked_19,Veterinary Medicine,web,39,0,0,0,4,4,4,35,0,0,0,0,0,0,0,0,0,0,0,14,21,25,18,0,8,0,86,46,32,77
CHEM262_20,CHEM262_Masked_20,Pharmacy ,web,34,0,0,0,4,4,5,55,0,0,0,0,0,0,0,0,0,1,5,18,25,30,23,0,0,0,102,49,39,88
CHEM262_21,CHEM262_Masked_21,Pharmacy ,web,18,0,1,0,4,4,4,72,0,0,0,0,0,0,0,0,0,0,3,21,30,27,22,0,0,0,103,49,39,88
CHEM262_22,CHEM262_Masked_22,Pharmacy ,"web, ws",48,0,1,0,4,4,4,54,1,0,0,0,0,0,0,0,0,4,4,22,22,44,19,1,0,0,116,49,29,77
CHEM262_23,CHEM262_Masked_23,Nurse,web,80,1,6,0,4,4,6,110,0,0,0,0,0,0,0,0,0,0,1,23,48,13,36,90,0,0,211,50,26,76
CHEM262_24,CHEM262_Masked_24,Veterinary Medicine,"web, ws",29,0,5,0,4,4,4,32,0,0,0,0,0,0,0,0,0,0,1,13,25,24,15,0,0,0,78,47,47,94
CHEM262_25,CHEM262_Masked_25,Agriculture ,"web, ws",33,0,7,0,4,4,4,42,0,0,0,0,0,0,0,0,0,0,0,18,22,24,30,0,0,0,94,49,26,74
CHEM262_26,CHEM262_Masked_26,Nurse,web,17,0,0,0,4,4,8,46,0,0,0,0,0,0,0,0,0,0,0,12,33,18,16,0,0,0,79,49,38,86
CHEM262_27,CHEM262_Masked_27,Nurse,ws,60,0,1,0,4,4,6,60,0,0,0,0,0,0,0,0,0,5,3,17,46,27,37,0,0,0,135,49,26,74
CHEM262_28,CHEM262_Masked_28,Veterinary Medicine,"web, ws",60,0,1,0,4,4,4,55,0,0,0,0,0,0,0,0,0,0,2,19,55,34,17,0,1,0,128,49,35,83
CHEM262_29,CHEM262_Masked_29,Nurse,"web, ws",97,0,16,0,4,4,4,77,0,0,0,0,0,0,0,0,0,8,6,25,73,48,36,6,0,0,202,49,39,88
CHEM262_30,CHEM262_Masked_30,Applied Medical Sciences,"web, ws",44,0,0,0,4,4,4,34,0,0,0,0,0,0,0,0,0,1,3,11,28,27,17,3,0,0,90,49,26,74
CHEM262_31,CHEM262_Masked_31,Pharmacy ,web,13,0,0,0,4,4,4,42,0,0,0,0,0,0,0,0,0,0,0,18,17,18,14,0,0,0,67,49,35,83
CHEM262_32,CHEM262_Masked_32,Applied Medical Sciences,web,61,0,0,0,4,4,3,96,0,0,0,0,0,0,0,0,0,2,3,26,57,42,34,4,0,0,168,49,44,92
CHEM262_33,CHEM262_Masked_33,Pharmacy ,"web, ws",85,0,1,0,4,4,6,130,1,0,0,0,0,0,0,0,0,2,11,19,97,47,46,2,0,7,231,47,30,77
CHEM262_34,CHEM262_Masked_34,Nurse,web,75,0,1,0,5,5,4,47,0,0,0,0,0,0,0,0,0,1,1,19,23,26,37,29,1,0,137,41,32,73
CHEM262_35,CHEM262_Masked_35,Agriculture ,web,21,0,0,0,4,4,5,42,0,0,0,0,0,0,0,0,0,0,2,21,20,18,15,0,0,0,76,49,20,68
CHEM262_36,CHEM262_Masked_36,Nurse,"web, ws",79,0,2,0,3,3,5,63,0,0,0,0,0,0,0,0,0,3,9,37,42,16,41,7,0,0,155,23,21,44
CHEM262_37,CHEM262_Masked_37,Pharmacy ,web,14,0,3,0,4,4,4,38,0,0,0,0,0,0,0,0,0,0,1,11,15,17,23,0,0,0,67,49,30,79
CHEM262_38,CHEM262_Masked_38,Nurse,"web, ws",55,0,6,0,4,4,8,97,0,0,0,0,0,0,0,0,0,1,3,40,31,39,17,41,2,0,174,49,27,76
CHEM262_39,CHEM262_Masked_39,Pharmacy ,web,21,0,4,0,4,4,6,83,0,0,0,0,0,0,0,0,0,2,2,20,36,30,32,0,0,0,122,49,27,76
CHEM262_40,CHEM262_Masked_40,Pharmacy ,"web, ws",35,0,2,0,5,5,6,51,0,0,0,0,0,0,0,0,0,0,8,23,18,22,17,16,0,0,104,49,24,73
CHEM262_41,CHEM262_Masked_41,Veterinary Medicine,web,24,0,0,0,3,3,3,29,0,0,0,0,0,0,0,0,0,0,0,6,23,19,14,0,0,0,62,39,21,60
CHEM262_42,CHEM262_Masked_42,Veterinary Medicine,"web, ws",12,0,23,0,4,4,6,82,0,0,0,0,0,0,0,0,0,0,0,21,61,37,12,0,0,0,131,49,27,76
CHEM262_43,CHEM262_Masked_43,Pharmacy ,"web, ws",18,0,9,0,5,5,8,124,0,0,0,0,0,0,0,0,0,0,0,18,27,60,15,47,2,0,169,47,32,79
CHEM262_44,CHEM262_Masked_44,Pharmacy ,web,37,0,1,0,4,4,4,70,0,0,0,0,0,0,0,0,0,0,6,21,35,36,19,3,0,0,120,47,30,77
CHEM262_45,CHEM262_Masked_45,Veterinary Medicine,"web, ws",14,0,1,0,3,3,3,27,0,0,0,0,0,0,0,0,0,1,0,0,19,14,13,4,0,0,51,39,29,67
CHEM262_46,CHEM262_Masked_46,Agriculture ,web,78,0,5,0,4,4,4,77,0,0,0,0,0,0,0,0,0,1,3,21,58,52,32,4,1,0,172,49,30,79
CHEM262_47,CHEM262_Masked_47,Pharmacy ,web,63,0,2,0,4,4,5,99,0,0,0,0,0,0,0,0,0,1,0,24,67,38,42,0,0,5,177,49,32,80
CHEM262_48,CHEM262_Masked_48,Veterinary Medicine,web,43,0,0,0,4,4,7,91,0,0,0,0,0,0,0,0,0,0,0,29,60,32,28,0,0,0,149,49,33,82
CHEM262_49,CHEM262_Masked_49,Veterinary Medicine,web,60,0,0,0,4,4,4,107,0,0,0,0,0,0,0,0,0,0,1,45,56,43,30,4,0,0,179,49,20,68
CHEM262_50,CHEM262_Masked_50,Veterinary Medicine,"web, ws",15,0,1,0,4,3,5,37,0,0,0,0,0,0,0,0,0,0,0,15,14,20,15,1,0,0,65,49,24,73
CHEM262_51,CHEM262_Masked_51,Pharmacy ,web,49,0,0,0,4,3,5,39,1,0,0,0,0,0,0,0,0,0,0,18,22,8,15,38,0,0,101,49,17,65
CHEM262_52,CHEM262_Masked_52,Science and Arts,ws,63,0,0,1,4,4,6,67,0,0,0,0,0,0,0,0,0,4,2,18,45,36,28,2,0,10,145,40,20,59
CHEM262_53,CHEM262_Masked_53,Pharmacy ,web,28,0,1,0,4,4,4,32,0,0,0,0,0,0,0,0,0,0,0,12,26,20,15,0,0,0,73,49,33,82
CHEM262_54,CHEM262_Masked_54,Veterinary Medicine,web,17,0,0,0,3,3,3,23,0,0,0,0,0,0,0,0,0,0,1,11,24,0,13,0,0,0,49,34,9,43
CHEM262_55,CHEM262_Masked_55,Pharmacy ,ws,40,0,0,0,4,4,8,48,0,0,0,0,0,0,0,0,0,1,0,23,19,21,20,6,14,0,104,49,23,71
CHEM262_56,CHEM262_Masked_56,Nurse,"web, ws",48,0,16,0,4,4,4,72,1,0,0,0,0,0,0,0,0,1,3,26,26,37,7,46,2,1,149,45,21,66
CHEM262_57,CHEM262_Masked_57,Veterinary Medicine,ws,34,0,44,0,5,5,9,68,0,0,0,0,0,0,0,0,0,0,0,18,44,18,34,51,0,0,165,32,38,70
CHEM262_58,CHEM262_Masked_58,Pharmacy ,"web, ws",29,0,0,0,4,4,5,59,0,0,0,0,0,0,0,0,0,1,0,24,38,18,20,0,0,0,101,49,26,74
CHEM262_59,CHEM262_Masked_59,Pharmacy ,web,95,0,0,0,4,4,11,93,13,0,0,0,0,0,0,0,0,4,23,84,31,49,29,0,0,0,220,47,26,73
CHEM262_60,CHEM262_Masked_60,Agriculture ,web,40,0,0,0,5,5,5,42,1,0,0,0,0,0,0,0,0,0,0,17,27,15,22,17,0,0,98,49,39,88
CHEM262_61,CHEM262_Masked_61,Pharmacy ,web,31,0,0,0,4,4,4,42,0,0,0,0,0,0,0,0,0,0,0,12,30,18,7,18,0,0,85,47,21,68
CHEM262_62,CHEM262_Masked_62,Engineering,web,49,0,0,0,4,4,6,72,0,0,0,0,0,0,0,0,0,0,4,29,42,26,34,0,0,0,135,49,33,82
CHEM262_63,CHEM262_Masked_63,Pharmacy ,web,34,0,0,0,4,4,4,35,1,0,0,0,0,0,0,0,0,1,5,10,18,22,13,13,0,0,82,47,38,84
CHEM262_64,CHEM262_Masked_64,Science and Arts,web,95,0,2,0,4,4,4,40,0,0,0,0,0,0,0,0,0,0,5,22,47,49,25,1,0,0,149,47,15,62
CHEM262_65,CHEM262_Masked_65,Agriculture ,"web, ws",39,0,5,0,4,4,4,32,0,0,0,0,0,0,0,0,0,1,1,19,25,19,21,2,0,0,88,49,32,80
CHEM262_66,CHEM262_Masked_66,Agriculture ,"web, ws",43,0,0,0,4,4,4,32,0,0,0,0,0,0,0,0,0,1,4,15,25,27,15,0,0,0,87,49,38,86
CHEM262_67,CHEM262_Masked_67,Applied Medical Sciences,"web, ws",44,0,0,0,4,4,4,42,0,0,0,0,0,0,0,0,0,0,1,27,27,27,16,0,0,0,98,49,33,82
CHEM262_68,CHEM262_Masked_68,Agriculture ,"web, ws",42,0,0,0,4,4,5,60,0,0,0,0,0,0,0,0,0,1,0,25,40,33,16,0,0,0,115,49,24,73
CHEM262_69,CHEM262_Masked_69,Applied Medical Sciences,web,63,0,4,0,4,4,3,75,0,0,0,0,0,0,0,0,0,1,0,15,43,8,18,68,0,0,153,47,21,68
CHEM262_70,CHEM262_Masked_70,Veterinary Medicine,web,14,0,2,0,4,4,6,79,0,0,0,0,0,0,0,0,0,0,0,31,22,30,26,0,0,0,109,47,30,77
CHEM262_71,CHEM262_Masked_71,Pharmacy ,web,39,0,0,0,4,4,4,67,0,0,0,0,0,0,0,0,0,1,0,21,44,29,23,0,0,0,118,49,30,79
CHEM262_72,CHEM262_Masked_72,Applied Medical Sciences,web,21,0,0,0,4,4,5,175,0,0,0,0,0,0,0,0,0,0,1,41,55,75,37,0,0,0,209,49,36,85
CHEM262_73,CHEM262_Masked_73,Science and Arts,web,43,0,1,0,4,4,5,35,0,0,0,0,0,0,0,0,0,4,1,14,24,29,18,1,0,1,92,47,33,80
CHEM262_74,CHEM262_Masked_74,Applied Medical Sciences,web,18,0,0,0,4,4,6,93,0,0,0,0,0,0,0,0,0,0,1,32,36,36,20,0,0,0,125,49,32,80
CHEM262_75,CHEM262_Masked_75,Agriculture ,"web, ws",40,0,1,0,4,4,4,32,0,0,0,0,0,0,0,0,0,1,1,13,26,22,14,8,0,0,85,49,38,86
CHEM262_76,CHEM262_Masked_76,Applied Medical Sciences,"web, ws",43,0,4,0,4,4,4,62,0,0,0,0,0,0,0,0,0,1,1,21,26,40,29,3,0,0,121,49,35,83
CHEM262_77,CHEM262_Masked_77,Agriculture ,web,65,0,0,0,4,4,4,77,2,0,0,0,0,0,0,0,0,0,5,13,32,51,11,44,0,0,156,49,32,80
CHEM262_78,CHEM262_Masked_78,Veterinary Medicine,"web, ws",23,0,3,0,4,4,5,68,0,0,0,0,0,0,0,0,0,0,0,20,40,33,13,1,0,0,107,49,33,82
CHEM262_79,CHEM262_Masked_79,Pharmacy ,"web, ws",35,0,0,0,4,4,4,82,0,0,0,0,0,0,0,0,0,1,9,20,42,28,29,0,0,0,129,49,35,83
CHEM262_80,CHEM262_Masked_80,Applied Medical Sciences,web,30,0,0,0,4,4,6,94,1,0,0,0,0,0,0,0,0,0,0,22,48,39,30,0,0,0,139,49,27,76
CHEM262_81,CHEM262_Masked_81,Veterinary Medicine,web,21,0,0,0,4,4,4,34,0,0,0,0,0,0,0,0,0,0,0,12,21,17,17,0,0,0,67,49,20,68
CHEM262_82,CHEM262_Masked_82,Pharmacy ,web,29,0,0,0,4,4,5,90,0,0,0,0,0,0,0,0,0,0,1,31,47,28,25,0,0,0,132,49,41,89
CHEM262_83,CHEM262_Masked_83,Engineering,web,20,0,0,0,4,4,4,72,0,0,0,0,0,0,0,0,0,0,3,20,28,31,22,0,0,0,104,49,26,74
CHEM262_84,CHEM262_Masked_84,Veterinary Medicine,web,22,0,0,0,3,3,3,28,0,0,0,0,0,0,0,0,0,0,0,11,20,15,0,0,13,0,59,39,35,73
CHEM262_85,CHEM262_Masked_85,Science and Arts,web,17,0,0,0,3,3,3,56,0,0,0,0,0,0,0,0,0,0,3,22,30,3,24,0,0,0,82,35,30,65
CHEM262_86,CHEM262_Masked_86,Veterinary Medicine,web,37,0,1,0,4,4,5,39,0,0,0,0,0,0,0,0,0,0,0,12,34,24,20,0,0,0,90,49,27,76
CHEM262_87,CHEM262_Masked_87,Pharmacy ,web,72,0,0,0,4,4,5,71,0,0,0,0,0,0,0,0,0,2,0,18,58,37,34,6,1,0,156,46,35,80
CHEM262_88,CHEM262_Masked_88,Pharmacy ,"web, ws",55,0,0,0,4,4,12,166,0,0,0,0,0,0,0,0,0,1,15,25,54,48,96,2,0,0,241,49,38,86
CHEM262_89,CHEM262_Masked_89,Pharmacy ,"web, ws",47,0,1,0,4,4,5,81,0,0,0,0,0,0,0,0,0,0,4,22,37,41,35,3,0,0,142,49,39,88
CHEM262_90,CHEM262_Masked_90,Pharmacy ,web,55,0,2,0,5,5,6,129,0,0,0,0,0,0,0,0,0,1,4,23,45,46,30,49,4,0,202,49,38,86
CHEM262_91,CHEM262_Masked_91,Science and Arts,web,40,0,0,0,4,4,3,36,0,0,0,0,0,0,0,0,0,0,0,11,32,19,14,0,0,11,87,49,21,70
CHEM262_92,CHEM262_Masked_92,Pharmacy ,"web, ws",50,0,2,0,4,4,4,85,2,0,0,0,0,0,0,0,0,4,4,38,34,40,27,4,0,0,151,49,21,70
CHEM262_93,CHEM262_Masked_93,Pharmacy ,web,58,0,0,0,4,4,9,161,0,0,0,0,0,0,0,0,0,4,2,61,66,46,34,2,21,0,236,49,41,89
CHEM262_94,CHEM262_Masked_94,Science and Arts,"web, ws",31,0,3,0,4,4,7,90,0,0,0,0,0,0,0,0,0,0,5,26,42,32,32,0,2,0,139,49,38,86
CHEM262_95,CHEM262_Masked_95,Pharmacy ,web,45,0,1,0,4,4,5,116,0,0,0,0,0,0,0,0,0,1,3,36,42,54,39,0,0,0,175,49,35,83
CHEM262_96,CHEM262_Masked_96,Agriculture ,web,36,0,0,0,4,4,4,100,0,0,0,0,0,0,0,0,0,0,4,34,44,36,30,0,0,0,148,49,27,76
CHEM262_97,CHEM262_Masked_97,Pharmacy ,"web, ws",54,0,13,0,4,4,10,110,0,0,0,0,0,0,0,0,0,0,0,22,75,12,33,53,0,0,195,50,27,77
CHEM262_98,CHEM262_Masked_98,Veterinary Medicine,web,32,0,4,0,4,4,10,126,0,0,0,0,0,0,0,0,0,0,1,43,51,48,37,0,0,0,180,49,21,70
CHEM262_99,CHEM262_Masked_99,Nurse,"web, ws",134,0,2,0,4,4,6,59,7,0,0,0,0,0,0,0,0,2,12,35,73,54,24,12,4,0,216,49,26,74
CHEM262_100,CHEM262_Masked_100,Pharmacy ,web,34,0,0,0,4,4,5,86,0,0,0,0,0,0,0,0,0,0,1,22,39,38,26,7,0,0,133,49,29,77
CHEM262_101,CHEM262_Masked_101,Pharmacy ,web,44,0,0,0,4,4,4,52,0,0,0,0,0,0,0,0,0,3,2,24,40,20,14,0,5,0,108,49,32,80
CHEM262_102,CHEM262_Masked_102,Veterinary Medicine,web,22,0,0,0,4,4,4,32,0,0,0,0,0,0,0,0,0,0,0,15,19,17,15,0,0,0,66,49,32,80
CHEM262_103,CHEM262_Masked_103,Veterinary Medicine,web,14,0,1,0,4,4,5,35,0,0,0,0,0,0,0,0,0,0,0,12,20,15,16,0,0,0,63,49,21,70
CHEM262_104,CHEM262_Masked_104,Pharmacy ,"web, ws",14,0,7,0,4,4,5,70,0,0,0,0,0,0,0,0,0,0,0,22,32,27,22,1,0,0,104,49,26,74
CHEM262_105,CHEM262_Masked_105,Agriculture ,"web, ws",56,0,0,0,6,5,7,73,0,0,0,0,0,0,0,0,0,0,8,26,53,31,23,6,0,0,147,49,20,68
CHEM262_106,CHEM262_Masked_106,Pharmacy ,"web, ws",58,0,1,0,4,4,4,39,0,0,0,0,0,0,0,0,0,0,1,20,22,21,23,0,0,23,110,49,41,89
CHEM262_107,CHEM262_Masked_107,Agriculture ,web,91,0,0,0,4,4,4,88,0,0,0,0,0,0,0,0,0,0,2,25,59,71,26,8,0,0,191,49,27,76
CHEM262_108,CHEM262_Masked_108,Pharmacy ,web,80,0,1,0,4,4,5,84,0,0,0,0,0,0,0,0,0,0,0,33,45,58,34,8,0,0,178,47,42,89
CHEM262_109,CHEM262_Masked_109,Pharmacy ,web,92,0,0,0,4,4,4,124,0,0,0,0,0,0,0,0,0,0,9,38,60,56,54,0,1,10,228,49,38,86
CHEM262_110,CHEM262_Masked_110,Agriculture ,"web, ws",56,0,0,0,4,4,5,41,1,0,0,0,0,0,0,0,0,0,4,26,37,20,24,0,0,0,111,49,38,86
CHEM262_111,CHEM262_Masked_111,Nurse,web,16,0,0,0,4,4,5,37,0,0,0,0,0,0,0,0,0,1,0,11,22,16,16,0,0,0,66,47,18,65
CHEM262_112,CHEM262_Masked_112,Engineering,"web, ws",25,0,1,0,4,4,5,65,0,0,0,0,0,0,0,0,0,0,0,18,28,31,25,1,1,0,104,49,20,68
CHEM262_113,CHEM262_Masked_113,Science and Arts,web,17,0,0,0,4,4,4,43,0,0,0,0,0,0,0,0,0,0,0,12,16,18,24,2,0,0,72,49,27,76
CHEM262_114,CHEM262_Masked_114,Agriculture ,web,35,0,6,0,4,4,5,83,0,0,0,0,0,0,0,0,0,0,0,17,47,42,31,0,0,0,137,49,17,65
CHEM262_115,CHEM262_Masked_115,Veterinary Medicine,web,15,0,2,0,4,4,4,32,0,0,0,0,0,0,0,0,0,0,0,11,18,19,13,0,0,0,61,49,18,67
CHEM262_116,CHEM262_Masked_116,Agriculture ,web,45,0,1,0,4,4,4,44,0,0,0,0,0,0,0,0,0,0,1,18,37,30,16,0,0,0,102,49,32,80
CHEM262_117,CHEM262_Masked_117,Pharmacy ,web,32,0,4,0,4,4,5,64,0,0,0,0,0,0,0,0,0,1,0,18,35,34,25,0,0,0,113,49,44,92
CHEM262_118,CHEM262_Masked_118,Agriculture ,"web, ws",40,0,3,0,4,4,5,58,0,0,0,0,0,0,0,0,0,1,7,22,46,15,16,7,0,0,114,49,27,76
CHEM262_119,CHEM262_Masked_119,Pharmacy ,web,25,0,3,0,4,4,4,39,1,0,0,0,0,0,0,0,0,0,0,16,21,17,24,2,0,0,80,41,29,69
CHEM262_120,CHEM262_Masked_120,Pharmacy ,web,41,0,2,0,4,4,5,45,0,0,0,0,0,0,0,0,0,0,1,14,28,40,17,1,0,0,101,49,15,64
CHEM262_121,CHEM262_Masked_121,Applied Medical Sciences,web,64,0,0,0,4,4,4,60,0,0,0,0,0,0,0,0,0,1,3,25,51,30,25,1,0,0,136,49,35,83
CHEM262_122,CHEM262_Masked_122,Agriculture ,"web, ws",25,0,0,0,4,4,4,32,2,0,0,0,0,0,0,0,0,0,1,14,24,17,15,0,0,0,71,49,24,73
CHEM262_123,CHEM262_Masked_123,Nurse,web,79,0,0,0,4,4,7,59,3,0,0,0,0,0,0,0,0,0,9,27,67,26,19,8,0,0,156,43,17,60
CHEM262_124,CHEM262_Masked_124,Pharmacy ,web,20,0,0,0,4,4,5,91,0,0,0,0,0,0,0,0,0,0,0,20,38,38,28,0,0,0,124,49,33,82
CHEM262_125,CHEM262_Masked_125,Pharmacy ,web,45,0,2,0,4,4,6,46,0,0,0,0,0,0,0,0,0,0,1,11,53,23,19,0,0,0,107,49,36,85
CHEM262_126,CHEM262_Masked_126,Pharmacy ,web,28,0,1,0,4,4,6,77,0,0,0,0,0,0,0,0,0,0,0,23,38,43,16,0,0,0,120,49,38,86
CHEM262_127,CHEM262_Masked_127,Nurse,"web, ws",14,0,0,0,4,4,4,32,0,0,0,0,0,0,0,0,0,0,0,11,16,16,15,0,0,0,58,49,29,77
CHEM262_128,CHEM262_Masked_128,Pharmacy ,"web, ws",16,0,0,0,4,4,4,51,0,0,0,0,0,0,0,0,0,0,0,21,29,16,13,0,0,0,79,47,29,76
CHEM262_129,CHEM262_Masked_129,Agriculture ,web,23,0,1,0,4,4,4,41,0,0,0,0,0,0,0,0,0,0,5,11,24,23,13,0,1,0,77,49,17,65
CHEM262_130,CHEM262_Masked_130,Veterinary Medicine,web,13,0,1,0,4,4,4,42,0,0,0,0,0,0,0,0,0,0,1,10,26,15,16,0,0,0,68,47,21,68
CHEM262_131,CHEM262_Masked_131,Pharmacy ,web,52,0,0,0,4,4,4,40,0,0,0,0,0,0,0,0,0,0,2,23,28,22,26,3,0,0,104,49,33,82
CHEM262_132,CHEM262_Masked_132,Engineering,"web, ws",35,0,70,0,4,4,5,105,0,0,0,0,0,0,0,0,0,2,2,45,79,52,36,7,0,0,223,49,27,76
CHEM262_133,CHEM262_Masked_133,Engineering,web,2,0,0,0,1,1,1,5,0,0,0,0,0,0,0,0,0,0,0,10,0,0,0,0,0,0,10,10,32,42
CHEM262_134,CHEM262_Masked_134,Pharmacy ,ws,20,0,1,0,4,4,7,41,0,0,0,0,0,0,0,0,0,0,0,14,19,29,15,0,0,0,77,49,36,85
CHEM262_135,CHEM262_Masked_135,Science and Arts,"web, ws",54,0,2,0,4,4,8,66,0,0,0,0,0,0,0,0,0,0,2,22,46,29,37,2,0,0,138,49,26,74
CHEM262_136,CHEM262_Masked_136,Pharmacy ,"web, ws",17,0,0,0,4,4,4,90,0,0,0,0,0,0,0,0,0,0,1,18,33,40,27,0,0,0,119,47,23,70
CHEM262_137,CHEM262_Masked_137,Pharmacy ,ws,48,0,0,0,4,4,4,75,0,0,0,0,0,0,0,0,0,0,4,23,50,39,19,0,0,0,135,49,39,88
CHEM262_138,CHEM262_Masked_138,Pharmacy ,web,29,0,0,0,4,4,4,32,0,0,0,0,0,0,0,0,0,0,4,22,19,16,12,0,0,0,73,49,30,79
CHEM262_139,CHEM262_Masked_139,Engineering,"web, ws",32,0,27,0,4,4,9,85,0,0,0,0,0,0,0,0,0,1,1,35,53,40,27,4,0,0,161,49,36,85
CHEM262_140,CHEM262_Masked_140,Pharmacy ,web,21,0,1,0,4,4,5,72,0,0,0,0,0,0,0,0,0,0,0,19,32,36,19,1,0,0,107,49,41,89
CHEM262_141,CHEM262_Masked_141,Science and Arts,"web, ws",32,0,3,0,4,4,4,32,0,0,0,0,0,0,0,0,0,2,5,15,17,22,17,1,0,0,79,49,30,79
CHEM262_142,CHEM262_Masked_142,Pharmacy ,web,43,0,0,0,4,4,4,56,0,0,0,0,0,0,0,0,0,0,0,14,37,28,32,0,0,0,111,49,42,91
CHEM262_143,CHEM262_Masked_143,Nurse,web,69,0,1,0,4,4,4,70,1,0,0,0,0,0,0,0,0,0,5,41,44,38,25,0,0,0,153,49,29,77
CHEM262_144,CHEM262_Masked_144,Pharmacy ,web,13,0,1,0,4,4,4,62,0,0,0,0,0,0,0,0,0,0,0,18,33,20,17,0,0,0,88,49,29,77
CHEM262_145,CHEM262_Masked_145,Veterinary Medicine,"web, ws",13,0,9,0,4,4,5,40,0,0,0,0,0,0,0,0,0,0,2,11,15,4,21,22,0,0,75,50,42,92
CHEM262_146,CHEM262_Masked_146,Veterinary Medicine,web,20,2,3,0,4,4,5,47,0,0,0,0,0,0,0,0,0,0,0,16,18,24,27,0,0,0,85,49,29,77
CHEM262_147,CHEM262_Masked_147,Veterinary Medicine,web,38,0,2,0,4,4,5,73,0,0,0,0,0,0,0,0,0,0,0,13,33,44,36,0,0,0,126,49,30,79
CHEM262_148,CHEM262_Masked_148,Science and Arts,"web, ws",70,0,23,0,4,4,5,157,0,0,0,0,0,0,0,0,0,0,2,48,73,73,60,5,0,2,263,49,32,80
CHEM262_149,CHEM262_Masked_149,Pharmacy ,web,38,0,0,0,4,4,4,80,0,0,0,0,0,0,0,0,0,0,0,23,42,35,29,0,0,1,130,49,38,86
CHEM262_150,CHEM262_Masked_150,Science and Arts,"web, ws",23,0,5,0,4,4,6,122,0,0,0,0,0,0,0,0,0,0,3,58,38,39,25,1,0,0,164,49,45,94
CHEM262_151,CHEM262_Masked_151,Agriculture ,web,31,9,17,0,3,3,2,32,1,0,0,0,0,0,0,0,0,0,2,22,45,1,23,2,3,0,98,29,21,50
CHEM262_152,CHEM262_Masked_152,Pharmacy ,"web, ws",30,0,0,0,4,4,4,73,0,0,0,0,0,0,0,0,0,0,1,12,29,36,33,0,4,0,115,49,36,85
CHEM262_153,CHEM262_Masked_153,Pharmacy ,"web, ws",80,0,0,0,4,4,4,32,0,0,0,0,0,0,0,0,0,1,5,26,30,28,31,2,0,1,124,49,24,73
CHEM262_154,CHEM262_Masked_154,Nurse,web,24,0,0,0,5,5,5,60,0,0,0,0,0,0,0,0,0,0,0,26,15,27,16,15,0,0,99,47,36,83
CHEM262_155,CHEM262_Masked_155,Agriculture ,web,36,0,7,0,4,3,5,83,0,0,0,0,0,0,0,0,0,2,5,26,49,38,18,0,0,0,138,49,27,76
CHEM262_156,CHEM262_Masked_156,Pharmacy ,web,24,0,1,0,4,4,4,58,2,0,0,0,0,0,0,0,0,0,0,19,22,36,15,5,0,0,97,49,38,86
CHEM262_157,CHEM262_Masked_157,Pharmacy ,"web, ws",166,0,11,0,5,5,8,88,0,0,0,0,0,0,0,0,0,1,2,27,102,49,39,62,1,0,283,49,38,86
CHEM262_158,CHEM262_Masked_158,Science and Arts,"web, ws",39,0,0,0,4,1,7,109,9,0,0,0,0,0,0,0,0,0,1,44,46,43,26,9,0,0,169,49,23,71
CHEM262_159,CHEM262_Masked_159,Pharmacy ,"web, ws",89,0,0,0,4,4,6,111,0,0,0,0,0,0,0,0,0,1,1,44,73,47,21,4,14,9,214,47,42,89
CHEM262_160,CHEM262_Masked_160,Veterinary Medicine,web,52,0,1,0,4,4,4,39,0,0,0,0,0,0,0,0,0,0,5,20,26,25,28,0,0,0,104,49,33,82
CHEM262_161,CHEM262_Masked_161,Pharmacy ,"web, ws",14,0,3,0,4,4,4,68,0,0,0,0,0,0,0,0,0,0,0,21,38,18,19,1,0,0,97,49,33,82
CHEM262_162,CHEM262_Masked_162,Pharmacy ,"web, ws",30,0,0,0,4,4,7,60,0,0,0,0,0,0,0,0,0,0,9,15,36,31,14,0,0,0,105,49,27,76
CHEM262_163,CHEM262_Masked_163,Agriculture ,web,77,0,1,0,4,4,7,102,0,0,0,0,0,0,0,0,0,2,6,28,72,49,37,1,0,0,195,49,29,77
CHEM262_164,CHEM262_Masked_164,Pharmacy ,web,33,0,3,0,4,4,6,115,0,0,0,0,0,0,0,0,0,0,0,30,51,52,32,0,0,0,165,49,23,71
CHEM262_165,CHEM262_Masked_165,Veterinary Medicine,web,35,0,4,0,4,4,7,107,0,0,0,0,0,0,0,0,0,0,3,33,51,44,29,1,0,0,161,49,38,86
CHEM262_166,CHEM262_Masked_166,Agriculture ,web,97,0,0,0,5,5,5,66,0,0,0,0,0,0,0,0,0,2,3,13,46,32,21,61,0,0,178,46,39,85
CHEM262_167,CHEM262_Masked_167,Applied Medical Sciences,"web, ws",23,0,0,0,4,4,5,33,0,0,0,0,0,0,0,0,0,1,4,10,16,19,19,0,0,0,69,49,32,80
CHEM262_168,CHEM262_Masked_168,Science and Arts,web,14,1,2,0,4,4,5,41,0,0,0,0,0,0,0,0,0,0,1,22,18,17,13,0,0,0,71,49,30,79
CHEM262_169,CHEM262_Masked_169,Pharmacy ,web,29,0,0,0,4,4,5,80,0,0,0,0,0,0,0,0,0,0,0,25,39,24,31,3,0,0,122,49,32,80
CHEM262_170,CHEM262_Masked_170,Science and Arts,web,33,0,0,0,4,4,4,38,0,0,0,0,0,0,0,0,0,0,4,10,20,25,18,0,6,0,83,49,30,79
CHEM262_171,CHEM262_Masked_171,Pharmacy ,web,35,0,0,0,4,4,6,98,0,0,0,0,0,0,0,0,0,0,4,30,58,33,22,0,0,0,147,49,47,95
CHEM262_172,CHEM262_Masked_172,Agriculture ,"web, ws",16,0,1,0,4,4,5,60,0,0,0,0,0,0,0,0,0,0,0,12,33,19,26,0,0,0,90,49,29,77
CHEM262_173,CHEM262_Masked_173,Applied Medical Sciences,"web, ws",51,0,2,0,4,4,7,98,1,0,0,0,0,0,0,0,0,1,9,45,38,47,24,1,2,0,167,49,39,88
CHEM262_174,CHEM262_Masked_174,Nurse,ws,25,0,3,0,4,4,6,125,0,0,0,0,0,0,0,0,0,1,4,27,41,51,42,1,0,0,167,49,26,74
CHEM262_175,CHEM262_Masked_175,Science and Arts,"web, ws",37,0,0,0,4,4,6,54,0,0,0,0,0,0,0,0,0,1,0,15,29,33,25,2,0,0,105,22,28,50
CHEM262_176,CHEM262_Masked_176,Agriculture ,"web, ws",23,0,10,0,4,4,7,52,0,0,0,0,0,0,0,0,0,1,4,24,30,17,23,1,0,0,100,49,33,82
CHEM262_177,CHEM262_Masked_177,Nurse,web,59,0,0,0,4,4,4,63,1,0,0,0,0,0,0,0,0,0,0,34,38,29,31,3,0,0,135,49,27,76
CHEM262_178,CHEM262_Masked_178,Pharmacy ,"web, ws",21,0,1,0,4,4,6,61,0,0,0,0,0,0,0,0,0,0,0,12,29,30,24,2,0,0,97,49,41,89
CHEM262_179,CHEM262_Masked_179,Pharmacy ,web,20,0,1,0,4,4,5,73,0,0,0,0,0,0,0,0,0,0,4,20,37,32,14,0,0,0,107,49,23,71
CHEM262_180,CHEM262_Masked_180,Pharmacy ,web,50,0,1,0,4,4,4,51,0,0,0,0,0,0,0,0,0,0,0,23,25,48,17,1,0,0,114,49,30,79
CHEM262_181,CHEM262_Masked_181,Applied Medical Sciences,web,48,0,3,0,4,4,4,40,0,0,0,0,0,0,0,0,0,1,10,23,21,7,17,24,0,0,103,49,35,83
CHEM262_182,CHEM262_Masked_182,Agriculture ,"web, ws",27,0,25,0,5,5,8,79,0,0,0,0,0,0,0,0,0,4,4,21,32,24,15,49,0,0,149,49,41,89
CHEM262_183,CHEM262_Masked_183,Applied Medical Sciences,"web, ws",46,0,4,0,4,4,4,90,0,0,0,0,0,0,0,0,0,2,0,12,75,46,16,1,0,0,152,49,18,67
CHEM262_184,CHEM262_Masked_184,Pharmacy ,"web, ws",25,0,1,0,4,4,4,102,1,0,0,0,0,0,0,0,0,1,0,24,44,43,29,0,0,0,141,49,36,85
CHEM262_185,CHEM262_Masked_185,Pharmacy ,ws,19,0,12,0,4,4,11,100,0,0,0,0,0,0,0,0,0,0,1,32,41,47,25,4,0,0,150,49,35,83
CHEM262_186,CHEM262_Masked_186,Pharmacy ,web,42,0,1,0,4,4,7,72,0,0,0,0,0,0,0,0,0,0,0,21,20,59,6,24,0,0,130,49,27,76
CHEM262_187,CHEM262_Masked_187,Applied Medical Sciences,web,26,1,12,0,4,4,3,85,0,0,0,0,0,0,0,0,0,3,2,20,39,41,25,5,0,0,135,41,39,80
CHEM262_188,CHEM262_Masked_188,Pharmacy ,web,51,0,3,0,5,5,6,83,0,0,0,0,0,0,0,0,0,0,3,23,43,29,23,31,1,0,153,49,44,92
CHEM262_189,CHEM262_Masked_189,Applied Medical Sciences,web,85,0,0,0,4,4,4,50,3,0,0,0,0,0,0,0,0,0,3,28,38,12,41,27,1,0,150,28,30,58
CHEM262_190,CHEM262_Masked_190,Agriculture ,ws,28,0,1,0,4,4,4,32,0,0,0,0,0,0,0,0,0,0,4,15,18,21,14,0,0,1,73,47,29,76
CHEM262_191,CHEM262_Masked_191,Agriculture ,"web, ws",119,0,2,0,4,4,13,188,0,0,0,0,0,0,0,0,0,5,11,70,74,94,72,4,0,0,330,49,32,80
CHEM262_192,CHEM262_Masked_192,Pharmacy ,"web, ws",25,0,2,0,4,3,8,118,1,0,0,0,0,0,0,0,0,1,1,33,37,65,24,0,0,0,161,49,32,80
CHEM262_193,CHEM262_Masked_193,Agriculture ,"web, ws",64,0,0,1,4,4,5,86,4,0,0,0,0,0,0,0,0,0,1,41,54,33,6,33,0,0,168,39,24,63
CHEM262_194,CHEM262_Masked_194,Agriculture ,web,28,0,0,0,4,4,4,32,0,0,0,0,0,0,0,0,0,0,2,12,17,24,17,0,0,0,72,49,35,83
CHEM262_195,CHEM262_Masked_195,Veterinary Medicine,web,20,0,2,0,4,4,4,41,0,0,0,0,0,0,0,0,0,0,0,16,15,20,24,0,0,0,75,47,29,76
CHEM262_196,CHEM262_Masked_196,Science and Arts,web,21,0,0,0,4,4,5,95,0,0,0,0,0,0,0,0,0,0,1,28,41,45,14,0,0,0,129,46,32,77
CHEM262_197,CHEM262_Masked_197,Pharmacy ,"web, ws",71,0,2,0,4,4,5,33,1,0,0,0,0,0,0,0,0,2,10,22,18,23,34,1,10,0,120,49,26,74
CHEM262_198,CHEM262_Masked_198,Agriculture ,web,16,0,0,0,4,4,5,39,0,0,0,0,0,0,0,0,0,0,0,10,17,27,14,0,0,0,68,49,20,68
CHEM262_199,CHEM262_Masked_199,Pharmacy ,web,71,0,0,0,4,4,6,144,0,0,0,0,0,0,0,0,0,0,4,46,72,59,44,4,0,0,229,49,36,85
CHEM262_200,CHEM262_Masked_200,Pharmacy ,web,20,0,0,0,4,4,5,58,0,0,0,0,0,0,0,0,0,0,1,20,19,28,23,0,0,0,91,49,27,76
CHEM262_201,CHEM262_Masked_201,Engineering,"web, ws",28,0,7,0,4,4,5,59,0,0,0,0,0,0,0,0,0,0,1,13,32,1,18,42,0,0,107,49,42,91
CHEM262_202,CHEM262_Masked_202,Agriculture ,web,21,0,0,0,4,4,5,98,0,0,0,0,0,0,0,0,0,0,1,34,43,28,26,0,0,0,132,49,29,77
CHEM262_203,CHEM262_Masked_203,Pharmacy ,web,29,0,0,0,4,4,9,139,0,0,0,0,0,0,0,0,0,0,0,43,60,39,35,0,0,8,185,49,44,92
CHEM262_204,CHEM262_Masked_204,Engineering,web,61,0,0,0,4,4,5,74,0,0,0,0,0,0,0,0,0,0,0,20,51,49,28,0,0,0,148,49,18,67
CHEM262_205,CHEM262_Masked_205,Nurse,web,16,0,0,0,4,2,4,36,0,0,0,0,0,0,0,0,0,0,0,10,22,18,10,2,0,0,62,47,17,64
CHEM262_206,CHEM262_Masked_206,Veterinary Medicine,"web, ws",33,0,0,0,4,4,4,64,0,0,0,0,0,0,0,0,0,0,1,23,38,32,13,2,0,0,109,49,36,85
CHEM262_207,CHEM262_Masked_207,Nurse,"web, ws",30,0,0,0,5,5,6,60,0,0,0,0,0,0,0,0,0,1,0,23,19,30,16,17,0,0,106,47,26,73
CHEM262_208,CHEM262_Masked_208,Veterinary Medicine,"web, ws",7,0,11,0,4,4,6,34,0,0,0,0,0,0,0,0,0,0,0,14,15,20,14,3,0,0,66,49,15,64
CHEM262_209,CHEM262_Masked_209,Pharmacy ,"web, ws",39,0,0,0,4,4,4,32,0,0,0,0,0,0,0,0,0,0,2,18,24,21,18,0,0,0,83,49,30,79
CHEM262_210,CHEM262_Masked_210,Nurse,web,9,0,0,0,4,2,5,45,0,0,0,0,0,0,0,0,0,0,0,20,16,16,13,0,0,0,65,49,17,65
CHEM262_211,CHEM262_Masked_211,Science and Arts,ws,6,0,4,0,4,4,4,32,0,0,0,0,0,0,0,0,0,0,0,13,14,15,12,0,0,0,54,49,36,85
CHEM262_212,CHEM262_Masked_212,Nurse,"web, ws",9,0,2,0,4,4,7,107,0,0,0,0,0,0,0,0,0,0,0,28,41,45,19,0,0,0,133,49,30,79
CHEM262_213,CHEM262_Masked_213,Pharmacy ,"web, ws",39,0,2,0,5,5,8,86,0,0,0,0,0,0,0,0,0,0,0,38,22,34,25,26,0,0,145,49,35,83
CHEM262_214,CHEM262_Masked_214,Nurse,"web, ws",77,0,3,0,4,4,4,58,2,0,0,0,0,0,0,0,0,0,7,23,49,39,26,8,0,0,152,49,36,85
CHEM262_215,CHEM262_Masked_215,Nurse,ws,15,0,8,0,4,4,5,57,0,0,0,0,0,0,0,0,0,0,0,20,18,28,23,2,2,0,93,47,36,83
CHEM262_216,CHEM262_Masked_216,Nurse,web,36,0,0,0,4,4,4,32,0,0,0,0,0,0,0,0,0,0,6,13,0,17,28,16,0,0,80,46,14,59
CHEM262_217,CHEM262_Masked_217,Nurse,"web, ws",51,0,1,0,4,4,5,63,1,0,0,0,0,0,0,0,0,0,2,13,52,30,32,0,0,0,129,49,26,74
CHEM262_218,CHEM262_Masked_218,Pharmacy ,web,28,0,1,0,4,4,5,45,0,0,0,0,0,0,0,0,0,0,4,14,21,17,30,1,0,0,87,49,41,89
CHEM262_219,CHEM262_Masked_219,Nurse,web,77,0,0,0,4,4,7,78,0,0,0,0,0,0,0,0,0,0,9,33,62,40,26,0,0,0,170,49,29,77
CHEM262_220,CHEM262_Masked_220,Pharmacy ,web,21,0,0,1,4,4,4,104,0,0,0,0,0,0,0,0,0,1,1,20,42,34,38,2,0,0,138,49,36,85
CHEM262_221,CHEM262_Masked_221,Science and Arts,"web, ws",37,0,1,0,4,4,4,94,0,0,0,0,0,0,0,0,0,0,0,15,68,42,13,6,0,0,144,49,15,64
CHEM262_222,CHEM262_Masked_222,Pharmacy ,"web, ws",11,0,2,0,4,4,6,48,0,0,0,0,0,0,0,0,0,0,1,17,17,19,21,0,0,0,75,49,30,79
CHEM262_223,CHEM262_Masked_223,Nurse,web,46,0,1,0,5,5,5,80,1,0,0,0,0,0,0,0,0,0,2,14,44,27,31,25,0,0,143,47,21,68
CHEM262_224,CHEM262_Masked_224,Pharmacy ,"web, ws",56,0,2,0,4,4,3,65,0,0,0,0,0,0,0,0,0,0,4,34,43,27,26,0,0,0,134,49,27,76
CHEM262_225,CHEM262_Masked_225,Engineering,web,31,0,0,0,4,4,4,67,0,0,0,0,0,0,0,0,0,0,1,15,36,34,16,5,0,3,110,39,39,78
CHEM262_226,CHEM262_Masked_226,Agriculture ,web,18,0,0,0,0,0,0,0,0,0,0,0,0,0,0,0,0,0,0,0,2,2,0,14,0,0,18,0,20,35
CHEM262_227,CHEM262_Masked_227,Engineering,"web, ws",47,0,9,0,4,4,5,39,0,0,0,0,0,0,0,0,0,0,1,14,34,26,29,2,1,1,108,49,6,55
CHEM262_228,CHEM262_Masked_228,Nurse,"web, ws",65,0,8,0,4,4,4,32,1,0,0,0,0,0,0,0,0,0,2,17,9,21,30,32,7,0,118,25,26,51
CHEM262_229,CHEM262_Masked_229,Nurse,web,11,0,1,0,4,4,4,32,0,0,0,0,0,0,0,0,0,0,0,11,16,15,13,1,0,0,56,47,26,73
CHEM262_230,CHEM262_Masked_230,Agriculture ,web,43,0,4,0,4,4,5,66,0,0,0,0,0,0,0,0,0,1,4,21,35,36,23,5,1,0,126,49,41,89
CHEM262_231,CHEM262_Masked_231,Engineering,web,47,0,3,0,4,4,4,106,1,0,0,0,0,0,0,0,0,1,1,31,62,44,30,0,0,0,169,49,42,91
CHEM262_232,CHEM262_Masked_232,Veterinary Medicine,web,127,0,1,0,5,5,7,50,0,0,0,0,0,0,0,0,0,1,0,16,66,39,30,43,0,0,195,32,23,55
CHEM262_233,CHEM262_Masked_233,Engineering,"web, ws",36,0,25,0,4,4,4,44,1,0,0,0,0,0,0,0,0,0,1,19,34,47,15,2,0,0,118,47,33,80
CHEM262_234,CHEM262_Masked_234,Veterinary Medicine,"web, ws",14,0,4,0,4,4,6,42,0,0,0,0,0,0,0,0,0,0,1,12,15,19,26,1,0,0,74,49,27,76
CHEM262_235,CHEM262_Masked_235,Veterinary Medicine,"web, ws",39,0,16,0,4,4,5,66,0,0,0,0,0,0,0,0,0,1,5,15,43,39,30,1,0,0,134,49,21,70
CHEM262_236,CHEM262_Masked_236,Pharmacy ,web,32,0,0,0,4,3,5,49,0,0,0,0,0,0,0,0,0,0,4,20,17,26,20,6,0,0,93,49,38,86
CHEM262_237,CHEM262_Masked_237,Veterinary Medicine,web,17,0,0,0,4,4,4,32,0,0,0,0,0,0,0,0,0,0,0,14,16,18,13,0,0,0,61,49,47,95
CHEM262_238,CHEM262_Masked_238,Science and Arts,web,27,0,0,0,4,4,5,102,0,0,0,0,0,0,0,0,0,0,0,33,38,44,27,0,0,0,142,49,20,68
CHEM262_239,CHEM262_Masked_239,Applied Medical Sciences,ws,24,0,3,0,4,4,5,98,0,0,0,0,0,0,0,0,0,0,0,31,38,45,24,0,0,0,138,49,21,70
CHEM262_240,CHEM262_Masked_240,Pharmacy ,web,29,0,1,0,4,4,5,64,0,0,0,0,0,0,0,0,0,0,4,21,32,36,14,0,0,0,107,49,27,76
CHEM262_241,CHEM262_Masked_241,Pharmacy ,web,78,0,0,0,4,4,4,78,0,0,0,0,0,0,0,0,0,3,19,27,51,34,34,0,0,0,168,49,29,77
CHEM262_242,CHEM262_Masked_242,Science and Arts,web,25,0,1,0,4,4,7,50,0,0,0,0,0,0,0,0,0,1,2,17,27,19,25,0,0,0,91,49,21,70
CHEM262_243,CHEM262_Masked_243,Nurse,web,74,0,0,0,5,5,5,44,0,0,0,0,0,0,0,0,0,0,2,21,29,29,16,30,6,0,133,29,27,56
CHEM262_244,CHEM262_Masked_244,Nurse,web,29,0,0,0,4,4,5,71,0,0,0,0,0,0,0,0,0,0,0,29,22,48,13,1,0,0,113,49,30,79
CHEM262_245,CHEM262_Masked_245,Science and Arts,web,18,0,1,0,4,4,4,32,1,0,0,0,0,0,0,0,0,0,5,10,16,19,14,0,0,0,64,49,27,76
CHEM262_246,CHEM262_Masked_246,Pharmacy ,web,93,0,0,0,4,4,5,40,2,0,0,0,0,0,0,0,0,0,3,28,31,34,52,0,0,0,148,29,24,53
CHEM262_247,CHEM262_Masked_247,Pharmacy ,web,50,0,3,0,3,3,3,27,0,0,0,0,0,0,0,0,0,1,1,7,35,20,21,4,0,0,89,39,24,63
CHEM262_248,CHEM262_Masked_248,Veterinary Medicine,"web, ws",18,0,4,0,5,5,4,52,0,0,0,0,0,0,0,0,0,0,1,12,26,17,14,16,1,1,88,49,42,91
CHEM262_249,CHEM262_Masked_249,Veterinary Medicine,"web, ws",29,0,2,0,4,4,4,36,0,0,0,0,0,0,0,0,0,1,7,10,20,21,17,0,0,3,79,49,48,97
CHEM262_250,CHEM262_Masked_250,Agriculture ,web,85,0,0,0,4,4,4,61,0,0,0,0,0,0,0,0,0,0,6,32,41,51,26,2,0,0,158,49,27,76
CHEM262_251,CHEM262_Masked_251,Pharmacy ,"web, ws",90,0,3,0,4,4,4,60,0,0,0,0,0,0,0,0,0,0,3,27,43,40,34,6,9,3,165,49,44,92
CHEM262_252,CHEM262_Masked_252,Veterinary Medicine,web,15,1,5,0,4,4,6,71,0,0,0,0,0,0,0,0,0,0,1,22,29,29,23,2,0,0,106,49,30,79
CHEM262_253,CHEM262_Masked_253,Pharmacy ,web,90,0,7,0,4,4,3,86,2,0,0,0,0,0,0,0,0,3,7,25,55,11,29,52,11,3,196,50,36,86
CHEM262_254,CHEM262_Masked_254,Pharmacy ,web,46,0,5,0,4,4,4,32,0,0,0,0,0,0,0,0,0,0,0,12,27,31,25,0,0,0,95,47,30,77
CHEM262_255,CHEM262_Masked_255,Applied Medical Sciences,web,38,0,0,0,3,3,4,37,0,0,0,0,0,0,0,0,0,0,6,25,4,1,18,31,0,0,85,17,33,50
CHEM262_256,CHEM262_Masked_256,Science and Arts,web,68,0,11,0,4,4,7,158,0,0,0,0,0,0,0,0,0,1,0,48,93,65,34,5,6,0,252,49,24,73
CHEM262_257,CHEM262_Masked_257,Pharmacy ,"web, ws",19,1,2,0,4,4,4,84,0,0,0,0,0,0,0,0,0,0,0,13,48,32,25,0,0,0,118,49,35,83
CHEM262_258,CHEM262_Masked_258,Pharmacy ,"web, ws",264,0,0,0,4,4,6,59,1,0,0,0,0,0,0,0,0,5,16,33,79,46,71,79,8,1,338,47,35,82
CHEM262_259,CHEM262_Masked_259,Nurse,web,28,0,0,0,4,4,4,32,0,0,0,0,0,0,0,0,0,0,0,11,23,19,19,0,0,0,72,49,15,64
CHEM262_260,CHEM262_Masked_260,Veterinary Medicine,"web, ws",38,1,2,0,4,4,3,73,0,0,0,0,0,0,0,0,0,0,2,27,32,43,18,2,0,1,125,46,35,80
CHEM262_261,CHEM262_Masked_261,Applied Medical Sciences,web,19,0,0,0,4,4,4,61,0,0,0,0,0,0,0,0,0,0,0,26,16,25,24,1,0,0,92,46,33,79
CHEM262_262,CHEM262_Masked_262,Science and Arts,web,37,0,1,0,4,4,7,61,0,0,0,0,0,0,0,0,0,2,1,28,20,37,22,0,4,0,114,49,38,86
CHEM262_263,CHEM262_Masked_263,Veterinary Medicine,"web, ws",35,0,3,0,5,5,7,94,0,0,0,0,0,0,0,0,0,0,1,35,29,34,18,32,0,0,149,49,36,85
CHEM262_264,CHEM262_Masked_264,Applied Medical Sciences,"web, ws",127,1,12,0,4,4,10,95,7,0,0,0,0,0,0,0,0,4,7,43,86,73,37,4,0,6,260,47,38,85
CHEM262_265,CHEM262_Masked_265,Veterinary Medicine,"web, ws",46,0,1,0,4,4,4,71,0,0,0,0,0,0,0,0,0,0,0,20,45,37,28,0,0,0,130,49,27,76
CHEM262_266,CHEM262_Masked_266,Science and Arts,"web, ws",18,0,0,0,4,4,4,32,0,0,0,0,0,0,0,0,0,0,0,12,19,16,15,0,0,0,62,46,33,79
CHEM262_267,CHEM262_Masked_267,Pharmacy ,web,69,0,0,0,4,4,5,35,0,0,0,0,0,0,0,0,0,0,3,25,34,28,23,1,3,0,117,49,38,86
CHEM262_268,CHEM262_Masked_268,Science and Arts,web,33,0,2,0,4,4,4,73,0,0,0,0,0,0,0,0,0,1,1,23,33,31,29,1,1,0,120,49,41,89
CHEM262_269,CHEM262_Masked_269,Applied Medical Sciences,web,27,0,0,0,5,5,7,92,0,0,0,0,0,0,0,0,0,2,0,17,35,27,29,26,0,0,136,49,24,73
CHEM262_270,CHEM262_Masked_270,Pharmacy ,ws,14,0,1,0,4,4,6,94,0,0,0,0,0,0,0,0,0,1,0,24,36,35,27,0,0,0,123,49,33,82
CHEM262_271,CHEM262_Masked_271,Veterinary Medicine,web,26,0,1,0,4,4,6,54,0,0,0,0,0,0,0,0,0,0,0,25,27,29,14,0,0,0,95,49,33,82
CHEM262_272,CHEM262_Masked_272,Veterinary Medicine,"web, ws",22,0,6,0,4,4,5,45,0,0,0,0,0,0,0,0,0,0,1,21,21,18,25,0,0,0,86,47,12,59
CHEM262_273,CHEM262_Masked_273,Veterinary Medicine,web,23,0,1,0,4,4,6,59,0,0,0,0,0,0,0,0,0,0,0,25,29,19,22,2,0,0,97,49,33,82
CHEM262_274,CHEM262_Masked_274,Veterinary Medicine,"web, ws",19,0,3,0,4,4,6,73,0,0,0,0,0,0,0,0,0,0,2,26,33,26,21,1,0,0,109,49,44,92
CHEM262_275,CHEM262_Masked_275,Applied Medical Sciences,"web, ws",42,0,9,0,4,4,5,61,0,0,0,0,0,0,0,0,0,0,4,11,47,33,27,3,0,0,125,49,38,86
CHEM262_276,CHEM262_Masked_276,Veterinary Medicine,"web, ws",45,0,3,0,4,4,4,32,0,0,0,0,0,0,0,0,0,1,10,16,18,27,18,2,0,0,92,47,30,77
CHEM262_277,CHEM262_Masked_277,Pharmacy ,web,27,0,0,0,4,4,6,69,1,0,0,0,0,0,0,0,0,0,1,25,38,33,14,0,0,0,111,49,29,77
CHEM262_278,CHEM262_Masked_278,Science and Arts,"web, ws",22,0,0,0,4,4,5,59,0,0,0,0,0,0,0,0,0,1,2,20,38,19,14,0,0,0,94,49,41,89
CHEM262_279,CHEM262_Masked_279,Pharmacy ,web,40,0,0,0,4,4,6,86,0,0,0,0,0,0,0,0,0,0,1,22,54,35,23,5,0,0,140,49,41,89
CHEM262_280,CHEM262_Masked_280,Pharmacy ,web,12,0,0,0,4,4,4,73,0,0,0,0,0,0,0,0,0,0,0,11,39,27,20,0,0,0,97,49,35,83
CHEM262_281,CHEM262_Masked_281,Pharmacy ,web,37,0,0,0,4,4,6,126,0,0,0,0,0,0,0,0,0,0,0,34,80,34,28,1,0,0,177,49,47,95
CHEM262_282,CHEM262_Masked_282,Agriculture ,ws,12,0,2,0,4,4,5,49,0,0,0,0,0,0,0,0,0,0,0,14,15,19,26,2,0,0,76,49,27,76
CHEM262_283,CHEM262_Masked_283,Agriculture ,web,74,0,0,0,4,4,4,84,0,0,0,0,0,0,0,0,0,0,3,27,44,47,48,1,0,0,170,49,26,74
CHEM262_284,CHEM262_Masked_284,Pharmacy ,web,59,0,0,0,4,4,4,63,0,0,0,0,0,0,0,0,0,0,0,28,35,26,3,41,0,1,134,45,41,85
CHEM262_285,CHEM262_Masked_285,Science and Arts,"web, ws",20,0,3,0,4,4,4,61,0,0,0,0,0,0,0,0,0,0,5,13,35,29,13,1,0,0,96,49,27,76
CHEM262_286,CHEM262_Masked_286,Pharmacy ,web,36,0,0,0,4,4,5,126,0,0,0,0,0,0,0,0,0,0,3,27,61,46,36,0,2,0,175,49,26,74
CHEM262_287,CHEM262_Masked_287,Pharmacy ,web,18,0,0,0,4,4,5,70,0,0,0,0,0,0,0,0,0,0,0,24,31,25,20,1,0,0,101,49,29,77
CHEM262_288,CHEM262_Masked_288,Pharmacy ,"web, ws",51,0,2,0,4,4,5,91,0,0,0,0,0,0,0,0,0,1,0,12,63,50,31,0,0,0,157,49,42,91
CHEM262_289,CHEM262_Masked_289,Pharmacy ,"web, ws",38,0,1,0,4,4,6,79,0,0,0,0,0,0,0,0,0,0,0,31,38,34,25,4,0,0,132,49,38,86
CHEM262_290,CHEM262_Masked_290,Pharmacy ,web,47,0,0,0,5,5,5,59,0,0,0,0,0,0,0,0,0,2,9,14,25,27,22,22,0,0,121,49,39,88
CHEM262_291,CHEM262_Masked_291,Pharmacy ,web,38,0,0,0,4,4,6,58,0,0,0,0,0,0,0,0,0,0,3,24,23,27,5,28,0,0,110,49,27,76
CHEM262_292,CHEM262_Masked_292,Science and Arts,web,30,0,17,0,4,4,4,52,0,0,0,0,0,0,0,0,0,0,0,18,58,20,15,0,0,0,111,49,32,80
CHEM262_293,CHEM262_Masked_293,Agriculture ,web,61,0,1,0,4,4,4,80,0,0,0,0,0,0,0,0,0,0,0,21,55,48,28,0,2,0,154,49,30,79
CHEM262_294,CHEM262_Masked_294,Pharmacy ,"web, ws",92,0,1,0,4,4,5,75,0,0,0,0,0,0,0,0,0,1,0,27,73,46,30,4,0,0,181,49,38,86
CHEM262_295,CHEM262_Masked_295,Pharmacy ,"web, ws",48,0,2,0,4,4,6,74,0,0,0,0,0,0,0,0,0,1,0,25,35,50,27,0,0,0,138,49,41,89
CHEM262_296,CHEM262_Masked_296,Pharmacy ,web,33,0,1,0,4,4,4,102,0,0,0,0,0,0,0,0,0,0,4,25,36,49,34,0,0,0,148,49,24,73
CHEM262_297,CHEM262_Masked_297,Science and Arts,web,36,0,5,0,4,4,4,49,0,0,0,0,0,0,0,0,0,0,2,25,22,26,23,4,0,0,102,49,50,98
CHEM262_298,CHEM262_Masked_298,Science and Arts,"web, ws",28,0,3,0,4,4,8,123,0,0,0,0,0,0,0,0,0,1,1,32,65,46,24,1,0,0,170,49,41,89
CHEM262_299,CHEM262_Masked_299,Pharmacy ,web,27,0,1,0,4,4,4,66,0,0,0,0,0,0,0,0,0,0,0,20,40,18,26,0,1,1,106,49,36,85
CHEM262_300,CHEM262_Masked_300,Science and Arts,web,29,0,0,0,4,4,4,70,0,0,0,0,0,0,0,0,0,0,0,24,33,27,21,6,0,0,111,49,23,71
CHEM262_301,CHEM262_Masked_301,Agriculture ,web,34,0,5,0,4,4,4,32,0,0,0,0,0,0,0,0,0,0,0,14,29,21,19,0,0,0,83,49,48,97
CHEM262_302,CHEM262_Masked_302,Nurse,web,53,0,0,0,4,4,4,44,1,0,0,0,0,0,0,0,0,0,3,20,23,23,36,0,0,5,110,47,30,77
CHEM262_303,CHEM262_Masked_303,Agriculture ,"web, ws",40,0,2,0,4,4,5,46,0,0,0,0,0,0,0,0,0,0,1,16,27,30,24,3,0,0,101,49,21,70
CHEM262_304,CHEM262_Masked_304,Pharmacy ,web,52,0,0,0,4,4,5,55,0,0,0,0,0,0,0,0,0,2,4,19,24,35,30,6,0,0,120,49,23,71
CHEM262_305,CHEM262_Masked_305,Engineering,"web, ws",31,0,8,0,4,4,5,107,0,0,0,0,0,0,0,0,0,0,2,30,62,39,26,0,0,0,159,49,38,86
CHEM262_306,CHEM262_Masked_306,Veterinary Medicine,web,24,0,2,0,4,4,7,77,0,0,0,0,0,0,0,0,0,0,0,23,37,30,27,1,0,0,118,50,20,70
CHEM262_307,CHEM262_Masked_307,Veterinary Medicine,"web, ws",35,0,1,0,4,4,5,50,0,0,0,0,0,0,0,0,0,0,2,13,26,35,23,0,0,0,99,49,30,79
CHEM262_308,CHEM262_Masked_308,Pharmacy ,web,52,0,8,0,4,4,4,71,0,0,0,0,0,0,0,0,0,0,1,23,34,17,28,39,1,0,143,50,24,74
CHEM262_309,CHEM262_Masked_309,Agriculture ,web,40,0,4,0,3,3,3,34,0,0,0,0,0,0,0,0,0,2,1,24,26,9,25,0,0,0,87,22,18,40
CHEM262_310,CHEM262_Masked_310,Nurse,"web, ws",34,0,1,0,4,2,10,51,0,0,0,0,0,0,0,0,0,0,0,29,33,21,16,3,0,0,102,49,21,70
CHEM262_311,CHEM262_Masked_311,Agriculture ,web,66,0,1,0,4,4,4,47,0,0,0,0,0,0,0,0,0,5,14,14,41,26,26,0,0,0,126,49,27,76
CHEM262_312,CHEM262_Masked_312,Applied Medical Sciences,web,37,0,3,0,4,4,6,120,0,0,0,0,0,0,0,0,0,0,1,43,44,56,28,2,0,0,174,49,33,82
CHEM262_313,CHEM262_Masked_313,Nurse,web,38,0,0,0,4,4,4,72,0,0,0,0,0,0,0,0,0,0,0,14,43,40,25,0,0,0,122,49,24,73
CHEM262_314,CHEM262_Masked_314,Applied Medical Sciences,web,37,0,0,0,4,4,5,88,0,0,0,0,0,0,0,0,0,0,6,31,26,42,33,0,0,0,138,49,27,76
CHEM262_315,CHEM262_Masked_315,Engineering,web,22,0,1,0,4,2,5,93,0,0,0,0,0,0,0,0,0,0,1,28,36,33,29,0,0,0,127,49,38,86
CHEM262_316,CHEM262_Masked_316,Pharmacy ,web,27,0,0,0,4,4,4,34,0,0,0,0,0,0,0,0,0,0,0,12,19,23,19,0,0,0,73,49,30,79
CHEM262_317,CHEM262_Masked_317,Veterinary Medicine,web,35,0,1,0,4,4,5,79,0,0,0,0,0,0,0,0,0,0,1,22,25,49,26,5,0,0,128,44,35,79
CHEM262_318,CHEM262_Masked_318,Pharmacy ,"web, ws",214,3,12,0,4,4,3,108,0,0,0,0,0,0,0,0,0,6,43,57,114,50,38,16,22,2,348,49,44,92
CHEM262_319,CHEM262_Masked_319,Pharmacy ,web,35,0,2,0,4,4,4,52,0,0,0,0,0,0,0,0,0,0,0,14,41,26,18,2,0,0,101,49,30,79
CHEM262_320,CHEM262_Masked_320,Agriculture ,web,78,0,0,0,4,4,3,86,0,0,0,0,0,0,0,0,0,0,2,37,69,42,25,0,0,0,175,45,27,72
CHEM262_321,CHEM262_Masked_321,Nurse,web,152,0,0,0,4,4,4,38,1,0,0,0,0,0,0,0,0,5,15,56,73,27,21,6,0,0,203,49,29,77
CHEM262_322,CHEM262_Masked_322,Nurse,web,51,0,0,0,4,4,4,32,0,0,0,0,0,0,0,0,0,0,4,11,8,16,14,42,0,0,95,47,24,71
CHEM262_323,CHEM262_Masked_323,Pharmacy ,web,77,0,0,0,4,4,6,156,0,0,0,0,0,0,0,0,0,0,0,50,99,45,40,9,2,2,247,49,50,98
CHEM262_324,CHEM262_Masked_324,Engineering,web,32,0,1,0,4,4,4,46,0,0,0,0,0,0,0,0,0,0,1,13,23,32,20,0,2,0,91,49,11,59
CHEM262_325,CHEM262_Masked_325,Science and Arts,web,60,0,4,0,4,4,5,126,8,0,0,0,0,0,0,0,0,11,10,53,51,46,35,5,0,0,211,49,27,76
CHEM262_326,CHEM262_Masked_326,Pharmacy ,web,43,0,0,0,5,5,6,45,2,0,0,0,0,0,0,0,0,1,1,14,17,25,20,28,0,0,106,49,26,74
CHEM262_327,CHEM262_Masked_327,Veterinary Medicine,"web, ws",41,0,12,0,4,4,4,74,0,0,0,0,0,0,0,0,0,0,1,30,33,44,31,0,0,0,139,49,30,79
CHEM262_328,CHEM262_Masked_328,Science and Arts,web,35,0,0,0,4,4,6,64,0,0,0,0,0,0,0,0,0,1,2,19,32,35,24,0,0,0,113,49,30,79
CHEM262_329,CHEM262_Masked_329,Applied Medical Sciences,"web, ws",124,0,8,0,4,4,6,79,0,0,0,0,0,0,0,0,0,0,2,36,116,34,33,4,0,0,225,49,42,91
CHEM262_330,CHEM262_Masked_330,Science and Arts,"web, ws",23,0,0,0,4,4,6,86,0,0,0,0,0,0,0,0,0,0,0,36,38,23,26,0,0,0,123,49,26,74
CHEM262_331,CHEM262_Masked_331,Science and Arts,"web, ws",33,0,2,0,4,4,10,75,0,0,0,0,0,0,0,0,0,0,0,10,44,39,28,0,0,7,128,49,44,92
CHEM262_332,CHEM262_Masked_332,Applied Medical Sciences,web,35,0,0,0,4,4,4,42,0,0,0,0,0,0,0,0,0,0,2,21,19,4,23,20,0,0,89,49,30,79
CHEM262_333,CHEM262_Masked_333,Science and Arts,ws,18,0,3,0,4,4,5,59,0,0,0,0,0,0,0,0,0,0,0,11,26,25,30,1,0,0,93,49,29,77
CHEM262_334,CHEM262_Masked_334,Veterinary Medicine,web,14,0,8,0,4,4,4,47,0,0,0,0,0,0,0,0,0,0,0,10,25,21,20,4,1,0,81,49,35,83
CHEM262_335,CHEM262_Masked_335,Veterinary Medicine,web,26,0,2,0,4,4,5,57,1,0,0,0,0,0,0,0,0,2,1,27,22,21,25,1,0,0,99,49,29,77
CHEM262_336,CHEM262_Masked_336,Pharmacy ,web,34,0,3,0,4,4,5,58,0,0,0,0,0,0,0,0,0,0,1,23,25,30,25,0,0,4,108,49,24,73
CHEM262_337,CHEM262_Masked_337,Agriculture ,web,23,0,1,0,4,4,6,48,0,0,0,0,0,0,0,0,0,0,0,15,18,30,23,0,0,0,86,47,17,64
CHEM262_338,CHEM262_Masked_338,Pharmacy ,"web, ws",64,0,4,0,4,4,6,112,0,0,0,0,0,0,0,0,0,2,1,31,71,45,27,7,0,10,194,49,35,83
CHEM262_339,CHEM262_Masked_339,Pharmacy ,web,60,0,0,0,4,4,6,118,0,0,0,0,0,0,0,0,0,1,2,42,66,49,28,4,0,0,192,49,35,83
CHEM262_340,CHEM262_Masked_340,Agriculture ,"web, ws",86,0,27,0,4,4,7,85,1,0,0,0,0,0,0,0,0,0,0,17,79,58,34,26,0,0,214,41,20,60
CHEM262_341,CHEM262_Masked_341,Science and Arts,web,26,0,1,0,4,4,5,67,1,0,0,0,0,0,0,0,0,3,1,11,17,57,18,1,0,0,108,49,30,79
CHEM262_342,CHEM262_Masked_342,Pharmacy ,ws,32,0,2,0,4,4,10,114,0,0,0,0,0,0,0,0,0,0,1,33,46,54,32,0,0,0,166,49,26,74
CHEM262_343,CHEM262_Masked_343,Agriculture ,web,48,0,0,0,4,4,5,56,0,0,0,0,0,0,0,0,0,0,3,17,38,40,19,0,0,0,117,49,24,73
CHEM262_344,CHEM262_Masked_344,Pharmacy ,"web, ws",28,0,0,0,4,4,4,32,0,0,0,0,0,0,0,0,0,0,0,12,14,15,19,1,0,11,72,49,38,86
CHEM262_345,CHEM262_Masked_345,Nurse,web,30,0,0,0,5,5,6,65,0,0,0,0,0,0,0,0,0,0,0,22,25,28,15,21,0,0,111,47,32,79
CHEM262_346,CHEM262_Masked_346,Applied Medical Sciences,"web, ws",52,0,6,0,4,4,7,107,0,0,0,0,0,0,0,0,0,0,1,33,42,49,18,37,0,0,180,49,27,76
CHEM262_347,CHEM262_Masked_347,Agriculture ,web,32,0,2,0,4,4,4,45,0,0,0,0,0,0,0,0,0,3,1,15,35,20,14,3,0,0,91,49,17,65
CHEM262_348,CHEM262_Masked_348,Agriculture ,"web, ws",38,0,0,0,4,4,4,32,0,0,0,0,0,0,0,0,0,0,0,18,28,17,13,6,0,0,82,49,21,70
CHEM262_349,CHEM262_Masked_349,Veterinary Medicine,web,56,0,1,0,4,4,4,85,0,0,0,0,0,0,0,0,0,0,8,36,48,35,27,0,0,0,154,49,30,79
CHEM262_350,CHEM262_Masked_350,Veterinary Medicine,web,18,0,3,0,4,4,7,58,1,0,0,0,0,0,0,0,0,0,0,14,45,16,18,1,1,0,95,49,41,89
CHEM262_351,CHEM262_Masked_351,Applied Medical Sciences,ws,32,0,3,0,4,4,4,34,0,0,0,0,0,0,0,0,0,0,1,18,21,19,17,5,0,0,81,49,36,85
CHEM262_352,CHEM262_Masked_352,Applied Medical Sciences,web,41,0,9,0,3,3,4,39,1,0,0,0,0,0,0,0,0,0,7,33,3,40,15,2,0,0,100,28,33,61
CHEM262_353,CHEM262_Masked_353,Agriculture ,web,26,0,0,0,4,4,4,84,0,0,0,0,0,0,0,0,0,0,0,12,37,38,31,4,0,0,122,49,42,91
CHEM262_354,CHEM262_Masked_354,Nurse,web,132,0,17,0,5,5,5,42,8,0,0,0,0,0,0,0,0,0,5,19,93,39,19,39,0,0,214,47,33,80
CHEM262_355,CHEM262_Masked_355,Agriculture ,"web, ws",64,0,0,0,4,4,8,75,0,0,0,0,0,0,0,0,0,1,9,23,49,49,19,5,0,0,155,49,32,80
CHEM262_356,CHEM262_Masked_356,Pharmacy ,web,17,0,2,0,4,4,4,85,0,0,0,0,0,0,0,0,0,0,0,13,36,42,25,0,0,0,116,49,44,92
CHEM262_357,CHEM262_Masked_357,Agriculture ,web,85,0,0,0,4,4,4,44,0,0,0,0,0,0,0,0,0,2,9,15,22,7,30,56,0,0,141,41,36,77
CHEM262_358,CHEM262_Masked_358,Pharmacy ,web,11,0,0,0,4,4,4,35,0,0,0,0,0,0,0,0,0,0,0,11,15,16,1,15,0,0,58,45,33,78
CHEM262_359,CHEM262_Masked_359,Agriculture ,web,39,0,0,0,4,4,5,82,4,0,0,0,0,0,0,0,0,0,18,19,34,39,27,1,0,0,138,49,23,71
CHEM262_360,CHEM262_Masked_360,Pharmacy ,web,20,0,3,0,4,4,4,96,0,0,0,0,0,0,0,0,0,0,0,33,34,35,29,0,0,0,131,49,38,86
CHEM262_361,CHEM262_Masked_361,Veterinary Medicine,web,23,0,0,0,4,4,4,37,2,0,0,0,0,0,0,0,0,0,0,16,23,17,18,0,0,0,74,47,27,74
CHEM262_362,CHEM262_Masked_362,Veterinary Medicine,web,49,0,0,0,4,4,4,35,0,0,0,0,0,0,0,0,0,0,0,16,38,18,15,3,6,0,96,49,20,68
CHEM262_363,CHEM262_Masked_363,Veterinary Medicine,web,37,0,0,0,5,5,5,60,0,0,0,0,0,0,0,0,0,0,2,13,35,17,22,23,0,0,112,49,20,68
CHEM262_364,CHEM262_Masked_364,Engineering,"web, ws",41,0,1,0,4,4,9,84,0,0,0,0,0,0,0,0,0,0,7,36,35,34,31,0,0,0,143,49,24,73
CHEM262_365,CHEM262_Masked_365,Pharmacy ,web,65,0,0,0,5,5,5,61,0,0,0,0,0,0,0,0,0,0,2,14,46,20,20,34,5,0,141,49,33,82
CHEM262_366,CHEM262_Masked_366,Pharmacy ,web,136,0,3,0,4,4,4,72,0,0,0,0,0,0,0,0,0,4,4,30,65,28,37,55,0,0,223,50,38,88
CHEM262_367,CHEM262_Masked_367,Engineering,"web, ws",108,0,0,0,4,4,7,109,1,0,0,0,0,0,0,0,0,2,12,36,51,57,59,8,6,2,233,49,27,76
CHEM262_368,CHEM262_Masked_368,Nurse,"web, ws",62,0,11,0,4,4,4,39,1,0,0,0,0,0,0,0,0,3,0,26,25,3,32,36,0,0,125,49,27,76
CHEM262_369,CHEM262_Masked_369,Pharmacy ,"web, ws",76,0,1,0,4,4,4,83,0,0,0,0,0,0,0,0,0,2,2,30,45,54,29,2,0,8,172,49,44,92
CHEM262_370,CHEM262_Masked_370,Pharmacy ,"web, ws",37,0,0,0,4,4,5,45,0,0,0,0,0,0,0,0,0,0,0,16,45,15,19,0,0,0,95,49,27,76
CHEM262_371,CHEM262_Masked_371,Applied Medical Sciences,web,51,0,0,0,4,4,4,73,0,0,0,0,0,0,0,0,0,3,1,18,52,39,23,0,0,0,136,49,30,79
CHEM262_372,CHEM262_Masked_372,Agriculture ,web,52,0,1,0,5,4,6,130,0,0,0,0,0,0,0,0,0,1,1,21,43,43,44,44,0,1,198,49,26,74
CHEM262_373,CHEM262_Masked_373,Nurse,web,27,10,26,0,5,5,6,79,0,0,0,0,0,0,0,0,0,0,0,32,48,26,17,35,0,0,158,49,29,77
CHEM262_374,CHEM262_Masked_374,Applied Medical Sciences,web,35,0,0,0,4,4,5,119,0,0,0,0,0,0,0,0,0,0,0,35,37,60,27,0,8,0,167,47,23,70
CHEM262_375,CHEM262_Masked_375,Nurse,web,69,0,0,0,4,4,4,61,0,0,0,0,0,0,0,0,0,0,3,22,55,38,22,2,0,0,142,49,24,73
CHEM262_376,CHEM262_Masked_376,Science and Arts,"web, ws",49,0,19,0,4,4,4,58,0,0,0,0,0,0,0,0,0,6,8,31,38,30,20,4,1,0,138,49,23,71
CHEM262_377,CHEM262_Masked_377,Agriculture ,"web, ws",81,0,6,0,4,4,9,75,0,0,0,0,0,0,0,0,0,1,7,18,58,36,53,2,4,0,179,47,27,74
CHEM262_378,CHEM262_Masked_378,Pharmacy ,web,19,0,0,0,4,4,4,53,0,0,0,0,0,0,0,0,0,0,0,13,17,30,24,0,0,0,84,49,14,62
CHEM262_379,CHEM262_Masked_379,Veterinary Medicine,web,33,0,0,0,4,4,4,59,0,0,0,0,0,0,0,0,0,0,3,12,42,28,19,0,0,0,104,49,24,73
CHEM262_380,CHEM262_Masked_380,Nurse,"web, ws",42,0,35,0,4,4,8,92,0,0,0,0,0,0,0,0,0,0,3,30,57,59,33,2,1,0,185,49,30,79
CHEM262_381,CHEM262_Masked_381,Nurse,web,47,0,0,0,5,5,5,67,0,0,0,0,0,0,0,0,0,0,2,12,31,33,18,33,0,0,129,47,27,74
CHEM262_382,CHEM262_Masked_382,Pharmacy ,web,157,0,0,0,4,4,4,109,3,0,0,0,0,0,0,0,0,2,7,24,167,52,29,0,0,0,281,49,33,82
CHEM262_383,CHEM262_Masked_383,Pharmacy ,web,43,0,2,0,4,4,4,90,0,0,0,0,0,0,0,0,0,0,2,25,46,43,28,3,0,0,147,49,39,88
CHEM262_384,CHEM262_Masked_384,Veterinary Medicine,"web, ws",32,2,4,0,4,4,6,111,0,0,0,0,0,0,0,0,0,0,2,43,41,28,47,0,2,0,163,49,32,80
CHEM262_385,CHEM262_Masked_385,Pharmacy ,web,50,0,0,0,4,4,5,117,1,0,0,0,0,0,0,0,0,0,0,42,57,51,31,0,0,0,181,49,20,68
CHEM262_386,CHEM262_Masked_386,Veterinary Medicine,"web, ws",9,0,0,0,4,4,4,40,0,0,0,0,0,0,0,0,0,0,0,10,17,15,19,0,0,0,61,49,32,80
CHEM262_387,CHEM262_Masked_387,Veterinary Medicine,"web, ws",31,0,0,0,4,4,4,55,0,0,0,0,0,0,0,0,0,1,0,18,21,35,21,2,0,0,98,49,23,71
CHEM262_388,CHEM262_Masked_388,Applied Medical Sciences,web,37,0,6,0,4,4,4,98,0,0,0,0,0,0,0,0,0,0,4,15,55,37,42,0,0,0,153,38,26,64
CHEM262_389,CHEM262_Masked_389,Veterinary Medicine,web,133,0,0,0,4,4,11,89,1,0,0,0,0,0,0,0,0,3,4,82,70,44,29,10,0,0,242,47,20,67
CHEM262_390,CHEM262_Masked_390,Agriculture ,web,66,0,0,0,4,4,4,74,0,0,0,0,0,0,0,0,0,1,1,33,45,42,28,2,0,0,152,49,29,77
CHEM262_391,CHEM262_Masked_391,Pharmacy ,web,47,0,0,0,4,4,7,73,0,0,0,0,0,0,0,0,0,0,7,45,35,25,23,0,0,0,135,49,21,70
CHEM262_392,CHEM262_Masked_392,Veterinary Medicine,web,35,0,0,0,5,5,5,51,0,0,0,0,0,0,0,0,0,0,2,11,23,22,18,25,0,0,101,49,24,73
CHEM262_393,CHEM262_Masked_393,Science and Arts,web,15,0,0,0,4,2,4,37,0,0,0,0,0,0,0,0,0,0,0,12,20,18,12,0,0,0,62,49,27,76
CHEM262_394,CHEM262_Masked_394,Pharmacy ,web,22,0,1,0,4,4,6,69,0,0,0,0,0,0,0,0,0,0,0,22,42,19,23,0,0,0,106,49,23,71
CHEM262_395,CHEM262_Masked_395,Science and Arts,web,45,0,3,0,4,4,5,94,0,0,0,0,0,0,0,0,0,1,1,31,30,10,30,52,0,0,155,50,20,70
CHEM262_396,CHEM262_Masked_396,Pharmacy ,"web, ws",39,0,6,0,4,4,5,77,0,0,0,0,0,0,0,0,0,0,0,21,22,48,41,3,0,0,135,49,20,68
CHEM262_397,CHEM262_Masked_397,Nurse,"web, ws",11,0,1,0,4,4,4,38,0,0,0,0,0,0,0,0,0,0,1,10,21,16,14,0,0,0,62,49,35,83
CHEM262_398,CHEM262_Masked_398,Agriculture ,"web, ws",29,0,2,0,4,4,5,47,0,0,0,0,0,0,0,0,0,0,4,16,22,17,32,0,0,0,91,49,17,65
CHEM262_399,CHEM262_Masked_399,Science and Arts,"web, ws",21,0,2,0,4,4,5,42,1,0,0,0,0,0,0,0,0,2,1,18,26,17,14,1,0,0,79,49,24,73
CHEM262_400,CHEM262_Masked_400,Pharmacy ,web,57,0,1,0,4,4,4,71,0,0,0,0,0,0,0,0,0,0,7,22,45,39,25,0,1,2,141,49,32,80
CHEM262_401,CHEM262_Masked_401,Veterinary Medicine,web,54,0,0,0,4,4,4,78,0,0,0,0,0,0,0,0,0,0,1,23,46,46,28,0,0,0,144,49,39,88
CHEM262_402,CHEM262_Masked_402,Science and Arts,web,29,0,0,0,4,4,5,33,0,0,0,0,0,0,0,0,0,1,1,15,19,18,21,0,0,0,75,47,32,79
CHEM262_403,CHEM262_Masked_403,Pharmacy ,web,67,0,0,0,4,4,4,100,0,0,0,0,0,0,0,0,0,1,6,24,49,61,36,2,0,0,179,47,50,97
CHEM262_404,CHEM262_Masked_404,Veterinary Medicine,web,63,0,5,0,4,4,6,57,0,0,0,0,0,0,0,0,0,1,10,25,20,41,33,9,0,0,139,49,33,82
CHEM262_405,CHEM262_Masked_405,Science and Arts,web,18,0,0,0,4,4,5,51,0,0,0,0,0,0,0,0,0,0,0,24,25,16,13,4,0,0,82,46,24,70
CHEM262_406,CHEM262_Masked_406,Veterinary Medicine,web,42,0,4,0,4,4,4,75,0,0,0,0,0,0,0,0,0,0,0,29,29,34,41,0,0,0,133,47,30,77
CHEM262_407,CHEM262_Masked_407,Pharmacy ,"web, ws",36,0,0,0,5,5,9,94,0,0,0,0,0,0,0,0,0,0,0,23,39,35,34,18,0,0,149,49,48,97
CHEM262_408,CHEM262_Masked_408,Pharmacy ,web,46,0,0,0,4,4,4,74,0,0,0,0,0,0,0,0,0,1,7,24,21,48,31,0,0,0,132,49,36,85
CHEM262_409,CHEM262_Masked_409,Veterinary Medicine,web,35,0,2,0,4,4,4,42,0,0,0,0,0,0,0,0,0,0,0,23,25,23,19,1,0,0,91,49,29,77
CHEM262_410,CHEM262_Masked_410,Science and Arts,"web, ws",63,0,9,0,4,4,12,114,0,0,0,0,0,0,0,0,0,0,6,49,66,45,34,6,0,0,206,49,35,83
CHEM262_411,CHEM262_Masked_411,Pharmacy ,web,50,0,0,0,4,4,7,145,0,0,0,0,0,0,0,0,0,0,3,30,62,71,44,0,0,0,210,49,27,76
CHEM262_412,CHEM262_Masked_412,Veterinary Medicine,web,49,0,3,0,4,4,4,81,1,0,0,0,0,0,0,0,0,0,2,30,46,45,23,0,0,0,146,49,29,77
CHEM262_413,CHEM262_Masked_413,Pharmacy ,ws,64,0,6,0,4,4,11,98,0,0,0,0,0,0,0,0,0,1,2,26,35,57,45,2,17,2,187,38,33,71
CHEM262_414,CHEM262_Masked_414,Pharmacy ,web,33,0,5,0,4,4,4,36,0,0,0,0,0,0,0,0,0,0,0,15,28,17,24,2,0,0,86,49,32,80
CHEM262_415,CHEM262_Masked_415,Nurse,web,21,0,0,0,4,4,4,40,1,0,0,0,0,0,0,0,0,0,2,19,22,19,12,0,0,0,74,47,23,70
CHEM262_416,CHEM262_Masked_416,Science and Arts,"web, ws",23,0,8,0,4,4,6,64,0,0,0,0,0,0,0,0,0,0,0,22,28,42,16,1,0,0,109,49,35,83
CHEM262_417,CHEM262_Masked_417,Pharmacy ,"web, ws",34,0,1,0,4,4,10,105,0,0,0,0,0,0,0,0,0,0,4,23,50,43,34,0,0,4,158,49,35,83
CHEM262_418,CHEM262_Masked_418,Applied Medical Sciences,"web, ws",57,0,1,0,4,4,6,171,3,0,0,0,0,0,0,0,0,2,6,44,73,79,42,0,0,0,246,49,29,77
CHEM262_419,CHEM262_Masked_419,Pharmacy ,"web, ws",29,0,2,0,4,4,4,86,0,0,0,0,0,0,0,0,0,0,2,26,39,28,34,0,0,0,129,49,41,89
CHEM262_420,CHEM262_Masked_420,Pharmacy ,"web, ws",36,0,2,0,4,4,6,64,0,0,0,0,0,0,0,0,0,0,0,11,41,40,1,23,0,0,116,47,24,71
CHEM262_421,CHEM262_Masked_421,Pharmacy ,web,27,0,0,0,4,4,4,32,0,0,0,0,0,0,0,0,0,0,0,13,17,20,15,6,0,0,71,47,33,80
CHEM262_422,CHEM262_Masked_422,Applied Medical Sciences,web,32,0,0,0,4,4,6,46,0,0,0,0,0,0,0,0,0,0,0,29,23,22,18,0,0,0,92,49,11,59
CHEM262_423,CHEM262_Masked_423,Science and Arts,web,40,0,0,0,4,4,5,46,0,0,0,0,0,0,0,0,0,0,1,17,29,25,27,0,0,0,99,49,18,67
CHEM262_424,CHEM262_Masked_424,Agriculture ,"web, ws",24,0,7,0,4,4,9,61,0,0,0,0,0,0,0,0,0,1,3,21,33,20,28,3,0,0,109,47,26,73
CHEM262_425,CHEM262_Masked_425,Veterinary Medicine,web,16,0,1,0,4,4,5,46,0,0,0,0,0,0,0,0,0,0,1,10,25,18,20,2,0,0,76,47,11,58
CHEM262_426,CHEM262_Masked_426,Applied Medical Sciences,"web, ws",42,0,1,0,4,4,5,60,0,0,0,0,0,0,0,0,0,0,3,17,5,23,19,49,0,0,116,31,32,62
CHEM262_427,CHEM262_Masked_427,Agriculture ,web,85,0,0,0,5,5,5,112,1,0,0,0,0,0,0,0,0,12,5,31,45,45,33,42,0,0,213,49,27,76
CHEM262_428,CHEM262_Masked_428,Pharmacy ,web,64,0,0,0,4,4,5,85,0,0,0,0,0,0,0,0,0,0,0,23,46,39,41,13,0,0,162,49,14,62