ID number,Surname,Faculty,Origin,Course module viewed,Grade user report viewed,Grade overview report viewed,Quiz attempt submitted,Quiz attempt viewed,Quiz attempt summary viewed,Quiz attempt started,W1,W2,W3,W4,W5,W6,W7,W8,W9,W10,W11,W12,W13,W14,W15,W16,W17,Total Events,Label_Semester,Label_Final,Label_Total,Label_Semester_norm
CIS099_1,CIS099_Masked_1,Nurse,"web, ws",123,38,1,6,22,4,6,0,0,0,15,0,0,0,18,13,16,18,9,7,31,19,54,0,200,27,38,65,33.75
CIS099_2,CIS099_Masked_2,Agriculture ,"web, ws",69,3,0,7,26,5,7,0,0,15,10,5,1,0,24,13,9,14,1,1,20,4,0,0,117,34,29,63,42.5
CIS099_3,CIS099_Masked_3,Engineering,"web, ws",85,55,6,6,30,6,6,1,5,3,19,0,11,1,31,17,17,19,2,2,39,17,9,1,194,40,41,81,50
CIS099_4,CIS099_Masked_4,Engineering,"web, ws",40,1,0,2,7,1,2,0,8,1,0,0,0,0,11,13,0,6,1,3,1,2,7,0,53,23,41,64,28.75
CIS099_5,CIS099_Masked_5,Nurse,"web, ws",95,18,0,7,44,12,7,0,0,0,21,0,0,0,42,22,11,27,18,3,26,13,0,0,183,34,16,50,42.5
CIS099_6,CIS099_Masked_6,Engineering,web,90,2,0,6,21,3,6,0,0,3,12,0,0,0,12,12,11,23,2,11,26,13,1,2,128,30,41,71,37.5
CIS099_7,CIS099_Masked_7,Agriculture ,"web, ws",105,8,0,7,27,6,7,0,0,3,11,0,0,0,34,19,18,10,8,1,19,36,1,0,160,34,35,69,42.5
CIS099_8,CIS099_Masked_8,Applied Medical Sciences,web,25,3,2,6,24,5,6,0,0,0,14,0,0,2,13,9,9,10,1,0,8,5,0,0,71,33,36,69,41.25
CIS099_9,CIS099_Masked_9,Agriculture ,"web, ws",53,16,3,7,29,8,7,0,0,0,13,0,0,0,23,9,9,13,0,2,18,23,12,1,123,30,26,56,37.5
CIS099_10,CIS099_Masked_10,Medicine,"web, ws",74,16,0,7,28,5,7,0,0,3,14,0,0,0,32,9,10,21,5,7,23,6,7,0,137,38,36,74,47.5
CIS099_11,CIS099_Masked_11,Science and Arts,"web, ws",39,27,0,6,32,9,6,0,0,0,19,0,0,0,24,15,15,0,2,2,26,15,0,1,119,32,42,74,40
CIS099_12,CIS099_Masked_12,Medicine,web,43,1,0,5,24,7,5,0,0,0,0,0,0,0,14,13,9,19,1,0,27,2,0,0,85,31,39,70,38.75
CIS099_13,CIS099_Masked_13,Agriculture ,"web, ws",69,4,0,4,26,4,5,0,0,0,0,0,0,0,26,11,4,14,0,3,41,13,0,0,112,30,38,68,37.5
CIS099_14,CIS099_Masked_14,Computer Information Technology,ws,25,55,0,6,28,5,6,0,2,0,10,0,0,2,15,13,12,15,1,4,24,27,0,0,125,28,42,70,35
CIS099_15,CIS099_Masked_15,Medicine,"web, ws",77,10,0,7,30,6,7,0,0,2,15,0,0,0,35,9,11,33,0,0,24,8,0,0,137,34,26,60,42.5
CIS099_16,CIS099_Masked_16,Nurse,web,96,0,0,5,19,2,5,0,6,0,19,0,22,0,15,4,15,27,2,1,12,4,0,0,127,24,42,66,30
CIS099_17,CIS099_Masked_17,Engineering,"web, ws",67,31,0,6,28,9,6,0,0,1,24,0,0,1,22,13,20,26,3,1,20,12,1,0,144,35,39,74,43.75
CIS099_18,CIS099_Masked_18,Engineering,"web, ws",70,6,0,6,35,4,6,1,24,3,16,0,5,0,13,13,11,11,4,0,21,4,1,0,127,34,44,78,42.5
CIS099_19,CIS099_Masked_19,Nurse,web,33,1,0,4,13,3,4,0,0,0,1,0,0,0,2,12,13,11,0,1,14,4,0,0,58,18,26,44,22.5
CIS099_20,CIS099_Masked_20,Agriculture ,web,104,6,0,5,26,9,5,0,0,0,15,0,0,1,13,4,30,26,9,9,33,14,1,0,155,19,33,52,23.75
CIS099_21,CIS099_Masked_21,Nurse,web,47,1,0,2,9,0,2,0,0,0,0,6,0,0,0,0,0,20,1,0,13,14,7,0,61,13,38,51,16.25
CIS099_22,CIS099_Masked_22,Nurse,"web, ws",43,12,0,6,26,5,6,1,3,0,2,0,0,0,19,8,13,16,1,0,22,13,0,0,98,26,35,61,32.5
CIS099_23,CIS099_Masked_23,Nurse,"web, ws",86,8,0,6,24,5,6,0,0,0,13,0,0,1,13,10,20,16,2,5,32,15,8,0,135,29,51,80,36.25
CIS099_24,CIS099_Masked_24,Nurse,"web, ws",72,4,0,7,39,2,7,0,1,0,19,0,0,0,29,17,13,25,4,1,18,4,0,0,131,23,33,56,28.75
CIS099_25,CIS099_Masked_25,Science and Arts,"web, ws",87,36,0,6,36,6,6,20,2,0,15,1,0,15,17,10,9,30,0,12,20,25,1,0,177,34,42,76,42.5
CIS099_26,CIS099_Masked_26,Medicine,"web, ws",37,1,0,6,34,6,6,0,0,0,12,0,0,0,14,10,15,15,0,0,23,1,0,0,90,34,41,75,42.5
CIS099_27,CIS099_Masked_27,Applied Medical Sciences,web,89,0,0,7,29,6,7,0,0,0,13,0,0,0,32,15,18,17,9,0,32,0,1,0,137,22,36,58,27.5
CIS099_28,CIS099_Masked_28,Pharmacy,web,42,10,0,6,32,3,6,0,0,0,11,0,0,0,13,9,11,19,2,2,25,7,0,0,99,38,45,83,47.5
CIS099_29,CIS099_Masked_29,Dentistry,"web, ws",89,15,3,6,23,5,6,2,0,0,11,0,0,2,42,18,15,12,3,2,33,5,2,0,147,32,48,80,40
CIS099_30,CIS099_Masked_30,Engineering,web,61,11,0,3,17,1,3,0,7,2,10,2,0,0,3,0,5,15,3,6,33,4,6,0,96,26,38,64,32.5
CIS099_31,CIS099_Masked_31,Medicine,"web, ws",72,23,2,6,27,2,6,4,1,1,17,0,0,0,22,10,11,14,1,1,31,16,6,2,137,36,39,75,45
CIS099_32,CIS099_Masked_32,Engineering,web,46,5,1,4,19,4,4,0,1,1,1,0,0,6,19,0,14,14,0,0,22,5,0,0,83,35,39,74,43.75
CIS099_33,CIS099_Masked_33,Applied Medical Sciences,"web, ws",53,49,0,7,29,2,7,0,0,6,14,1,0,0,37,16,13,14,4,3,23,16,0,0,147,39,38,77,48.75
CIS099_34,CIS099_Masked_34,Science and Arts,web,49,0,0,7,33,5,7,0,0,0,13,0,10,0,25,6,10,11,7,2,16,1,0,0,101,22,39,61,27.5
CIS099_35,CIS099_Masked_35,Engineering,web,72,48,0,7,34,8,7,0,0,1,18,0,7,0,29,12,11,29,5,4,38,15,6,1,176,36,45,81,45
CIS099_36,CIS099_Masked_36,Engineering,web,28,0,0,5,23,5,5,0,0,0,13,0,0,0,25,0,13,0,1,0,9,5,0,0,66,34,51,85,42.5
CIS099_37,CIS099_Masked_37,Science and Arts,web,21,8,0,1,9,2,2,0,0,0,0,0,0,0,0,0,0,17,0,3,10,13,0,0,43,16,48,64,20
CIS099_38,CIS099_Masked_38,Science and Arts,"web, ws",48,11,0,6,28,5,6,0,4,2,11,0,0,2,12,13,10,9,5,0,20,14,2,0,104,20,45,65,25
CIS099_39,CIS099_Masked_39,Pharmacy,web,47,0,0,5,19,5,5,0,0,0,11,0,0,1,11,13,0,20,4,5,15,0,1,0,81,23,38,61,28.75
CIS099_40,CIS099_Masked_40,Nurse,ws,20,9,0,2,16,4,2,0,0,0,0,0,0,0,4,0,11,0,0,3,24,7,4,0,53,17,42,59,21.25
CIS099_41,CIS099_Masked_41,Nurse,web,68,10,0,5,22,3,6,0,0,0,12,0,0,0,11,9,9,15,0,3,42,12,1,0,114,26,26,52,32.5
CIS099_42,CIS099_Masked_42,Computer Information Technology,"web, ws",32,18,0,5,20,5,5,1,0,2,10,0,0,2,13,9,10,14,2,0,2,16,4,0,85,29,41,70,36.25
CIS099_43,CIS099_Masked_43,Nurse,web,62,9,0,4,15,2,4,0,0,0,0,0,1,1,19,0,10,18,0,4,24,19,0,0,96,24,33,57,30
CIS099_44,CIS099_Masked_44,Science and Arts,web,37,0,0,3,20,2,4,0,0,0,9,0,0,0,0,0,7,17,0,0,24,9,0,0,66,27,32,59,33.75
CIS099_45,CIS099_Masked_45,Medicine,web,7,0,0,1,5,0,1,0,0,0,0,0,0,0,0,0,0,0,0,0,14,0,0,0,14,4,39,43,5
CIS099_46,CIS099_Masked_46,Science and Arts,web,26,1,0,3,8,0,3,0,0,0,3,0,0,0,10,1,0,11,0,0,15,1,0,0,41,16,34,50,20
CIS099_47,CIS099_Masked_47,Science and Arts,"web, ws",24,26,0,7,40,9,7,0,0,0,12,0,0,0,24,15,19,15,0,0,15,12,1,0,113,26,42,68,32.5
CIS099_48,CIS099_Masked_48,Science and Arts,"web, ws",95,26,0,7,33,7,7,0,10,0,15,0,0,4,28,18,24,10,11,8,37,10,0,0,175,28,38,66,35
CIS099_49,CIS099_Masked_49,Nurse,web,102,7,1,7,26,5,7,0,0,0,13,0,0,3,32,10,20,17,12,12,19,14,0,0,152,32,32,64,40
CIS099_50,CIS099_Masked_50,Medicine,"web, ws",75,18,0,5,24,6,5,1,0,2,15,1,1,0,25,18,3,20,4,1,21,21,0,0,133,33,51,84,41.25
CIS099_51,CIS099_Masked_51,Engineering,"web, ws",31,14,0,6,21,4,6,0,0,1,10,0,2,0,12,8,10,14,4,1,13,7,0,0,82,31,44,75,38.75
CIS099_52,CIS099_Masked_52,Computer Information Technology,web,35,0,0,4,12,2,4,0,0,0,9,0,0,2,0,8,0,11,0,6,21,0,0,0,57,26,47,73,32.5
CIS099_53,CIS099_Masked_53,Medicine,web,63,0,0,5,21,5,5,0,0,0,12,0,0,0,9,0,15,24,0,0,18,16,5,0,99,36,29,65,45
CIS099_54,CIS099_Masked_54,Computer Information Technology,web,26,12,0,5,26,6,5,0,0,0,13,0,0,0,10,12,0,15,1,0,14,14,1,0,80,28,27,55,35
CIS099_55,CIS099_Masked_55,Agriculture ,web,27,0,0,2,7,1,2,0,0,0,0,0,0,0,0,0,0,14,0,0,0,7,18,0,39,9,36,45,11.25
CIS099_56,CIS099_Masked_56,Medicine,"web, ws",103,14,0,6,28,5,6,1,9,2,16,11,5,0,12,17,12,18,1,2,49,7,0,0,162,38,44,82,47.5
CIS099_57,CIS099_Masked_57,Engineering,web,85,13,0,6,27,7,6,0,9,13,17,0,5,0,22,15,11,18,11,3,13,4,1,0,142,33,30,63,41.25
CIS099_58,CIS099_Masked_58,Medicine,web,83,49,1,7,27,6,7,3,1,0,12,0,0,0,24,9,9,9,12,7,44,50,0,0,180,31,39,70,38.75
CIS099_59,CIS099_Masked_59,Veterinary Medicine,web,41,13,0,3,13,2,3,0,0,9,12,0,0,0,13,0,0,10,0,0,10,16,5,0,75,22,17,39,27.5
CIS099_60,CIS099_Masked_60,Science and Arts,web,46,11,0,5,22,5,5,0,3,0,10,1,0,0,16,9,12,13,5,0,11,9,5,0,94,28,45,73,35
CIS099_61,CIS099_Masked_61,Veterinary Medicine,"web, ws",74,13,2,4,19,3,4,0,20,0,13,0,0,1,0,13,0,18,0,0,31,10,10,3,119,35,35,70,43.75
CIS099_62,CIS099_Masked_62,Nurse,web,97,2,0,6,27,4,7,0,0,0,14,0,0,0,32,11,15,10,1,2,54,4,0,0,143,30,26,56,37.5
CIS099_63,CIS099_Masked_63,Nurse,"web, ws",43,9,0,5,22,6,6,0,0,0,11,0,0,0,12,8,10,8,0,0,32,9,1,0,91,34,21,55,42.5
CIS099_64,CIS099_Masked_64,Engineering,"web, ws",144,30,0,4,20,4,5,0,0,0,40,0,2,4,7,28,12,35,6,5,14,17,37,0,207,31,50,81,38.75
CIS099_65,CIS099_Masked_65,Engineering,web,57,0,0,6,28,7,6,0,0,0,15,0,0,0,12,12,19,13,0,6,25,2,0,0,104,30,23,53,37.5
CIS099_66,CIS099_Masked_66,Medicine,web,79,3,0,6,23,6,6,2,5,0,14,3,0,0,33,19,8,23,3,0,11,2,0,0,123,39,30,69,48.75
CIS099_67,CIS099_Masked_67,Nurse,"web, ws",75,6,0,6,22,3,6,0,0,0,22,0,13,0,15,10,9,26,0,1,11,11,0,0,118,28,23,51,35
CIS099_68,CIS099_Masked_68,Medicine,ws,16,12,0,5,27,7,5,0,0,0,10,0,0,0,11,0,11,16,1,0,17,6,0,0,72,31,35,66,38.75
CIS099_69,CIS099_Masked_69,Nurse,"web, ws",71,6,0,6,30,4,6,0,0,0,22,0,0,0,14,13,15,19,2,11,26,1,0,0,123,35,27,62,43.75
CIS099_70,CIS099_Masked_70,Dentistry,web,50,4,0,6,26,7,6,0,6,0,12,0,0,0,14,14,11,18,0,0,18,3,3,0,99,38,44,82,47.5
CIS099_71,CIS099_Masked_71,Nurse,web,42,6,0,6,31,5,6,0,0,0,11,0,0,0,13,17,9,17,0,0,13,14,1,0,95,27,48,75,33.75
CIS099_72,CIS099_Masked_72,Medicine,"web, ws",39,10,0,5,33,4,5,1,4,0,14,0,0,0,17,0,9,15,1,0,24,8,3,0,96,20,36,56,25
CIS099_73,CIS099_Masked_73,Engineering,web,25,15,0,5,22,6,5,0,0,0,1,0,0,0,15,10,13,19,1,0,10,6,3,0,78,32,45,77,40
CIS099_74,CIS099_Masked_74,Pharmacy,"web, ws",29,19,0,6,25,3,6,0,0,2,10,0,0,0,14,10,11,16,0,4,12,8,1,0,88,28,44,72,35
CIS099_75,CIS099_Masked_75,Agriculture ,web,59,17,0,5,32,8,5,0,0,0,12,3,0,0,13,0,22,18,0,0,33,24,1,0,126,27,14,41,33.75
CIS099_76,CIS099_Masked_76,Agriculture ,web,61,11,0,7,26,5,7,1,7,0,12,0,0,3,25,11,9,25,0,3,13,6,0,0,115,34,41,75,42.5
CIS099_77,CIS099_Masked_77,Nurse,"web, ws",49,16,0,7,33,6,7,0,0,0,11,0,0,0,33,16,14,18,0,2,13,10,0,1,118,34,30,64,42.5
CIS099_78,CIS099_Masked_78,Medicine,web,58,5,0,5,22,3,5,1,0,0,11,0,0,0,13,14,10,11,8,3,4,12,11,0,98,26,29,55,32.5
CIS099_79,CIS099_Masked_79,Nurse,web,30,0,0,3,20,4,3,0,2,0,13,0,0,0,11,0,0,22,2,0,0,1,9,0,60,11,39,50,13.75
CIS099_80,CIS099_Masked_80,Nurse,"web, ws",38,17,0,6,24,6,6,0,2,0,13,0,0,0,14,10,12,17,0,0,14,14,1,0,97,33,33,66,41.25
CIS099_81,CIS099_Masked_81,Agriculture ,web,51,0,0,7,27,7,7,0,0,0,10,0,0,0,29,12,12,13,5,7,11,0,0,0,99,36,42,78,45
CIS099_82,CIS099_Masked_82,Nurse,"web, ws",43,8,0,7,29,9,7,0,0,0,15,0,0,2,29,13,13,8,2,0,14,6,1,0,103,30,42,72,37.5
CIS099_83,CIS099_Masked_83,Engineering,web,47,7,0,3,14,5,3,0,2,0,0,0,6,0,10,0,14,13,3,1,18,6,5,0,78,30,41,71,37.5
CIS099_84,CIS099_Masked_84,Computer Information Technology,web,14,26,0,4,12,3,4,0,0,0,1,0,0,1,18,10,0,0,0,0,11,20,2,0,63,17,38,55,21.25
CIS099_85,CIS099_Masked_85,Medicine,"web, ws",31,23,0,7,30,8,7,0,0,2,10,0,0,6,31,9,10,11,0,1,14,9,1,2,106,23,39,62,28.75
CIS099_86,CIS099_Masked_86,Computer Information Technology,web,44,32,0,6,48,11,7,0,0,0,13,0,0,6,33,18,12,10,3,1,24,12,16,0,148,22,38,60,27.5
CIS099_87,CIS099_Masked_87,Science and Arts,"web, ws",79,8,0,4,23,3,4,0,0,21,11,0,0,0,21,2,0,15,1,2,21,18,9,0,121,17,26,43,21.25
CIS099_88,CIS099_Masked_88,Nurse,"web, ws",40,19,0,6,23,4,6,0,0,0,11,0,0,0,12,13,13,15,0,1,18,15,0,0,98,26,44,70,32.5
CIS099_89,CIS099_Masked_89,Computer Information Technology,"web, ws",66,105,3,6,26,6,6,1,1,2,25,0,6,4,24,24,20,25,15,11,42,11,6,0,217,33,44,77,41.25
CIS099_90,CIS099_Masked_90,Nurse,"web, ws",59,13,0,6,29,6,6,0,0,0,13,1,0,1,30,0,12,11,7,12,23,8,1,0,119,26,41,67,32.5
CIS099_91,CIS099_Masked_91,Nurse,"web, ws",46,24,0,6,27,4,6,0,0,0,0,0,0,0,19,16,10,19,0,9,22,17,1,0,113,30,36,66,37.5
CIS099_92,CIS099_Masked_92,Computer Information Technology,"web, ws",37,26,0,7,27,5,7,0,3,0,16,0,0,0,20,12,10,11,0,3,20,6,8,0,109,37,36,73,46.25
CIS099_93,CIS099_Masked_93,Applied Medical Sciences,"web, ws",91,19,0,6,27,7,6,0,0,5,12,0,0,0,14,11,14,16,2,14,43,15,10,0,156,31,51,82,38.75
CIS099_94,CIS099_Masked_94,Medicine,"web, ws",22,4,0,4,16,4,4,0,0,0,11,0,0,0,14,14,8,0,0,2,1,4,0,0,54,19,31,50,23.75
CIS099_95,CIS099_Masked_95,Applied Medical Sciences,web,15,0,0,4,16,4,4,0,0,0,14,0,0,0,12,0,8,8,0,0,1,0,0,0,43,19,20,39,23.75
CIS099_96,CIS099_Masked_96,Nurse,web,119,0,0,6,37,9,6,0,0,1,14,0,0,0,17,33,30,38,0,12,30,2,0,0,177,32,35,67,40
CIS099_97,CIS099_Masked_97,Pharmacy,web,104,0,0,7,29,7,7,5,2,2,19,0,0,5,29,13,14,17,0,2,45,1,0,0,154,26,33,59,32.5
CIS099_98,CIS099_Masked_98,Medicine,web,73,0,0,6,36,4,6,0,0,0,10,0,0,0,20,14,18,25,1,0,31,0,6,0,125,30,38,68,37.5
CIS099_99,CIS099_Masked_99,Agriculture ,web,61,0,0,7,33,3,7,0,0,0,15,0,0,0,26,12,12,15,6,3,19,1,2,0,111,36,41,77,45
CIS099_100,CIS099_Masked_100,Applied Medical Sciences,web,50,0,0,2,8,1,2,0,0,14,11,0,0,0,0,0,0,4,0,0,25,9,0,0,63,20,42,62,25
CIS099_101,CIS099_Masked_101,Computer Information Technology,web,36,10,0,6,21,5,6,0,0,3,13,0,0,0,11,11,10,11,0,4,8,4,9,0,84,21,29,50,26.25
CIS099_102,CIS099_Masked_102,Engineering,"web, ws",77,62,11,6,35,5,6,0,3,0,20,0,4,3,25,25,12,20,6,19,30,25,10,0,202,31,36,67,38.75
CIS099_103,CIS099_Masked_103,Medicine,"web, ws",113,6,0,6,22,6,6,1,10,0,11,0,0,8,30,12,13,11,21,2,34,3,1,2,159,38,42,80,47.5
CIS099_104,CIS099_Masked_104,Science and Arts,web,47,0,0,7,42,6,7,0,1,0,17,0,0,0,21,26,15,14,0,0,13,2,0,0,109,30,27,57,37.5
CIS099_105,CIS099_Masked_105,Nurse,"web, ws",61,6,0,6,22,5,6,0,0,0,20,0,0,0,13,12,9,19,0,1,23,9,0,0,106,33,36,69,41.25
CIS099_106,CIS099_Masked_106,Medicine,"web, ws",55,5,0,3,15,2,3,0,0,0,0,0,0,0,0,0,0,0,8,7,19,8,41,0,83,16,42,58,20
CIS099_107,CIS099_Masked_107,Computer Information Technology,web,62,8,0,6,26,6,6,0,0,15,13,0,0,0,20,15,18,20,0,3,6,4,0,0,114,28,32,60,35
CIS099_108,CIS099_Masked_108,Nurse,web,96,2,0,7,38,9,7,1,7,0,25,0,0,0,24,16,13,36,7,0,27,3,0,0,159,26,27,53,32.5
CIS099_109,CIS099_Masked_109,Pharmacy,web,42,0,0,4,16,4,4,1,0,0,14,0,0,0,12,0,0,10,0,0,25,8,0,0,70,26,45,71,32.5
CIS099_110,CIS099_Masked_110,Computer Information Technology,"web, ws",109,29,0,7,27,7,7,1,24,6,22,1,0,0,34,16,12,20,1,3,17,17,9,0,183,36,44,80,45
CIS099_111,CIS099_Masked_111,Engineering,"web, ws",82,1,0,5,32,5,6,1,0,0,0,0,2,1,22,18,15,23,6,0,16,11,16,0,131,32,32,64,40
CIS099_112,CIS099_Masked_112,Engineering,"web, ws",49,11,0,7,38,10,7,0,0,0,12,0,0,0,28,20,11,19,0,1,26,5,0,0,122,30,36,66,37.5
CIS099_113,CIS099_Masked_113,Dentistry,"web, ws",76,6,0,6,26,9,6,0,5,0,19,0,0,1,21,16,14,14,0,0,28,10,1,0,129,28,41,69,35
CIS099_114,CIS099_Masked_114,Medicine,"web, ws",50,0,0,5,22,4,6,0,0,8,14,0,0,0,20,10,9,9,2,0,14,1,0,0,87,36,39,75,45
CIS099_115,CIS099_Masked_115,Medicine,"web, ws",46,10,0,6,26,6,6,0,0,0,11,0,0,0,14,11,9,15,1,1,27,7,4,0,100,35,50,85,43.75
CIS099_116,CIS099_Masked_116,Medicine,"web, ws",44,22,0,6,23,7,6,0,1,0,14,0,2,2,14,12,12,16,2,3,17,12,1,0,108,34,47,81,42.5
CIS099_117,CIS099_Masked_117,Medicine,web,45,3,0,4,20,4,4,0,0,0,12,0,0,0,12,0,11,23,4,0,14,4,0,0,80,32,26,58,40
CIS099_118,CIS099_Masked_118,Pharmacy,"web, ws",44,33,0,6,31,4,6,1,0,0,15,0,0,0,14,21,11,16,0,1,22,21,2,0,124,38,48,86,47.5
CIS099_119,CIS099_Masked_119,Agriculture ,web,20,2,0,3,22,3,4,0,0,0,0,0,0,0,14,10,10,15,0,1,2,2,0,0,54,20,17,37,25
CIS099_120,CIS099_Masked_120,Science and Arts,web,32,6,0,5,35,6,5,0,0,0,15,0,0,0,25,0,12,19,0,0,11,5,2,0,89,32,27,59,40
CIS099_121,CIS099_Masked_121,Nurse,web,44,0,0,6,22,5,6,0,3,4,11,0,0,1,17,10,8,11,2,7,9,0,0,0,83,36,38,74,45
CIS099_122,CIS099_Masked_122,Applied Medical Sciences,web,61,1,0,6,27,5,6,0,0,0,13,0,0,0,13,15,14,16,11,0,23,1,0,0,106,36,47,83,45
CIS099_123,CIS099_Masked_123,Science and Arts,web,42,0,0,6,30,9,6,0,0,0,11,0,0,2,15,9,14,18,0,0,20,0,3,0,92,32,27,59,40
CIS099_124,CIS099_Masked_124,Computer Information Technology,"web, ws",37,7,3,4,22,4,6,0,0,0,9,0,0,0,15,8,12,7,1,0,11,11,9,0,83,25,44,69,31.25
CIS099_125,CIS099_Masked_125,Architecture and Design,web,51,9,1,6,25,6,6,0,0,0,1,0,0,0,43,14,9,8,0,1,17,11,0,0,104,33,36,69,41.25
CIS099_126,CIS099_Masked_126,Applied Medical Sciences,web,67,0,0,6,25,7,6,1,3,0,11,0,0,0,11,10,13,19,0,0,37,3,3,0,111,39,50,89,48.75
CIS099_127,CIS099_Masked_127,Nurse,web,107,0,0,7,32,8,7,0,0,2,16,0,0,0,34,11,22,25,5,1,41,4,0,0,161,35,41,76,43.75
CIS099_128,CIS099_Masked_128,Science and Arts,web,48,5,0,6,27,6,6,0,0,0,11,0,0,2,20,14,13,7,5,1,19,6,0,0,98,27,48,75,33.75
CIS099_129,CIS099_Masked_129,Pharmacy,"web, ws",96,12,0,6,24,6,6,2,0,0,14,0,4,4,16,11,22,33,3,0,30,9,1,1,150,38,48,86,47.5
CIS099_130,CIS099_Masked_130,Medicine,web,81,1,0,5,22,3,5,0,0,0,12,0,0,0,15,0,16,16,0,0,37,2,19,0,117,30,33,63,37.5
CIS099_131,CIS099_Masked_131,Science and Arts,web,88,0,0,6,28,5,6,0,4,4,24,2,1,0,19,24,14,11,3,8,19,0,0,0,133,33,41,74,41.25
CIS099_132,CIS099_Masked_132,Medicine,"web, ws",100,21,0,6,20,5,6,0,0,23,32,0,0,2,27,19,10,15,1,1,16,11,1,0,158,27,38,65,33.75
CIS099_133,CIS099_Masked_133,Pharmacy,web,55,0,0,7,42,4,7,0,0,0,14,3,0,0,25,16,10,12,0,0,27,4,0,0,111,35,48,83,43.75
CIS099_134,CIS099_Masked_134,Engineering,"web, ws",57,3,0,5,28,4,5,1,0,0,15,0,0,0,3,15,15,19,8,6,18,2,0,0,102,30,38,68,37.5
CIS099_135,CIS099_Masked_135,Science and Arts,"web, ws",84,9,0,7,29,9,7,0,0,0,11,0,0,0,33,17,13,15,4,1,37,13,1,0,145,26,35,61,32.5
CIS099_136,CIS099_Masked_136,Engineering,"web, ws",58,0,0,6,27,8,6,1,0,1,11,0,0,1,13,18,15,17,2,0,25,1,0,0,105,38,30,68,47.5
CIS099_137,CIS099_Masked_137,Medicine,web,50,0,0,5,29,5,5,0,0,0,13,0,0,0,11,12,2,36,0,0,16,4,0,0,94,35,50,85,43.75
CIS099_138,CIS099_Masked_138,Engineering,web,74,9,0,6,37,7,6,0,11,0,15,0,0,6,13,19,21,14,2,6,21,11,0,0,139,36,38,74,45
CIS099_139,CIS099_Masked_139,Applied Medical Sciences,"web, ws",32,13,0,2,16,1,2,0,0,0,0,0,4,0,0,0,0,27,2,2,12,18,1,0,66,18,27,45,22.5
CIS099_140,CIS099_Masked_140,Medicine,web,102,11,0,7,27,5,7,1,16,0,15,0,0,0,26,10,13,13,4,0,55,5,1,0,159,36,44,80,45
CIS099_141,CIS099_Masked_141,Nurse,"web, ws",57,5,0,6,25,5,6,0,0,0,11,0,0,0,14,8,11,29,0,0,18,1,12,0,104,32,33,65,40
CIS099_142,CIS099_Masked_142,Agriculture ,web,88,2,0,6,28,6,6,0,16,1,14,0,0,0,21,12,12,29,4,1,22,4,0,0,136,33,29,62,41.25
CIS099_143,CIS099_Masked_143,Computer Information Technology,"web, ws",51,4,0,4,24,5,4,0,0,7,0,0,0,0,11,0,21,13,0,3,26,4,7,0,92,27,17,44,33.75
CIS099_144,CIS099_Masked_144,Nurse,web,132,1,0,6,21,5,6,0,7,2,16,0,21,1,27,11,1,14,0,9,19,40,3,0,171,31,24,55,38.75
CIS099_145,CIS099_Masked_145,Nurse,"web, ws",67,6,0,6,33,3,6,1,3,0,16,0,0,0,17,19,13,26,0,0,15,11,0,0,121,30,26,56,37.5
CIS099_146,CIS099_Masked_146,Computer Information Technology,"web, ws",47,12,0,6,25,1,6,0,0,1,23,1,1,0,16,9,8,14,4,2,13,5,0,0,97,32,42,74,40
CIS099_147,CIS099_Masked_147,Applied Medical Sciences,web,50,20,0,5,28,5,5,0,0,0,12,0,0,0,14,17,1,14,0,0,38,15,2,0,113,30,38,68,37.5
CIS099_148,CIS099_Masked_148,Science and Arts,"web, ws",18,24,0,6,34,6,6,0,0,0,11,0,0,0,11,11,10,20,0,1,14,14,2,0,94,31,26,57,38.75
CIS099_149,CIS099_Masked_149,Pharmacy,"web, ws",52,4,0,6,24,6,6,0,0,0,14,0,0,0,17,17,14,20,2,0,9,3,2,0,98,31,47,78,38.75
CIS099_150,CIS099_Masked_150,Nurse,web,57,0,0,6,33,6,6,0,1,0,14,0,0,0,13,9,10,27,10,0,24,0,0,0,108,36,42,78,45
CIS099_151,CIS099_Masked_151,Applied Medical Sciences,web,30,9,1,5,32,5,6,0,0,0,11,0,0,0,10,11,7,18,0,0,29,2,0,0,88,36,45,81,45
CIS099_152,CIS099_Masked_152,Medicine,web,89,6,0,7,41,4,7,1,0,0,14,0,0,0,61,18,13,16,7,0,24,0,0,0,154,32,35,67,40
CIS099_153,CIS099_Masked_153,Nurse,web,79,7,0,7,33,6,7,0,0,0,16,0,2,2,35,16,10,11,2,2,27,7,9,0,139,22,32,54,27.5
CIS099_154,CIS099_Masked_154,Nurse,web,56,0,0,7,36,10,7,0,0,0,13,0,0,0,35,14,17,13,0,0,24,0,0,0,116,34,30,64,42.5
CIS099_155,CIS099_Masked_155,Science and Arts,web,22,0,0,3,17,5,4,0,0,6,13,0,0,0,1,9,7,1,0,0,13,1,0,0,51,22,45,67,27.5
CIS099_156,CIS099_Masked_156,Medicine,web,93,0,0,6,30,11,7,0,0,0,20,0,4,0,41,10,11,18,0,0,39,4,0,0,147,28,35,63,35
CIS099_157,CIS099_Masked_157,Science and Arts,"web, ws",39,10,1,5,20,6,5,0,7,0,13,0,0,1,13,14,12,9,0,0,1,12,4,0,86,36,30,66,45
CIS099_158,CIS099_Masked_158,Applied Medical Sciences,web,36,0,0,7,28,6,7,0,0,0,12,0,0,0,25,13,14,11,1,0,8,0,0,0,84,29,48,77,36.25
CIS099_159,CIS099_Masked_159,Computer Information Technology,web,30,2,0,6,30,4,6,0,0,0,12,0,0,0,12,11,7,11,0,6,18,1,0,0,78,29,39,68,36.25
CIS099_160,CIS099_Masked_160,Science and Arts,web,76,41,1,5,22,2,6,3,16,0,14,0,0,0,3,17,15,34,0,4,17,25,5,0,153,28,44,72,35
CIS099_161,CIS099_Masked_161,Engineering,web,49,7,0,5,20,4,5,0,0,0,12,0,0,0,2,15,12,14,3,2,11,11,8,0,90,30,44,74,37.5
CIS099_162,CIS099_Masked_162,Computer Information Technology,"web, ws",44,0,0,2,25,10,5,0,0,7,13,0,0,1,31,0,12,15,0,2,2,3,0,0,86,26,24,50,32.5
CIS099_163,CIS099_Masked_163,Engineering,"web, ws",90,33,0,6,36,9,6,0,2,2,29,0,0,1,17,11,30,21,6,5,37,18,1,0,180,26,30,56,32.5
CIS099_164,CIS099_Masked_164,Medicine,"web, ws",26,1,0,3,19,3,3,0,0,0,9,0,0,0,0,0,0,11,0,9,18,6,2,0,55,21,12,35,26.25
CIS099_165,CIS099_Masked_165,Agriculture ,"web, ws",108,27,0,6,29,10,6,0,0,0,8,0,0,0,42,24,22,26,18,18,14,5,9,0,186,33,42,75,41.25
CIS099_166,CIS099_Masked_166,Agriculture ,web,75,0,0,5,21,4,5,0,0,0,13,0,0,0,15,0,15,19,0,4,21,12,11,0,110,34,29,63,42.5
CIS099_167,CIS099_Masked_167,Applied Medical Sciences,"web, ws",33,4,0,3,12,3,3,0,0,0,5,0,0,0,14,11,11,2,0,0,2,12,1,0,58,31,27,58,38.75
CIS099_168,CIS099_Masked_168,Agriculture ,"web, ws",36,28,0,6,25,5,6,0,0,1,14,0,0,0,17,9,8,17,1,1,17,21,0,0,106,29,44,73,36.25
CIS099_169,CIS099_Masked_169,Science and Arts,web,25,10,0,2,6,2,2,0,0,0,0,1,0,0,1,9,1,0,0,13,14,8,0,0,47,25,47,72,31.25
CIS099_170,CIS099_Masked_170,Agriculture ,web,44,0,0,6,25,7,6,0,0,0,13,0,0,0,11,9,23,9,1,0,15,1,6,0,88,24,26,50,30
CIS099_171,CIS099_Masked_171,Nurse,"web, ws",42,5,0,5,24,5,5,0,0,0,10,0,0,0,14,17,14,12,2,0,9,8,0,0,86,18,47,65,22.5
CIS099_172,CIS099_Masked_172,Medicine,"web, ws",61,3,0,6,22,4,6,0,1,0,10,0,0,0,15,10,11,15,2,6,26,6,0,0,102,33,38,71,41.25
CIS099_173,CIS099_Masked_173,Science and Arts,web,22,10,0,2,5,1,2,0,0,0,0,0,0,0,2,0,10,1,1,1,14,11,2,0,42,17,17,35,21.25
CIS099_174,CIS099_Masked_174,Applied Medical Sciences,"web, ws",22,23,0,7,33,7,7,3,0,0,12,2,0,0,22,13,8,10,0,0,14,12,3,0,99,30,38,68,37.5
CIS099_175,CIS099_Masked_175,Applied Medical Sciences,web,82,0,0,6,25,5,6,0,0,0,12,0,0,20,31,3,12,28,4,1,9,3,0,0,123,24,38,62,30
CIS099_176,CIS099_Masked_176,Pharmacy,web,60,15,0,5,26,4,5,0,0,0,13,0,0,0,18,1,19,10,8,7,21,16,2,0,115,36,41,77,45
CIS099_177,CIS099_Masked_177,Pharmacy,web,49,11,0,7,28,3,7,0,0,0,12,0,0,0,28,14,9,13,0,0,15,9,4,1,105,27,30,57,33.75
CIS099_178,CIS099_Masked_178,Applied Medical Sciences,web,116,13,0,5,21,5,5,1,6,10,23,0,0,0,23,6,26,11,1,7,35,15,1,0,165,27,29,56,33.75
CIS099_179,CIS099_Masked_179,Computer Information Technology,"web, ws",41,8,0,7,28,7,7,0,0,0,12,0,0,1,22,12,10,13,0,4,21,3,0,0,98,34,44,78,42.5
CIS099_180,CIS099_Masked_180,Science and Arts,web,41,3,1,4,16,4,4,0,0,1,13,0,0,0,12,11,0,0,9,6,16,4,1,0,73,24,30,54,30
CIS099_181,CIS099_Masked_181,Nurse,"web, ws",41,4,0,5,24,4,5,0,0,0,0,0,0,0,11,10,10,21,0,0,23,8,0,0,83,26,26,52,32.5
CIS099_182,CIS099_Masked_182,Architecture and Design,web,69,0,0,5,22,6,5,0,0,0,0,0,0,0,22,18,17,15,0,0,30,1,4,0,107,32,35,67,40
CIS099_183,CIS099_Masked_183,Applied Medical Sciences,"web, ws",89,2,0,5,19,5,5,0,0,0,11,0,0,0,13,11,12,33,1,2,19,9,14,0,125,31,44,75,38.75
CIS099_184,CIS099_Masked_184,Science and Arts,web,38,7,0,4,22,3,5,0,0,0,0,0,0,2,16,13,13,15,0,0,13,4,1,2,79,20,39,59,25
CIS099_185,CIS099_Masked_185,Pharmacy,"web, ws",100,1,0,5,19,0,5,0,9,6,22,3,1,0,15,6,20,25,2,4,11,4,2,0,130,21,29,50,26.25
CIS099_186,CIS099_Masked_186,Dentistry,web,57,8,0,6,28,6,6,0,0,0,15,0,0,0,14,18,9,16,5,1,15,16,2,0,111,32,26,58,40
CIS099_187,CIS099_Masked_187,Science and Arts,web,69,0,0,6,32,8,6,0,0,0,15,0,0,0,20,22,13,21,1,4,22,2,1,0,121,34,39,73,42.5
CIS099_188,CIS099_Masked_188,Applied Medical Sciences,"web, ws",47,9,0,6,26,9,6,3,0,0,14,0,0,0,12,11,11,20,0,6,20,6,0,0,103,37,45,82,46.25
CIS099_189,CIS099_Masked_189,Computer Information Technology,"web, ws",28,14,0,6,25,3,6,0,0,0,11,0,1,0,19,8,0,14,1,1,15,12,0,0,82,30,33,63,37.5
CIS099_190,CIS099_Masked_190,Science and Arts,"web, ws",144,5,0,6,39,5,6,0,0,2,18,1,0,2,73,40,13,14,1,0,24,5,12,0,205,36,41,77,45
CIS099_191,CIS099_Masked_191,Pharmacy,"web, ws",19,13,0,3,22,4,5,0,0,0,11,0,0,0,11,1,9,9,0,1,14,7,2,1,66,26,47,73,32.5
CIS099_192,CIS099_Masked_192,Agriculture ,web,40,6,0,5,23,5,5,0,0,0,10,0,0,0,17,3,13,18,0,1,14,6,2,0,84,19,17,36,23.75
CIS099_193,CIS099_Masked_193,Dentistry,web,100,6,1,7,42,12,7,0,0,0,13,0,0,0,56,16,18,19,0,1,47,4,1,0,175,29,48,77,36.25
CIS099_194,CIS099_Masked_194,Applied Medical Sciences,web,51,0,0,6,29,5,6,0,0,0,13,0,0,0,11,11,9,14,1,5,33,0,0,0,97,36,47,83,45
CIS099_195,CIS099_Masked_195,Dentistry,web,37,15,0,3,15,1,3,0,1,0,12,0,0,0,8,0,0,2,10,0,24,16,1,0,74,23,33,56,28.75
CIS099_196,CIS099_Masked_196,Medicine,"web, ws",89,8,0,4,15,3,4,0,4,0,13,0,0,0,13,2,12,27,0,0,43,8,1,0,123,24,47,71,30
CIS099_197,CIS099_Masked_197,Computer Information Technology,"web, ws",46,26,0,7,24,6,7,0,10,3,15,0,6,0,16,8,10,13,2,3,16,13,1,0,116,37,39,76,46.25
CIS099_198,CIS099_Masked_198,Science and Arts,"web, ws",21,2,0,5,17,5,5,0,0,2,1,0,0,0,12,8,9,8,0,0,12,3,0,0,55,32,29,61,40
CIS099_199,CIS099_Masked_199,Applied Medical Sciences,"web, ws",79,13,0,7,40,11,7,0,4,4,17,1,0,4,32,15,24,16,6,6,18,9,1,0,157,31,33,64,38.75
CIS099_200,CIS099_Masked_200,Applied Medical Sciences,web,37,1,0,5,20,4,5,0,0,0,10,2,0,0,14,10,0,23,0,0,13,0,0,0,72,17,33,50,21.25
CIS099_201,CIS099_Masked_201,Agriculture ,"web, ws",38,10,2,6,28,7,7,0,1,0,10,0,0,0,27,8,8,13,0,1,10,20,0,0,98,26,38,64,32.5
CIS099_202,CIS099_Masked_202,Pharmacy,web,83,12,0,7,32,8,7,0,0,0,13,0,0,0,24,10,10,31,0,0,53,7,1,0,149,35,44,79,43.75
CIS099_203,CIS099_Masked_203,Agriculture ,web,37,0,0,6,32,8,6,0,0,0,21,0,0,0,17,12,10,13,8,0,8,0,0,0,89,20,42,62,25
CIS099_204,CIS099_Masked_204,Engineering,web,32,6,0,6,30,7,6,0,0,2,13,0,0,0,15,12,9,12,3,0,16,4,1,0,87,26,44,70,32.5
CIS099_205,CIS099_Masked_205,Applied Medical Sciences,web,52,4,0,5,24,3,5,0,0,7,10,0,7,0,17,11,0,14,0,0,15,2,10,0,93,33,35,68,41.25
CIS099_206,CIS099_Masked_206,Applied Medical Sciences,"web, ws",44,10,0,5,30,8,5,0,0,0,12,0,0,0,13,0,24,15,1,0,29,8,0,0,102,32,36,68,40
CIS099_207,CIS099_Masked_207,Applied Medical Sciences,"web, ws",67,21,0,6,27,6,6,0,2,0,20,0,0,0,11,23,13,23,1,7,17,13,3,0,133,35,44,79,43.75
CIS099_208,CIS099_Masked_208,Computer Information Technology,web,163,0,0,6,28,8,6,0,4,0,13,0,0,0,17,29,20,20,0,0,107,0,0,0,210,32,35,67,40
CIS099_209,CIS099_Masked_209,Dentistry,web,93,6,0,6,22,5,6,1,7,2,11,1,0,7,14,16,17,16,3,1,36,6,0,0,138,38,48,86,47.5
CIS099_210,CIS099_Masked_210,Applied Medical Sciences,web,73,21,0,6,22,5,6,4,0,0,19,0,0,0,20,0,9,13,0,24,21,20,3,0,133,34,45,79,42.5
CIS099_211,CIS099_Masked_211,Science and Arts,"web, ws",59,3,0,6,42,10,6,0,2,2,12,0,0,3,13,15,25,17,1,0,25,11,0,0,126,27,27,54,33.75
CIS099_212,CIS099_Masked_212,Medicine,web,36,7,0,1,3,1,1,0,1,0,0,0,1,5,0,1,11,1,1,7,4,7,10,0,49,8,50,58,10
CIS099_213,CIS099_Masked_213,Pharmacy,web,33,0,0,6,28,6,6,0,0,0,11,0,0,0,13,10,12,14,5,0,11,3,0,0,79,37,41,78,46.25
CIS099_214,CIS099_Masked_214,Nurse,web,68,9,0,7,23,4,7,6,0,0,14,0,0,0,23,9,11,14,0,1,25,10,5,0,118,25,42,67,31.25
CIS099_215,CIS099_Masked_215,Nurse,web,49,0,0,6,27,4,6,0,0,0,13,0,2,0,11,13,10,21,0,5,16,1,0,0,92,32,36,68,40
CIS099_216,CIS099_Masked_216,Science and Arts,ws,18,10,0,3,11,3,3,0,0,0,9,2,0,0,0,0,7,3,1,3,10,10,3,0,48,28,33,61,35
CIS099_217,CIS099_Masked_217,Pharmacy,"web, ws",48,2,0,7,44,10,7,0,0,0,12,0,0,0,31,17,15,14,1,5,17,2,4,0,118,35,48,83,43.75
CIS099_218,CIS099_Masked_218,Science and Arts,web,40,3,0,3,15,3,3,0,0,19,0,0,0,0,26,14,2,2,0,0,0,4,0,0,67,12,38,50,15
CIS099_219,CIS099_Masked_219,Applied Medical Sciences,web,67,4,1,6,28,6,6,0,3,0,12,0,0,0,12,13,11,29,1,1,26,8,2,0,118,38,29,67,47.5
CIS099_220,CIS099_Masked_220,Engineering,"web, ws",13,3,0,4,14,4,4,0,0,0,11,0,0,0,0,0,10,8,0,1,8,4,0,0,42,32,44,76,40
CIS099_221,CIS099_Masked_221,Applied Medical Sciences,web,23,7,0,6,30,8,6,0,2,0,15,0,0,0,11,9,9,18,2,0,9,4,1,0,80,29,30,59,36.25
CIS099_222,CIS099_Masked_222,Nurse,"web, ws",43,12,0,5,29,4,5,0,0,0,13,0,0,0,14,0,9,27,3,0,23,6,3,0,98,26,50,76,32.5
CIS099_223,CIS099_Masked_223,Nurse,"web, ws",68,2,0,6,26,4,6,3,3,0,17,0,0,4,17,23,15,16,0,0,12,2,0,0,112,27,35,62,33.75
CIS099_224,CIS099_Masked_224,Computer Information Technology,ws,38,23,0,6,22,5,6,0,4,2,14,6,0,0,15,14,12,11,3,1,7,8,3,0,100,32,39,71,40
CIS099_225,CIS099_Masked_225,Agriculture ,"web, ws",70,8,1,6,26,3,6,1,0,0,15,0,0,1,16,17,13,20,1,2,23,5,6,0,120,38,42,80,47.5
CIS099_226,CIS099_Masked_226,Nurse,"web, ws",58,29,0,7,29,7,7,0,0,0,10,0,0,0,25,12,11,26,0,8,29,13,3,0,137,33,45,78,41.25
CIS099_227,CIS099_Masked_227,Dentistry,web,78,22,2,6,40,8,7,0,0,0,11,0,0,0,28,13,16,20,2,1,40,30,2,0,163,28,42,70,35
CIS099_228,CIS099_Masked_228,Medicine,"web, ws",94,13,0,6,29,7,6,0,3,0,13,0,0,0,14,12,12,26,9,0,51,13,1,1,155,33,45,78,41.25
CIS099_229,CIS099_Masked_229,Medicine,"web, ws",72,34,2,6,34,10,6,0,0,0,12,0,0,0,29,15,22,33,2,0,28,22,1,0,164,28,50,78,35
CIS099_230,CIS099_Masked_230,Engineering,web,37,0,0,6,23,7,6,2,1,0,16,0,0,0,12,10,12,17,0,0,9,0,0,0,79,34,50,84,42.5
CIS099_231,CIS099_Masked_231,Agriculture ,"web, ws",40,6,0,5,19,3,5,0,0,0,0,0,0,0,18,3,9,16,1,6,16,8,1,0,78,28,32,60,35
CIS099_232,CIS099_Masked_232,Engineering,web,91,0,0,7,41,5,7,0,0,1,13,0,0,0,25,11,25,24,2,3,42,5,0,0,151,37,35,72,46.25
CIS099_233,CIS099_Masked_233,Science and Arts,"web, ws",51,11,0,7,35,12,7,0,0,0,15,0,0,0,33,12,8,15,8,0,22,8,2,0,123,33,30,63,41.25
CIS099_234,CIS099_Masked_234,Applied Medical Sciences,web,71,6,0,6,28,5,6,0,0,0,12,0,0,0,14,14,10,12,0,2,51,7,0,0,122,34,32,66,42.5
CIS099_235,CIS099_Masked_235,Computer Information Technology,"web, ws",40,1,0,5,19,5,5,0,0,0,13,0,0,0,11,0,10,19,0,0,17,5,0,0,75,29,35,64,36.25
CIS099_236,CIS099_Masked_236,Medicine,"web, ws",77,29,0,6,24,5,6,0,0,0,0,4,0,0,37,18,12,29,1,0,35,10,1,0,147,31,45,76,38.75
CIS099_237,CIS099_Masked_237,Applied Medical Sciences,web,65,8,0,4,22,4,4,0,0,0,2,0,0,3,17,1,22,14,11,1,17,10,9,0,107,33,27,60,41.25
CIS099_238,CIS099_Masked_238,Applied Medical Sciences,ws,36,28,0,6,39,5,6,0,0,8,13,0,0,1,12,8,8,17,0,11,27,15,0,0,120,34,32,66,42.5
CIS099_239,CIS099_Masked_239,Science and Arts,web,33,0,0,7,28,3,7,0,0,0,10,0,0,3,22,8,11,10,5,0,9,0,0,0,78,28,24,52,35
CIS099_240,CIS099_Masked_240,Science and Arts,web,76,9,0,6,29,6,6,0,7,1,13,0,0,1,13,18,18,19,4,9,21,8,0,0,132,35,38,73,43.75
CIS099_241,CIS099_Masked_241,Agriculture ,web,42,1,0,6,27,5,7,0,0,0,12,0,0,0,25,9,8,17,0,0,15,2,0,0,88,24,30,54,30
CIS099_242,CIS099_Masked_242,Nurse,"web, ws",32,17,0,6,38,10,6,0,0,0,11,0,0,0,17,21,14,16,0,1,16,13,0,0,109,28,32,60,35
CIS099_243,CIS099_Masked_243,Applied Medical Sciences,"web, ws",130,7,0,6,40,9,6,5,1,24,19,2,4,2,17,15,24,35,9,7,24,8,2,0,198,33,39,72,41.25
CIS099_244,CIS099_Masked_244,Science and Arts,"web, ws",44,1,0,4,10,0,4,0,0,0,15,0,0,0,8,0,0,17,0,0,14,9,0,0,63,6,44,50,7.5
CIS099_245,CIS099_Masked_245,Medicine,web,98,0,0,6,29,5,6,1,5,17,13,0,0,0,23,20,17,13,6,0,27,1,1,0,144,31,44,75,38.75
CIS099_246,CIS099_Masked_246,Science and Arts,web,57,5,0,5,25,3,5,0,0,3,17,0,0,0,14,3,10,12,3,3,25,3,7,0,100,38,41,79,47.5
CIS099_247,CIS099_Masked_247,Pharmacy,"web, ws",42,21,0,6,36,10,6,0,0,0,0,0,2,0,40,13,15,17,1,2,17,14,0,0,121,34,38,72,42.5
CIS099_248,CIS099_Masked_248,Architecture and Design,web,37,16,0,4,21,5,4,0,0,0,13,0,0,0,11,0,0,21,0,15,18,6,3,0,87,21,35,56,26.25
CIS099_249,CIS099_Masked_249,Medicine,web,93,0,0,5,28,7,5,0,0,0,14,0,0,3,25,0,16,16,15,3,45,1,0,0,138,30,33,63,37.5
CIS099_250,CIS099_Masked_250,Applied Medical Sciences,web,54,10,0,6,34,1,6,0,0,0,8,0,0,0,11,11,11,21,1,1,27,20,0,0,111,30,32,62,37.5
CIS099_251,CIS099_Masked_251,Pharmacy,web,50,5,0,4,17,3,4,0,0,2,12,0,0,1,13,10,10,20,1,0,4,5,5,0,83,32,44,76,40
CIS099_252,CIS099_Masked_252,Pharmacy,"web, ws",51,17,0,6,33,3,6,0,7,0,10,0,0,0,11,17,17,13,6,4,18,13,0,0,116,28,29,57,35
CIS099_253,CIS099_Masked_253,Medicine,"web, ws",38,10,0,6,26,10,6,0,0,1,14,0,0,1,19,9,15,13,0,2,14,2,6,0,96,29,36,65,36.25
CIS099_254,CIS099_Masked_254,Engineering,web,41,7,0,5,26,5,6,0,0,0,12,0,0,0,13,13,12,12,8,3,13,3,1,0,90,26,30,56,32.5
CIS099_255,CIS099_Masked_255,Medicine,web,62,0,0,6,25,7,6,0,2,0,11,0,0,0,14,14,13,13,11,2,13,0,13,0,106,32,48,80,40
CIS099_256,CIS099_Masked_256,Science and Arts,"web, ws",68,30,0,6,38,13,6,0,3,0,0,1,0,1,53,20,13,13,0,5,36,9,6,1,161,32,42,74,40
CIS099_257,CIS099_Masked_257,Nurse,"web, ws",62,25,0,7,31,7,7,0,0,0,14,0,0,0,34,16,12,21,2,5,17,17,1,0,139,30,32,62,37.5
CIS099_258,CIS099_Masked_258,Nurse,"web, ws",59,0,0,6,46,8,6,0,0,0,13,0,0,0,13,17,38,9,0,0,24,11,0,0,125,26,44,70,32.5
CIS099_259,CIS099_Masked_259,Science and Arts,"web, ws",39,12,0,6,28,8,6,0,0,1,12,0,0,0,14,16,15,17,2,0,16,6,0,0,99,35,35,70,43.75
CIS099_260,CIS099_Masked_260,Applied Medical Sciences,"web, ws",49,6,0,5,25,7,6,1,1,0,15,0,0,8,13,10,10,8,8,0,19,4,1,0,98,28,44,72,35
CIS099_261,CIS099_Masked_261,Computer Information Technology,"web, ws",52,15,0,7,34,4,7,0,1,0,11,0,0,0,21,15,12,17,0,11,20,11,0,0,119,34,44,78,42.5
CIS099_262,CIS099_Masked_262,Agriculture ,web,62,13,0,6,31,15,6,0,0,0,14,0,0,0,14,13,14,14,2,6,35,10,11,0,133,28,39,67,35
CIS099_263,CIS099_Masked_263,Science and Arts,"web, ws",27,39,0,7,38,11,7,0,0,0,13,0,1,1,27,17,10,18,0,2,20,19,1,0,129,28,30,58,35
CIS099_264,CIS099_Masked_264,Applied Medical Sciences,web,34,0,0,6,32,5,6,0,0,0,13,0,0,0,26,0,9,16,2,1,16,0,0,0,83,40,35,75,50
CIS099_265,CIS099_Masked_265,Nurse,web,23,2,0,2,12,2,2,0,0,0,0,0,0,2,14,2,0,0,0,2,15,6,0,0,41,13,38,51,16.25
CIS099_266,CIS099_Masked_266,Medicine,"web, ws",62,2,0,6,25,2,6,1,0,1,10,0,0,0,16,10,16,14,0,0,29,5,1,0,103,29,36,65,36.25
CIS099_267,CIS099_Masked_267,Medicine,web,69,12,0,6,27,8,6,0,0,2,17,0,0,0,15,19,14,11,0,17,22,10,1,0,128,30,42,72,37.5
CIS099_268,CIS099_Masked_268,Pharmacy,"web, ws",71,3,0,6,41,7,6,0,0,0,0,0,0,2,23,34,21,24,0,10,17,2,1,0,134,34,41,75,42.5
CIS099_269,CIS099_Masked_269,Agriculture ,web,128,3,0,6,29,4,6,0,0,0,25,0,5,0,29,18,4,22,10,6,16,20,21,0,176,19,26,45,23.75
CIS099_270,CIS099_Masked_270,Applied Medical Sciences,"web, ws",45,12,0,5,17,4,6,6,3,0,11,0,0,0,10,9,9,11,1,5,13,10,1,0,89,24,45,69,30
CIS099_271,CIS099_Masked_271,Science and Arts,"web, ws",32,1,0,5,21,7,5,0,0,0,0,1,0,0,12,13,14,11,1,0,11,7,1,0,71,22,45,67,27.5
CIS099_272,CIS099_Masked_272,Medicine,"web, ws",44,2,0,6,27,4,6,0,0,0,11,0,0,1,17,11,11,13,0,0,17,5,3,0,89,21,20,41,26.25
CIS099_273,CIS099_Masked_273,Science and Arts,"web, ws",68,3,0,7,32,7,7,0,0,0,9,0,9,2,28,18,10,20,4,1,18,3,2,0,124,34,33,67,42.5
CIS099_274,CIS099_Masked_274,Pharmacy,"web, ws",39,48,0,6,28,7,6,0,0,5,10,1,2,1,15,17,12,13,0,4,23,29,2,0,134,27,27,54,33.75
CIS099_275,CIS099_Masked_275,Medicine,"web, ws",57,5,0,6,22,3,6,0,0,1,17,0,0,0,15,13,12,16,0,2,14,3,6,0,99,34,39,73,42.5
CIS099_276,CIS099_Masked_276,Science and Arts,web,107,0,0,6,22,5,6,0,0,4,14,2,0,3,12,18,12,8,15,5,26,0,27,0,146,32,41,73,40
CIS099_277,CIS099_Masked_277,Pharmacy,"web, ws",122,9,2,7,47,16,7,7,3,8,22,0,0,2,42,28,21,21,0,10,18,25,3,0,210,30,39,69,37.5
CIS099_278,CIS099_Masked_278,Medicine,"web, ws",57,4,0,4,13,2,4,0,0,0,29,0,0,0,6,0,8,15,0,0,8,11,7,0,84,27,51,78,33.75
CIS099_279,CIS099_Masked_279,Dentistry,"web, ws",42,12,0,4,15,5,4,0,3,0,0,1,0,15,6,12,8,8,0,0,10,13,6,0,82,12,32,44,15
CIS099_280,CIS099_Masked_280,Dentistry,web,35,0,0,6,20,5,6,0,0,0,11,0,0,0,11,14,9,15,0,0,12,0,0,0,72,23,41,64,28.75
CIS099_281,CIS099_Masked_281,Engineering,web,75,10,0,6,27,6,6,1,0,0,19,0,0,1,16,21,16,15,0,4,19,17,1,0,130,34,38,72,42.5
CIS099_282,CIS099_Masked_282,Applied Medical Sciences,"web, ws",73,1,0,7,32,3,7,1,0,0,18,0,0,0,33,18,11,19,0,0,17,2,4,0,123,36,35,71,45
CIS099_283,CIS099_Masked_283,Pharmacy,"web, ws",113,1,0,7,27,7,7,0,8,7,15,0,0,0,37,14,19,27,10,8,11,0,6,0,162,28,39,67,35
CIS099_284,CIS099_Masked_284,Nurse,"web, ws",61,11,0,6,25,6,6,2,0,1,12,0,0,2,19,12,12,25,0,7,15,8,0,0,115,35,44,79,43.75
CIS099_285,CIS099_Masked_285,Computer Information Technology,web,11,0,0,3,11,1,3,0,0,0,0,0,0,0,14,1,7,0,0,1,6,0,0,0,29,19,38,57,23.75
CIS099_286,CIS099_Masked_286,Science and Arts,"web, ws",76,20,0,4,18,4,4,0,0,0,0,0,8,0,15,18,12,27,2,2,17,15,9,1,126,28,33,61,35
CIS099_287,CIS099_Masked_287,Agriculture ,"web, ws",15,26,0,7,28,6,7,0,0,0,11,0,0,0,23,12,10,10,0,0,10,13,0,0,89,28,48,76,35
CIS099_288,CIS099_Masked_288,Agriculture ,web,62,0,0,6,24,6,6,0,0,0,13,0,0,0,11,13,11,16,6,0,26,8,0,0,104,26,36,62,32.5
CIS099_289,CIS099_Masked_289,Nurse,web,60,7,0,7,36,8,7,0,8,0,11,0,0,0,26,14,17,21,0,1,24,3,0,0,125,36,36,72,45
CIS099_290,CIS099_Masked_290,Pharmacy,"web, ws",38,21,0,6,32,3,6,0,2,0,17,0,0,1,16,9,10,23,0,1,20,7,0,0,106,28,41,69,35
CIS099_291,CIS099_Masked_291,Science and Arts,web,37,1,0,5,20,7,5,0,1,0,12,0,0,0,14,0,8,9,2,0,17,1,11,0,75,21,39,60,26.25
CIS099_292,CIS099_Masked_292,Veterinary Medicine,web,69,0,0,7,46,9,7,0,1,0,21,0,0,0,32,17,18,12,0,2,29,6,0,0,138,34,39,73,42.5
CIS099_293,CIS099_Masked_293,Applied Medical Sciences,web,105,5,0,5,18,5,5,0,1,0,1,0,0,0,13,41,16,24,0,7,31,8,1,0,143,38,41,79,47.5
CIS099_294,CIS099_Masked_294,Science and Arts,web,108,10,0,3,19,6,3,0,0,2,15,0,0,0,1,0,11,37,12,32,34,5,0,0,149,15,30,45,18.75
CIS099_295,CIS099_Masked_295,Computer Information Technology,"web, ws",100,41,0,4,28,8,4,0,0,0,27,0,2,0,3,30,4,26,2,13,33,15,30,0,185,29,50,79,36.25
CIS099_296,CIS099_Masked_296,Agriculture ,web,61,0,0,7,34,5,7,0,0,0,17,0,0,0,30,17,14,15,3,0,11,0,7,0,114,25,35,60,31.25
CIS099_297,CIS099_Masked_297,Applied Medical Sciences,web,123,0,0,6,32,5,6,5,1,1,18,0,0,0,14,9,11,22,3,1,78,2,7,0,172,31,39,70,38.75
CIS099_298,CIS099_Masked_298,Applied Medical Sciences,web,27,12,1,4,31,6,4,0,0,0,10,0,0,0,0,0,25,17,0,0,23,7,3,0,85,27,38,65,33.75
CIS099_299,CIS099_Masked_299,Pharmacy,web,55,21,0,4,20,2,4,0,0,1,11,0,2,0,17,4,1,9,5,0,34,14,8,0,106,25,30,55,31.25
CIS099_300,CIS099_Masked_300,Applied Medical Sciences,"web, ws",36,11,0,7,30,6,7,0,0,0,14,0,0,0,24,10,12,14,2,0,15,5,1,0,97,30,44,74,37.5
CIS099_301,CIS099_Masked_301,Agriculture ,web,40,36,7,6,29,6,6,0,0,0,11,0,0,0,39,20,6,12,4,6,21,10,1,0,130,34,29,63,42.5
CIS099_302,CIS099_Masked_302,Agriculture ,web,136,16,3,5,27,5,5,0,1,0,0,0,0,14,23,22,22,21,2,5,42,29,16,0,197,19,33,52,23.75
CIS099_303,CIS099_Masked_303,Engineering,"web, ws",27,16,0,4,24,6,4,0,0,0,0,2,0,0,18,0,9,12,0,1,27,11,1,0,81,33,57,90,41.25
CIS099_304,CIS099_Masked_304,Pharmacy,"web, ws",114,20,0,7,27,7,7,0,0,0,11,0,0,0,25,11,15,23,1,3,75,17,1,0,182,29,42,71,36.25
CIS099_305,CIS099_Masked_305,Agriculture ,web,66,22,0,7,28,7,7,0,0,0,13,0,1,0,20,23,23,18,5,2,20,7,5,0,137,31,45,76,38.75
CIS099_306,CIS099_Masked_306,Nurse,"web, ws",76,11,0,6,21,3,6,2,7,0,14,0,0,0,13,13,8,17,0,11,25,7,5,1,123,27,38,65,33.75
CIS099_307,CIS099_Masked_307,Applied Medical Sciences,web,34,2,0,6,34,7,6,0,0,0,17,0,0,0,23,12,0,13,0,1,19,4,0,0,89,30,36,66,37.5
CIS099_308,CIS099_Masked_308,Medicine,web,51,0,0,6,25,6,6,0,4,0,14,0,0,3,15,9,10,11,14,6,8,0,0,0,94,27,35,62,33.75
CIS099_309,CIS099_Masked_309,Applied Medical Sciences,web,73,10,0,7,26,5,7,0,0,1,11,1,0,0,33,18,17,19,0,0,20,8,0,0,128,39,32,71,48.75
CIS099_310,CIS099_Masked_310,Pharmacy,"web, ws",93,14,0,7,28,8,7,0,0,1,15,0,0,0,25,9,9,22,3,0,52,21,0,0,157,31,47,78,38.75
CIS099_311,CIS099_Masked_311,Agriculture ,"web, ws",32,25,1,6,31,6,6,2,2,0,12,0,0,0,13,10,13,19,0,8,17,11,0,0,107,30,36,66,37.5
CIS099_312,CIS099_Masked_312,Nurse,web,163,8,0,4,17,5,4,0,42,4,18,1,13,16,18,4,16,2,0,20,18,11,18,0,201,19,32,51,23.75
CIS099_313,CIS099_Masked_313,Science and Arts,"web, ws",21,20,0,4,19,4,5,0,0,0,8,0,0,0,13,9,9,0,0,0,21,12,1,0,73,22,30,52,27.5
CIS099_314,CIS099_Masked_314,Science and Arts,web,44,8,0,5,27,4,5,0,6,0,10,0,0,0,10,18,16,1,0,1,21,7,3,0,93,23,41,64,28.75
CIS099_315,CIS099_Masked_315,Science and Arts,"web, ws",53,27,0,6,26,4,6,0,4,5,11,0,0,1,27,12,15,14,0,0,22,11,0,0,122,32,41,73,40
CIS099_316,CIS099_Masked_316,Computer Information Technology,web,36,6,0,3,13,3,3,0,18,0,11,0,0,0,15,9,1,1,0,0,2,4,3,0,64,36,45,81,45
CIS099_317,CIS099_Masked_317,Applied Medical Sciences,web,64,11,0,4,24,5,4,0,0,0,2,0,0,3,17,10,0,18,2,0,31,28,1,0,112,26,32,58,32.5
CIS099_318,CIS099_Masked_318,Medicine,web,35,0,0,5,22,5,5,0,0,2,12,0,0,0,15,0,10,10,0,0,16,0,7,0,72,32,20,52,40
CIS099_319,CIS099_Masked_319,Agriculture ,ws,12,6,0,2,13,6,2,0,0,0,19,0,0,0,0,0,0,0,0,0,15,7,0,0,41,6,29,35,7.5
CIS099_320,CIS099_Masked_320,Nurse,"web, ws",55,7,0,6,26,5,6,0,2,0,12,0,1,0,12,11,14,16,3,7,15,7,5,0,105,29,27,56,36.25
CIS099_321,CIS099_Masked_321,Medicine,"web, ws",53,25,0,4,20,6,5,3,0,3,11,0,0,0,20,10,0,8,0,1,24,18,15,0,113,22,30,52,27.5
CIS099_322,CIS099_Masked_322,Medicine,web,67,3,0,6,24,5,6,0,0,0,12,0,0,0,40,0,10,13,8,0,19,6,3,0,111,29,39,68,36.25
CIS099_323,CIS099_Masked_323,Engineering,web,107,66,0,7,48,8,7,0,0,1,24,1,2,1,62,35,29,21,12,4,36,14,1,0,243,34,51,85,42.5
CIS099_324,CIS099_Masked_324,Medicine,"web, ws",66,0,0,5,35,8,6,2,0,4,13,0,0,0,15,9,8,15,2,0,42,9,0,0,119,32,48,80,40
CIS099_325,CIS099_Masked_325,Nurse,web,75,0,0,6,29,8,6,0,0,0,12,0,0,0,16,14,9,14,0,0,54,5,0,0,124,31,39,70,38.75
CIS099_326,CIS099_Masked_326,Pharmacy,web,27,1,0,6,33,3,6,0,0,0,14,0,0,0,13,14,8,11,0,0,16,0,0,0,76,33,45,78,41.25
CIS099_327,CIS099_Masked_327,Applied Medical Sciences,web,44,9,0,5,29,2,5,0,0,0,11,0,0,0,10,28,9,16,0,0,9,8,3,0,94,34,48,82,42.5
CIS099_328,CIS099_Masked_328,Science and Arts,"web, ws",57,6,0,5,33,4,6,0,0,0,0,13,0,2,16,18,15,14,1,0,24,8,0,0,111,24,35,59,30
CIS099_329,CIS099_Masked_329,Pharmacy,web,45,0,0,6,30,6,6,0,0,0,14,0,7,0,12,9,14,19,0,0,13,3,2,0,93,34,39,73,42.5
CIS099_330,CIS099_Masked_330,Science and Arts,"web, ws",126,13,0,7,35,9,7,0,14,2,17,0,0,1,44,14,18,35,5,8,21,16,2,0,197,36,26,62,45
CIS099_331,CIS099_Masked_331,Science and Arts,web,250,37,0,5,23,7,6,12,19,1,16,0,2,5,37,32,35,56,40,18,40,12,1,0,326,38,30,68,47.5
CIS099_332,CIS099_Masked_332,Pharmacy,"web, ws",4,1,0,0,0,0,0,0,0,0,0,0,0,0,0,0,0,3,0,0,0,2,0,0,5,3,33,36,3.75
CIS099_333,CIS099_Masked_333,Agriculture ,web,39,0,0,6,21,6,6,0,0,0,10,0,0,0,14,13,9,12,0,1,12,1,6,0,78,33,48,81,41.25
CIS099_334,CIS099_Masked_334,Nurse,web,63,11,0,5,26,4,5,0,0,0,2,0,0,0,18,12,14,30,2,3,15,18,0,0,114,32,39,71,40
CIS099_335,CIS099_Masked_335,Nurse,"web, ws",59,9,0,7,25,6,7,0,0,0,14,1,0,6,24,13,8,15,3,10,12,6,1,0,113,33,33,66,41.25
CIS099_336,CIS099_Masked_336,Nurse,"web, ws",45,43,0,7,30,6,7,0,0,0,18,0,0,0,28,20,11,11,0,6,20,21,3,0,138,34,36,70,42.5
CIS099_337,CIS099_Masked_337,Science and Arts,web,33,0,0,6,23,6,6,0,0,0,11,0,0,0,13,9,9,9,0,7,13,1,2,0,74,28,33,61,35
CIS099_338,CIS099_Masked_338,Engineering,"web, ws",11,8,0,2,13,2,2,0,0,0,10,0,0,0,1,0,0,4,0,1,20,2,0,0,38,19,38,57,23.75
CIS099_339,CIS099_Masked_339,Nurse,web,70,7,0,7,31,4,7,0,20,0,11,0,0,0,32,14,10,17,0,0,12,7,3,0,126,26,36,62,32.5
CIS099_340,CIS099_Masked_340,Engineering,"web, ws",17,26,0,6,24,5,6,0,0,0,11,0,0,0,11,10,9,10,1,1,12,16,3,0,84,29,39,68,36.25
CIS099_341,CIS099_Masked_341,Medicine,"web, ws",51,9,0,6,24,6,6,0,0,0,11,0,0,1,13,14,9,18,0,0,27,7,2,0,102,36,35,71,45
CIS099_342,CIS099_Masked_342,Nurse,web,53,18,0,6,31,5,6,0,12,0,9,0,1,2,21,14,17,19,1,0,13,7,0,0,116,38,33,71,47.5
CIS099_343,CIS099_Masked_343,Agriculture ,ws,47,12,0,5,21,5,5,0,0,0,10,0,0,0,9,12,0,17,0,9,15,13,10,0,95,30,44,74,37.5
CIS099_344,CIS099_Masked_344,Engineering,"web, ws",49,6,1,1,4,1,1,0,0,1,0,0,0,1,3,3,18,2,2,4,14,4,11,0,63,10,47,57,12.5
CIS099_345,CIS099_Masked_345,Engineering,web,45,0,0,5,21,6,5,11,0,0,13,0,0,0,11,5,8,10,0,1,12,0,11,0,82,32,32,64,40
CIS099_346,CIS099_Masked_346,Applied Medical Sciences,"web, ws",59,6,0,5,36,9,5,0,0,0,13,5,0,0,34,1,27,17,2,1,12,8,0,0,120,32,33,65,40
CIS099_347,CIS099_Masked_347,Nurse,web,44,0,0,6,23,4,6,3,0,0,11,0,0,0,11,11,11,11,3,1,21,0,0,0,83,32,41,73,40
CIS099_348,CIS099_Masked_348,Applied Medical Sciences,"web, ws",58,10,0,6,33,6,6,0,0,0,13,0,0,0,16,11,14,12,0,0,39,14,0,0,119,28,26,54,35
CIS099_349,CIS099_Masked_349,Applied Medical Sciences,web,29,0,0,6,24,5,6,0,0,0,11,0,0,0,11,11,12,9,0,0,16,0,0,0,70,30,45,75,37.5
CIS099_350,CIS099_Masked_350,Agriculture ,web,30,0,0,6,23,7,6,0,0,0,14,0,0,0,11,9,10,15,1,0,12,0,0,0,72,22,35,57,27.5
CIS099_351,CIS099_Masked_351,Pharmacy,"web, ws",23,21,0,7,38,11,7,0,0,1,13,0,0,3,29,13,8,17,0,1,12,10,0,0,107,36,36,72,45
CIS099_352,CIS099_Masked_352,Agriculture ,"web, ws",77,1,0,3,14,4,3,0,0,0,3,0,4,0,12,3,37,16,3,6,2,14,1,0,101,21,23,44,26.25
CIS099_353,CIS099_Masked_353,Computer Information Technology,"web, ws",13,22,0,5,20,5,5,0,0,0,12,0,0,0,13,0,9,12,0,0,10,12,2,0,70,26,24,50,32.5
CIS099_354,CIS099_Masked_354,Applied Medical Sciences,"web, ws",26,10,0,6,36,10,6,0,0,0,10,0,0,0,20,8,12,21,0,2,21,0,0,0,94,29,41,70,36.25
CIS099_355,CIS099_Masked_355,Science and Arts,"web, ws",37,9,0,6,37,12,6,1,0,0,8,0,0,0,16,20,13,22,0,0,17,10,0,0,107,26,44,70,32.5
CIS099_356,CIS099_Masked_356,Pharmacy,web,148,0,0,3,16,2,3,0,4,0,10,0,0,3,19,1,0,4,7,4,48,26,46,0,172,16,39,55,20
CIS099_357,CIS099_Masked_357,Nurse,"web, ws",67,10,0,4,16,4,4,0,0,18,23,6,3,7,14,0,0,8,2,5,11,8,0,0,105,31,30,61,38.75
CIS099_358,CIS099_Masked_358,Applied Medical Sciences,"web, ws",48,32,0,7,27,4,7,0,0,1,11,0,0,1,50,13,11,15,2,1,10,10,0,0,125,35,26,61,43.75
CIS099_359,CIS099_Masked_359,Nurse,"web, ws",36,9,0,7,28,5,7,0,0,0,14,0,0,0,21,9,14,12,0,1,12,7,2,0,92,34,24,58,42.5
CIS099_360,CIS099_Masked_360,Engineering,web,60,0,0,5,36,6,5,0,0,0,0,0,12,1,15,15,17,20,4,2,19,0,7,0,112,36,41,77,45
CIS099_361,CIS099_Masked_361,Computer Information Technology,web,58,0,0,6,23,5,6,0,5,1,12,0,0,0,14,12,11,15,0,1,21,0,6,0,98,28,24,52,35
CIS099_362,CIS099_Masked_362,Architecture and Design,"web, ws",32,15,0,6,25,5,6,0,0,0,13,0,0,0,26,9,13,15,1,2,5,4,1,0,89,36,39,75,45
CIS099_363,CIS099_Masked_363,Agriculture ,web,79,7,0,6,24,5,6,0,0,0,3,0,0,0,27,17,10,22,0,14,9,24,1,0,127,32,35,67,40
CIS099_364,CIS099_Masked_364,Applied Medical Sciences,"web, ws",39,6,0,4,20,2,4,0,0,0,11,0,0,0,0,11,0,14,0,10,15,14,0,0,75,19,39,58,23.75
CIS099_365,CIS099_Masked_365,Applied Medical Sciences,"web, ws",41,51,0,7,33,13,7,0,0,1,14,3,0,0,36,17,12,15,3,8,23,15,5,0,152,32,44,76,40
CIS099_366,CIS099_Masked_366,Dentistry,"web, ws",54,11,0,6,37,6,6,0,1,4,11,0,0,1,18,26,11,16,0,1,26,3,1,0,119,32,48,80,40
CIS099_367,CIS099_Masked_367,Architecture and Design,web,38,5,1,6,25,8,6,3,1,0,13,0,1,1,18,9,11,15,2,0,9,5,1,0,89,23,35,58,28.75
CIS099_368,CIS099_Masked_368,Applied Medical Sciences,"web, ws",29,22,0,6,26,5,6,0,0,0,12,0,0,1,14,10,9,18,0,0,20,9,1,0,94,34,36,70,42.5
CIS099_369,CIS099_Masked_369,Engineering,web,34,0,0,4,14,2,4,0,0,0,0,0,0,0,9,11,11,9,4,0,6,8,0,0,58,28,27,55,35
CIS099_370,CIS099_Masked_370,Applied Medical Sciences,web,67,1,1,6,34,7,6,1,1,0,14,0,0,0,14,12,29,31,0,0,14,3,3,0,122,21,24,45,26.25
CIS099_371,CIS099_Masked_371,Computer Information Technology,"web, ws",55,7,1,6,24,6,6,21,0,0,17,0,1,2,15,10,10,13,2,0,9,5,0,0,105,36,45,81,45
CIS099_372,CIS099_Masked_372,Agriculture ,"web, ws",51,13,0,6,22,2,6,0,0,0,0,0,0,0,24,11,10,12,3,1,18,11,10,0,100,34,30,64,42.5
CIS099_373,CIS099_Masked_373,Medicine,"web, ws",22,3,0,5,22,5,5,0,0,0,12,0,0,0,14,13,9,11,0,0,0,3,0,0,62,34,32,66,42.5
CIS099_374,CIS099_Masked_374,Engineering,"web, ws",46,23,0,6,30,4,6,2,3,0,12,0,0,0,15,17,14,19,2,1,17,11,2,0,115,32,41,73,40
CIS099_375,CIS099_Masked_375,Nurse,web,46,0,0,6,28,8,6,2,0,0,12,0,5,1,15,10,18,16,0,0,15,0,0,0,94,34,35,69,42.5
CIS099_376,CIS099_Masked_376,Computer Information Technology,web,51,15,0,2,9,3,2,0,0,0,3,3,0,0,0,0,11,0,0,0,0,56,9,0,82,17,44,61,21.25
CIS099_377,CIS099_Masked_377,Engineering,"web, ws",78,5,0,6,22,3,6,0,0,4,13,0,0,1,16,9,13,13,4,7,18,14,8,0,120,32,38,70,40
CIS099_378,CIS099_Masked_378,Medicine,"web, ws",68,21,0,6,32,7,6,0,0,1,10,0,0,0,53,17,12,12,3,3,19,10,0,0,140,28,33,61,35
CIS099_379,CIS099_Masked_379,Applied Medical Sciences,web,43,0,0,2,10,1,2,0,0,0,0,0,0,0,0,0,0,16,1,0,15,26,0,0,58,14,44,58,17.5
CIS099_380,CIS099_Masked_380,Applied Medical Sciences,web,68,0,0,6,35,6,6,0,0,0,11,0,0,0,17,13,10,17,6,1,45,1,0,0,121,34,39,73,42.5
CIS099_381,CIS099_Masked_381,Architecture and Design,"web, ws",51,5,0,6,24,7,6,0,0,0,14,0,0,0,12,9,14,15,1,13,16,5,0,0,99,33,39,72,41.25
CIS099_382,CIS099_Masked_382,Applied Medical Sciences,web,33,5,0,6,23,5,6,0,0,0,11,0,0,0,23,8,0,14,0,0,16,5,1,0,78,31,50,81,38.75
CIS099_383,CIS099_Masked_383,Nurse,web,42,0,0,7,29,5,7,0,0,0,11,0,0,0,27,11,8,10,2,0,21,0,0,0,90,31,33,64,38.75
CIS099_384,CIS099_Masked_384,Pharmacy,"web, ws",54,11,0,7,35,4,7,0,3,0,13,0,0,0,27,12,10,19,2,7,15,9,1,0,118,34,41,75,42.5
CIS099_385,CIS099_Masked_385,Pharmacy,web,74,13,0,7,42,11,7,0,0,0,12,0,1,0,32,14,14,14,1,4,47,14,1,0,154,35,44,79,43.75
CIS099_386,CIS099_Masked_386,Medicine,web,72,0,0,7,29,5,7,0,0,1,15,0,0,0,41,10,10,14,1,1,27,0,0,0,120,27,26,53,33.75
CIS099_387,CIS099_Masked_387,Medicine,web,32,7,0,7,31,9,7,0,0,0,16,0,0,0,25,9,11,14,0,0,12,6,0,0,93,40,39,79,50
CIS099_388,CIS099_Masked_388,Science and Arts,web,55,0,0,5,20,5,5,0,0,0,0,1,0,0,22,0,9,11,0,6,40,1,0,0,90,27,36,63,33.75
CIS099_389,CIS099_Masked_389,Science and Arts,web,41,13,0,6,32,2,6,0,0,0,10,0,0,0,11,9,10,15,6,0,24,13,2,0,100,36,21,57,45
CIS099_390,CIS099_Masked_390,Science and Arts,"web, ws",47,15,0,6,22,4,6,0,0,0,11,0,0,0,12,13,16,12,0,0,23,11,0,2,100,34,32,66,42.5
CIS099_391,CIS099_Masked_391,Nurse,"web, ws",57,17,0,7,31,7,7,0,0,0,17,0,0,1,26,20,14,15,1,1,16,13,2,0,126,30,30,60,37.5
CIS099_392,CIS099_Masked_392,Applied Medical Sciences,"web, ws",60,17,0,7,31,7,7,0,0,0,12,0,0,0,24,14,10,15,0,3,40,9,2,0,129,34,36,70,42.5
CIS099_393,CIS099_Masked_393,Pharmacy,"web, ws",33,13,0,5,19,5,5,0,0,0,0,1,1,0,16,11,14,9,2,2,19,5,0,0,80,24,32,56,30
CIS099_394,CIS099_Masked_394,Pharmacy,web,29,0,0,6,29,2,6,0,0,0,10,0,0,0,10,11,11,15,0,0,15,0,0,0,72,36,45,81,45
CIS099_395,CIS099_Masked_395,Science and Arts,"web, ws",73,1,0,6,23,6,6,0,0,4,0,0,4,0,23,6,14,10,0,8,29,16,1,0,115,29,38,67,36.25
CIS099_396,CIS099_Masked_396,Pharmacy,web,26,2,0,6,24,8,6,0,0,0,13,0,0,0,11,12,11,12,0,0,10,3,0,0,72,40,32,72,50
CIS099_397,CIS099_Masked_397,Computer Information Technology,"web, ws",84,40,0,6,25,3,6,0,0,3,26,4,0,1,17,39,17,25,2,5,14,10,1,0,164,30,38,68,37.5
CIS099_398,CIS099_Masked_398,Science and Arts,web,60,2,0,6,26,5,6,0,0,0,14,0,0,0,15,16,10,22,1,2,20,5,0,0,105,32,33,65,40
CIS099_399,CIS099_Masked_399,Engineering,"web, ws",57,4,0,6,25,7,6,2,1,2,16,0,0,0,15,12,10,12,2,5,23,3,1,1,105,30,33,63,37.5
CIS099_400,CIS099_Masked_400,Medicine,web,81,18,0,6,39,10,6,2,2,0,16,1,0,0,37,37,15,18,2,2,28,0,0,0,160,36,44,80,45
CIS099_401,CIS099_Masked_401,Pharmacy,"web, ws",69,7,0,7,33,8,7,0,0,0,16,0,6,3,32,9,16,9,3,0,17,7,13,0,131,34,45,79,42.5
CIS099_402,CIS099_Masked_402,Engineering,"web, ws",39,11,0,3,9,1,3,0,0,0,0,0,0,0,0,0,7,10,0,2,24,8,15,0,66,23,33,56,28.75
CIS099_403,CIS099_Masked_403,Pharmacy,web,29,0,0,4,12,3,4,0,0,0,9,0,0,2,9,0,17,12,0,1,1,1,0,0,52,22,24,46,27.5
CIS099_404,CIS099_Masked_404,Agriculture ,web,40,0,0,6,22,6,6,2,2,0,12,1,0,0,13,10,13,14,0,0,12,1,0,0,80,29,32,61,36.25
CIS099_405,CIS099_Masked_405,Engineering,"web, ws",27,19,0,4,26,7,4,0,0,1,16,0,0,1,0,14,0,25,0,2,15,13,0,0,87,28,32,60,35
CIS099_406,CIS099_Masked_406,Pharmacy,web,159,9,0,6,23,4,6,28,2,9,18,0,0,0,26,17,17,15,14,8,38,15,0,0,207,33,44,77,41.25
CIS099_407,CIS099_Masked_407,Medicine,web,32,0,0,5,19,5,5,0,0,0,11,0,0,0,12,9,1,9,2,0,19,3,0,0,66,38,36,74,47.5
CIS099_408,CIS099_Masked_408,Applied Medical Sciences,ws,33,3,0,6,24,8,6,0,0,0,9,0,0,0,9,7,12,7,0,2,7,11,16,0,80,25,39,64,31.25
CIS099_409,CIS099_Masked_409,Nurse,"web, ws",60,6,0,5,26,6,6,0,12,2,19,0,0,0,13,10,12,10,1,5,16,9,0,0,109,24,27,51,30
CIS099_410,CIS099_Masked_410,Agriculture ,web,107,2,0,5,25,5,5,0,0,1,18,0,0,1,27,5,26,26,4,1,17,20,3,0,149,32,38,70,40
CIS099_411,CIS099_Masked_411,Pharmacy,"web, ws",136,22,0,6,23,8,6,12,1,2,13,1,0,1,15,18,26,36,25,2,20,20,9,0,201,27,26,53,33.75
CIS099_412,CIS099_Masked_412,Applied Medical Sciences,web,88,1,0,6,38,3,6,0,0,0,14,0,0,1,15,14,18,23,0,6,42,1,8,0,142,30,35,65,37.5
CIS099_413,CIS099_Masked_413,Medicine,web,44,1,0,5,22,6,5,0,1,0,14,0,0,0,15,1,11,20,8,0,12,1,0,0,83,26,24,50,32.5
CIS099_414,CIS099_Masked_414,Applied Medical Sciences,web,87,4,0,7,34,10,7,0,0,0,17,0,0,0,25,9,9,14,0,8,59,6,2,0,149,32,41,73,40
CIS099_415,CIS099_Masked_415,Science and Arts,"web, ws",94,10,0,7,27,4,7,1,20,2,13,0,0,5,29,12,11,16,7,2,19,11,1,0,149,28,33,61,35
CIS099_416,CIS099_Masked_416,Science and Arts,web,50,6,0,5,25,5,5,0,1,0,12,0,0,0,13,0,9,16,5,0,36,4,0,0,96,32,48,80,40
CIS099_417,CIS099_Masked_417,Agriculture ,web,59,0,0,6,26,4,6,0,0,0,10,0,0,0,11,10,17,23,0,0,25,4,1,0,101,29,41,70,36.25
CIS099_418,CIS099_Masked_418,Science and Arts,"web, ws",12,23,0,6,39,10,6,0,0,0,11,0,0,0,13,9,12,18,0,0,20,12,1,0,96,35,32,67,43.75
CIS099_419,CIS099_Masked_419,Applied Medical Sciences,web,96,15,0,5,23,4,5,0,0,0,8,0,0,0,39,16,15,14,5,1,43,6,1,0,148,30,29,59,37.5
CIS099_420,CIS099_Masked_420,Pharmacy,web,52,51,0,6,18,1,6,0,0,0,11,0,0,0,13,11,0,28,2,0,28,20,21,0,134,24,41,65,30
CIS099_421,CIS099_Masked_421,Pharmacy,web,15,1,1,2,16,1,2,0,0,0,10,0,0,0,0,0,0,18,1,0,1,7,1,0,38,25,48,73,31.25
CIS099_422,CIS099_Masked_422,Pharmacy,web,61,11,1,7,29,4,7,0,0,0,20,0,0,0,30,11,12,11,0,4,15,11,6,0,120,30,42,72,37.5
CIS099_423,CIS099_Masked_423,Engineering,web,56,0,0,7,37,5,7,0,3,0,10,4,3,0,29,15,11,19,1,1,14,2,0,0,112,25,32,57,31.25
CIS099_424,CIS099_Masked_424,Applied Medical Sciences,"web, ws",37,5,0,2,23,5,5,0,0,0,1,0,2,1,15,13,7,12,4,1,16,5,0,0,77,32,26,58,40
CIS099_425,CIS099_Masked_425,Nurse,web,25,0,0,5,27,6,6,0,0,0,11,0,0,0,23,0,12,10,0,0,13,0,0,0,69,22,39,61,27.5
CIS099_426,CIS099_Masked_426,Engineering,"web, ws",48,55,0,6,21,4,6,0,8,0,12,0,1,2,15,26,11,22,1,2,20,19,1,0,140,33,33,66,41.25
CIS099_427,CIS099_Masked_427,Computer Information Technology,web,35,2,0,3,13,3,3,0,0,0,1,0,0,0,10,0,11,2,0,0,10,0,25,0,59,12,39,51,15
CIS099_428,CIS099_Masked_428,Engineering,web,151,15,1,2,5,2,2,0,23,0,25,2,4,4,0,1,11,15,0,34,26,13,10,10,178,15,35,50,18.75
CIS099_429,CIS099_Masked_429,Nurse,"web, ws",56,2,0,6,36,9,6,0,0,2,13,0,0,0,19,16,11,18,2,6,26,2,0,0,115,36,38,74,45
CIS099_430,CIS099_Masked_430,Medicine,web,70,3,0,6,30,5,6,4,1,0,15,0,0,20,15,10,12,9,3,0,26,4,1,0,120,39,48,87,48.75
CIS099_431,CIS099_Masked_431,Computer Information Technology,"web, ws",22,31,0,6,23,7,6,0,0,0,12,0,0,0,11,10,11,10,0,2,12,19,8,0,95,24,39,63,30
CIS099_432,CIS099_Masked_432,Engineering,web,73,26,0,4,19,4,4,0,1,0,14,1,7,0,37,18,10,2,4,8,14,11,3,0,130,28,33,61,35
CIS099_433,CIS099_Masked_433,Medicine,"web, ws",90,8,0,6,37,7,6,3,2,0,15,1,0,0,17,14,14,36,13,8,24,5,2,0,154,40,38,78,50
CIS099_434,CIS099_Masked_434,Agriculture ,web,48,19,2,7,34,6,7,0,0,0,13,0,0,0,26,14,14,23,2,2,15,14,0,0,123,33,42,75,41.25
CIS099_435,CIS099_Masked_435,Agriculture ,web,96,0,0,7,32,6,7,1,0,1,12,0,0,0,26,9,11,28,0,5,51,4,0,0,148,34,45,79,42.5
CIS099_436,CIS099_Masked_436,Medicine,"web, ws",102,11,0,6,25,3,6,1,3,1,9,0,1,0,23,18,10,28,7,8,23,9,10,2,153,28,38,66,35
CIS099_437,CIS099_Masked_437,Applied Medical Sciences,"web, ws",27,17,0,3,11,3,3,0,0,0,0,0,2,0,12,0,8,2,1,9,10,18,2,0,64,22,36,58,27.5
CIS099_438,CIS099_Masked_438,Engineering,"web, ws",83,4,0,6,29,7,6,0,0,0,1,9,7,0,35,18,11,11,0,21,18,3,1,0,135,36,45,81,45
CIS099_439,CIS099_Masked_439,Nurse,"web, ws",22,6,0,5,20,6,5,0,0,0,11,0,0,0,17,10,9,9,1,0,1,5,1,0,64,32,33,65,40
CIS099_440,CIS099_Masked_440,Science and Arts,web,87,30,2,6,30,5,6,2,7,0,11,0,0,0,15,26,23,26,2,5,16,25,8,0,166,34,42,76,42.5
CIS099_441,CIS099_Masked_441,Nurse,web,55,18,0,6,34,3,6,0,0,0,20,0,0,0,13,10,13,17,0,0,34,14,1,0,122,29,23,52,36.25
CIS099_442,CIS099_Masked_442,Engineering,"web, ws",47,5,0,7,29,7,7,0,2,0,12,0,0,0,26,10,9,15,1,1,15,11,0,0,102,40,26,66,50
CIS099_443,CIS099_Masked_443,Computer Information Technology,"web, ws",43,12,0,6,24,5,6,0,8,0,12,0,0,9,15,13,11,11,0,0,10,7,0,0,96,36,27,63,45
CIS099_444,CIS099_Masked_444,Nurse,"web, ws",62,9,0,6,26,5,6,0,0,8,11,0,0,1,14,10,9,13,17,0,21,9,1,0,114,40,41,81,50
CIS099_445,CIS099_Masked_445,Medicine,"web, ws",78,11,0,6,30,6,6,10,1,0,13,0,0,3,26,18,9,13,1,11,22,8,2,0,137,26,29,55,32.5
CIS099_446,CIS099_Masked_446,Medicine,web,23,0,0,4,21,4,4,0,0,0,12,0,0,0,12,13,1,2,0,0,15,1,0,0,56,32,51,83,40
CIS099_447,CIS099_Masked_447,Applied Medical Sciences,"web, ws",38,20,0,7,31,9,7,0,3,0,16,0,0,0,24,9,11,14,0,2,17,15,1,0,112,37,41,78,46.25
CIS099_448,CIS099_Masked_448,Applied Medical Sciences,web,38,6,0,5,21,4,5,0,0,0,13,0,0,0,23,8,11,13,0,0,4,6,1,0,79,36,38,74,45
CIS099_449,CIS099_Masked_449,Science and Arts,"web, ws",32,33,0,7,30,7,7,0,6,0,11,0,0,0,25,13,12,10,0,2,14,23,0,0,116,31,41,72,38.75
CIS099_450,CIS099_Masked_450,Engineering,web,93,16,0,6,33,4,6,0,3,3,17,0,0,4,20,22,13,28,0,0,27,14,7,0,158,30,30,60,37.5
CIS099_451,CIS099_Masked_451,Applied Medical Sciences,"web, ws",46,8,0,4,14,5,4,6,1,0,20,0,0,0,13,10,0,16,0,0,6,8,1,0,81,17,26,43,21.25
CIS099_452,CIS099_Masked_452,Science and Arts,"web, ws",39,2,0,6,40,13,6,1,1,2,21,0,0,0,15,14,12,12,1,0,23,4,0,0,106,24,33,57,30
CIS099_453,CIS099_Masked_453,Engineering,web,40,1,0,4,18,6,4,0,0,6,14,0,0,0,14,0,13,1,0,0,17,3,5,0,73,29,51,80,36.25
CIS099_454,CIS099_Masked_454,Engineering,"web, ws",67,32,0,6,21,4,6,3,0,0,17,0,0,0,17,22,21,12,5,2,24,13,0,0,136,34,33,67,42.5
CIS099_455,CIS099_Masked_455,Dentistry,"web, ws",49,4,0,3,19,5,5,0,0,0,14,0,0,5,22,8,13,8,7,0,0,7,1,0,85,36,41,77,45
CIS099_456,CIS099_Masked_456,Agriculture ,web,27,0,0,6,22,6,6,0,0,0,11,0,0,0,12,10,9,10,0,0,13,2,0,0,67,28,23,51,35
CIS099_457,CIS099_Masked_457,Applied Medical Sciences,web,54,14,0,6,30,11,6,0,4,0,21,0,0,8,16,10,14,14,5,5,12,11,1,0,121,36,36,72,45
CIS099_458,CIS099_Masked_458,Applied Medical Sciences,web,34,15,1,4,14,4,4,0,0,0,11,0,0,0,0,0,11,13,0,0,18,18,5,0,76,31,45,76,38.75
CIS099_459,CIS099_Masked_459,Nurse,"web, ws",88,11,0,6,29,8,6,0,0,0,10,0,0,1,32,13,14,23,0,3,15,5,32,0,148,33,32,65,41.25
CIS099_460,CIS099_Masked_460,Pharmacy,web,52,13,0,6,26,6,6,3,2,0,11,0,0,0,12,13,12,27,1,1,20,7,0,0,109,36,41,77,45
CIS099_461,CIS099_Masked_461,Applied Medical Sciences,web,151,0,0,7,29,8,7,0,0,1,14,1,6,0,29,28,33,30,0,11,44,5,0,0,202,33,45,78,41.25
CIS099_462,CIS099_Masked_462,Computer Information Technology,"web, ws",58,29,0,7,28,6,7,0,0,0,16,0,0,5,27,17,14,15,1,1,19,17,3,0,135,40,39,79,50
CIS099_463,CIS099_Masked_463,Pharmacy,web,37,5,0,4,30,4,6,0,0,0,9,0,0,0,11,11,8,27,0,0,16,3,1,0,86,28,35,63,35
CIS099_464,CIS099_Masked_464,Medicine,web,90,36,0,6,22,6,6,0,0,0,13,0,0,0,40,10,12,13,2,0,52,24,0,0,166,36,51,87,45
CIS099_465,CIS099_Masked_465,Agriculture ,web,48,0,0,6,25,5,6,0,0,0,12,0,0,0,21,1,13,9,0,9,20,5,0,0,90,34,41,75,42.5
CIS099_466,CIS099_Masked_466,Applied Medical Sciences,web,71,23,0,6,30,3,6,2,6,0,13,0,0,1,15,22,19,14,0,1,18,19,7,0,137,32,35,67,40
CIS099_467,CIS099_Masked_467,Applied Medical Sciences,web,99,0,0,7,29,7,7,0,0,2,21,0,0,2,37,16,10,17,5,5,13,7,14,0,149,39,44,83,48.75
CIS099_468,CIS099_Masked_468,Pharmacy,"web, ws",37,5,0,2,6,0,2,0,0,0,0,0,0,0,0,0,11,18,0,0,8,3,11,1,52,17,44,61,21.25
CIS099_469,CIS099_Masked_469,Nurse,web,63,0,0,7,32,5,7,0,0,0,14,0,0,0,38,11,12,21,0,0,18,0,0,0,114,35,26,61,43.75
CIS099_470,CIS099_Masked_470,Pharmacy,"web, ws",35,4,0,5,30,5,6,0,0,0,13,0,0,0,11,11,9,29,0,0,7,5,0,0,85,33,36,69,41.25
CIS099_471,CIS099_Masked_471,Applied Medical Sciences,web,30,7,2,5,24,6,6,0,2,0,11,0,0,0,24,1,8,11,0,0,13,10,0,0,80,32,36,68,40
CIS099_472,CIS099_Masked_472,Applied Medical Sciences,web,56,19,0,6,27,4,6,3,2,0,11,0,0,0,15,11,15,13,12,0,19,15,2,0,118,30,36,66,37.5
CIS099_473,CIS099_Masked_473,Dentistry,"web, ws",62,1,0,5,25,6,5,0,0,0,24,0,0,0,16,16,9,5,0,0,33,1,0,0,104,30,45,75,37.5
CIS099_474,CIS099_Masked_474,Medicine,"web, ws",82,5,0,6,51,8,6,1,7,14,16,0,0,0,13,20,10,26,0,0,42,6,3,0,158,36,47,83,45
CIS099_475,CIS099_Masked_475,Nurse,"web, ws",67,1,0,7,26,4,7,1,0,0,11,0,0,0,23,12,12,11,0,11,26,1,4,0,112,26,32,58,32.5
CIS099_476,CIS099_Masked_476,Applied Medical Sciences,web,51,0,0,6,30,8,6,0,0,0,22,0,0,0,17,14,9,10,2,2,19,0,6,0,101,36,36,72,45
CIS099_477,CIS099_Masked_477,Medicine,"web, ws",137,14,1,6,24,7,6,0,3,2,20,0,0,0,29,21,53,16,1,0,34,14,2,0,195,31,50,81,38.75
CIS099_478,CIS099_Masked_478,Pharmacy,web,69,11,0,7,26,6,7,0,0,0,13,0,0,2,36,20,9,10,2,2,13,19,0,0,126,36,32,68,45
CIS099_479,CIS099_Masked_479,Agriculture ,"web, ws",13,3,0,2,9,3,2,0,0,0,0,0,0,0,12,0,0,0,0,0,2,4,14,0,32,6,38,44,7.5
CIS099_480,CIS099_Masked_480,Computer Information Technology,"web, ws",38,12,0,6,23,5,6,0,2,0,10,0,0,0,17,12,12,9,7,2,12,2,4,1,90,32,33,65,40
CIS099_481,CIS099_Masked_481,Computer Information Technology,ws,7,19,0,3,13,2,3,0,0,0,9,1,0,0,12,0,0,9,3,2,1,5,5,0,47,24,18,42,30
CIS099_482,CIS099_Masked_482,Science and Arts,"web, ws",65,11,0,6,22,6,6,7,5,0,14,0,0,0,20,10,12,5,2,4,11,8,18,0,116,21,32,53,26.25
CIS099_483,CIS099_Masked_483,Medicine,web,86,0,0,6,22,5,6,1,9,2,16,2,1,2,12,14,10,11,8,0,27,0,10,0,125,32,44,76,40
CIS099_484,CIS099_Masked_484,Veterinary Medicine,web,18,2,0,4,18,4,4,0,0,0,13,0,0,0,0,0,17,10,0,0,8,2,0,0,50,20,41,61,25
CIS099_485,CIS099_Masked_485,Medicine,"web, ws",33,3,0,2,8,1,2,0,0,0,29,0,0,0,1,3,0,0,0,2,10,4,0,0,49,23,27,50,28.75
CIS099_486,CIS099_Masked_486,Pharmacy,"web, ws",51,12,0,5,22,6,5,0,0,2,16,0,0,4,22,0,16,3,5,3,17,11,1,1,101,26,20,46,32.5
CIS099_487,CIS099_Masked_487,Veterinary Medicine,web,89,6,0,6,29,5,6,0,11,0,14,0,0,0,14,17,17,20,6,9,25,8,0,0,141,26,32,58,32.5
CIS099_488,CIS099_Masked_488,Nurse,"web, ws",41,0,0,5,23,3,5,0,2,0,0,0,0,0,26,12,3,13,0,1,16,3,0,0,76,26,26,52,32.5
CIS099_489,CIS099_Masked_489,Agriculture ,web,100,28,5,6,25,6,6,0,19,2,16,0,0,0,18,19,28,25,4,12,19,10,3,0,175,35,44,79,43.75
CIS099_490,CIS099_Masked_490,Medicine,web,54,14,0,5,25,4,5,0,0,0,15,0,0,0,12,12,0,17,3,0,31,16,1,0,107,26,39,65,32.5
CIS099_491,CIS099_Masked_491,Engineering,web,43,0,0,6,30,4,6,0,0,0,0,0,0,0,28,11,11,15,1,0,12,0,11,0,89,23,42,65,28.75
CIS099_492,CIS099_Masked_492,Veterinary Medicine,web,89,12,0,3,11,2,3,11,0,0,20,4,0,0,0,0,0,32,0,5,10,16,22,0,120,28,42,70,35
CIS099_493,CIS099_Masked_493,Engineering,web,87,30,5,7,41,7,7,0,0,0,16,0,0,0,31,16,13,34,2,2,56,14,0,0,184,38,38,76,47.5
CIS099_494,CIS099_Masked_494,Computer Information Technology,web,67,17,0,4,16,2,4,0,0,0,6,0,0,0,36,3,13,1,3,12,16,16,4,0,110,14,30,44,17.5
CIS099_495,CIS099_Masked_495,Nurse,web,68,0,0,6,28,5,6,0,2,0,12,0,0,0,12,11,12,23,6,9,24,0,2,0,113,34,33,67,42.5
CIS099_496,CIS099_Masked_496,Engineering,web,47,2,0,4,25,7,4,0,0,0,16,0,1,0,0,19,13,13,10,1,13,2,1,0,89,29,27,56,36.25
CIS099_497,CIS099_Masked_497,Medicine,"web, ws",72,6,0,6,21,4,6,5,6,0,13,0,1,1,19,10,9,14,3,9,16,8,1,0,115,30,33,63,37.5
CIS099_498,CIS099_Masked_498,Nurse,"web, ws",112,5,0,6,25,6,6,0,1,1,16,2,2,2,13,16,20,15,5,5,52,5,5,0,160,33,47,80,41.25
CIS099_499,CIS099_Masked_499,Engineering,web,48,6,0,5,21,4,5,0,0,0,14,1,0,0,11,12,10,13,7,0,0,13,8,0,89,34,29,63,42.5
CIS099_500,CIS099_Masked_500,Engineering,ws,36,5,0,4,16,4,4,0,0,1,0,0,0,2,15,2,9,14,0,0,19,7,0,0,69,34,36,70,42.5
CIS099_501,CIS099_Masked_501,Engineering,web,38,1,0,4,14,4,4,0,0,0,0,0,0,1,16,2,11,13,1,9,10,2,0,0,65,30,29,59,37.5
CIS099_502,CIS099_Masked_502,Nurse,web,102,2,0,7,27,5,7,0,1,2,10,0,1,0,28,11,15,15,0,4,47,9,7,0,150,28,30,58,35
CIS099_503,CIS099_Masked_503,Science and Arts,web,11,0,0,2,8,2,2,0,0,0,10,0,0,0,0,1,13,0,0,0,1,0,0,0,25,4,14,35,5
CIS099_504,CIS099_Masked_504,Science and Arts,"web, ws",35,33,0,3,14,2,3,0,1,1,0,0,7,0,8,9,1,15,10,2,19,16,1,0,90,25,39,64,31.25
CIS099_505,CIS099_Masked_505,Pharmacy,"web, ws",88,20,0,7,27,6,7,0,1,0,20,0,0,0,33,16,12,13,10,0,36,13,1,0,155,35,27,62,43.75
CIS099_506,CIS099_Masked_506,Veterinary Medicine,"web, ws",147,21,0,6,22,6,6,0,5,0,23,0,0,1,31,14,42,14,13,2,44,19,0,0,208,38,36,74,47.5
CIS099_507,CIS099_Masked_507,Agriculture ,"web, ws",53,0,0,5,23,6,5,0,0,3,13,0,4,0,13,11,15,0,0,0,13,14,6,0,92,23,27,50,28.75
CIS099_508,CIS099_Masked_508,Computer Information Technology,web,56,14,0,6,21,3,6,0,2,0,12,0,0,0,12,9,13,0,0,0,29,9,20,0,106,23,38,61,28.75
CIS099_509,CIS099_Masked_509,Computer Information Technology,"web, ws",103,13,0,4,22,4,4,1,0,0,9,0,0,0,15,3,16,19,0,1,79,7,0,0,150,36,48,84,45
CIS099_510,CIS099_Masked_510,Nurse,"web, ws",77,11,3,7,31,7,7,0,0,0,12,0,0,0,29,11,14,19,0,13,38,5,1,1,143,37,29,66,46.25
CIS099_511,CIS099_Masked_511,Medicine,web,13,0,0,2,15,1,2,0,0,0,2,0,0,0,0,14,0,0,0,1,15,1,0,0,33,22,35,57,27.5
CIS099_512,CIS099_Masked_512,Nurse,web,70,20,0,6,26,6,6,0,0,4,21,0,0,0,13,13,11,15,0,5,15,25,12,0,134,25,32,57,31.25
CIS099_513,CIS099_Masked_513,Medicine,"web, ws",81,3,0,5,24,5,5,1,1,0,13,0,0,0,11,0,21,29,2,0,41,3,1,0,123,32,36,68,40
CIS099_514,CIS099_Masked_514,Applied Medical Sciences,web,82,0,0,6,28,5,6,0,7,0,14,0,5,0,16,14,9,25,0,7,30,0,0,0,127,38,47,85,47.5
CIS099_515,CIS099_Masked_515,Pharmacy,"web, ws",87,23,0,7,32,12,7,0,10,2,18,2,0,2,38,11,21,17,3,7,21,13,2,1,168,19,18,37,23.75
CIS099_516,CIS099_Masked_516,Computer Information Technology,web,85,15,0,7,28,5,7,0,0,0,11,1,2,1,32,18,16,15,4,8,29,9,1,0,147,33,24,57,41.25
CIS099_517,CIS099_Masked_517,Science and Arts,web,98,11,0,5,19,5,5,0,4,0,16,0,1,0,16,8,0,14,15,7,38,11,13,0,143,27,38,65,33.75
CIS099_518,CIS099_Masked_518,Science and Arts,"web, ws",32,3,0,3,19,4,3,0,0,0,0,0,0,0,12,17,12,1,0,5,12,4,1,0,64,14,36,50,17.5
CIS099_519,CIS099_Masked_519,Engineering,"web, ws",32,17,0,6,26,4,6,0,3,2,11,0,0,0,12,12,9,11,2,0,15,14,0,0,91,29,41,70,36.25
CIS099_520,CIS099_Masked_520,Engineering,"web, ws",31,13,0,5,26,5,5,1,0,1,14,0,0,0,12,0,9,14,0,0,30,4,0,0,85,34,39,73,42.5
CIS099_521,CIS099_Masked_521,Science and Arts,web,32,10,0,5,26,7,5,0,0,0,11,0,1,0,33,8,0,0,0,2,18,8,4,0,85,29,21,50,36.25
CIS099_522,CIS099_Masked_522,Science and Arts,"web, ws",12,9,0,1,3,1,1,0,0,0,0,0,0,0,0,0,0,2,0,0,13,11,1,0,27,7,45,52,8.75
CIS099_523,CIS099_Masked_523,Nurse,"web, ws",33,30,0,4,21,5,5,0,6,0,16,0,0,0,13,14,10,7,2,2,11,10,7,0,98,28,27,55,35
CIS099_524,CIS099_Masked_524,Medicine,web,59,0,0,6,23,2,6,0,0,0,13,0,0,0,25,6,9,9,1,2,26,4,1,0,96,36,36,72,45
CIS099_525,CIS099_Masked_525,Nurse,web,44,14,0,6,28,3,6,0,0,0,10,0,0,0,14,13,10,10,1,3,23,16,1,0,101,31,35,66,38.75
CIS099_526,CIS099_Masked_526,Engineering,web,112,29,1,6,24,5,6,0,14,0,30,0,7,3,23,11,15,18,1,2,30,15,14,0,183,33,39,72,41.25
CIS099_527,CIS099_Masked_527,Agriculture ,"web, ws",30,33,0,6,28,6,6,0,0,0,13,0,0,0,25,9,2,9,0,1,17,25,8,0,109,30,36,66,37.5
CIS099_528,CIS099_Masked_528,Engineering,"web, ws",35,39,0,6,29,7,6,3,3,0,21,0,0,0,13,14,13,17,1,8,13,15,1,0,122,33,44,77,41.25
CIS099_529,CIS099_Masked_529,Architecture and Design,"web, ws",70,11,0,3,15,1,3,0,0,0,0,0,0,2,16,4,0,16,4,11,38,4,7,1,103,32,35,67,40
CIS099_530,CIS099_Masked_530,Computer Information Technology,"web, ws",21,0,0,4,16,2,4,0,0,0,12,0,0,0,10,0,9,0,5,2,8,1,0,0,47,21,39,60,26.25
CIS099_531,CIS099_Masked_531,Engineering,web,56,6,0,5,30,7,6,0,6,0,17,0,0,0,14,11,14,13,9,1,18,5,2,0,110,32,35,67,40
CIS099_532,CIS099_Masked_532,Computer Information Technology,"web, ws",28,11,0,6,30,6,6,0,0,0,12,1,0,0,12,12,10,15,0,3,19,3,0,0,87,28,41,69,35
CIS099_533,CIS099_Masked_533,Nurse,web,61,15,0,6,22,6,6,0,0,0,11,0,0,0,12,11,16,18,0,0,35,6,7,0,116,30,20,50,37.5
CIS099_534,CIS099_Masked_534,Engineering,"web, ws",51,5,0,2,6,2,2,0,0,0,2,0,1,0,1,0,21,9,5,1,0,15,13,0,68,15,47,62,18.75
CIS099_535,CIS099_Masked_535,Science and Arts,web,4,0,0,2,10,2,2,0,0,0,10,0,0,0,10,0,0,0,0,0,0,0,0,0,20,10,40,50,12.5
CIS099_536,CIS099_Masked_536,Agriculture ,"web, ws",22,18,0,6,32,4,6,0,0,0,12,0,0,0,12,12,11,10,0,1,17,11,2,0,88,36,32,68,45
CIS099_537,CIS099_Masked_537,Applied Medical Sciences,"web, ws",22,4,0,2,9,1,2,0,0,0,2,0,0,0,0,0,1,13,1,4,16,3,0,0,40,21,38,59,26.25
CIS099_538,CIS099_Masked_538,Agriculture ,"web, ws",16,4,0,0,0,0,0,0,0,0,0,0,0,0,0,0,4,9,2,0,0,4,1,0,20,11,44,55,13.75
CIS099_539,CIS099_Masked_539,Medicine,"web, ws",72,8,0,4,25,4,4,0,2,0,0,0,0,0,17,11,0,36,0,2,18,29,2,0,117,33,36,69,41.25
CIS099_540,CIS099_Masked_540,Pharmacy,"web, ws",53,5,0,6,36,4,6,0,1,0,16,0,0,0,14,14,10,18,2,11,24,0,0,0,110,35,27,62,43.75
CIS099_541,CIS099_Masked_541,Pharmacy,ws,17,27,0,5,20,3,5,0,0,4,0,0,0,0,13,12,10,13,0,1,13,11,0,0,77,30,26,56,37.5
CIS099_542,CIS099_Masked_542,Applied Medical Sciences,"web, ws",61,3,0,7,36,7,7,0,2,0,12,5,0,0,26,15,10,33,1,0,13,4,0,0,121,24,35,59,30
CIS099_543,CIS099_Masked_543,Medicine,web,35,0,0,5,22,6,5,0,0,6,15,0,0,0,11,10,6,9,0,0,13,3,0,0,73,22,38,60,27.5
CIS099_544,CIS099_Masked_544,Engineering,"web, ws",47,16,0,4,14,4,4,0,19,0,19,1,0,0,4,2,10,9,0,3,12,2,8,0,89,13,32,45,16.25
CIS099_545,CIS099_Masked_545,Computer Information Technology,web,32,25,0,3,13,2,3,0,0,0,10,0,1,0,2,0,11,7,1,4,14,13,14,0,77,15,35,50,18.75
CIS099_546,CIS099_Masked_546,Engineering,web,7,7,0,1,5,1,1,0,0,0,1,0,0,0,14,0,0,0,0,0,0,7,0,0,22,9,41,50,11.25
CIS099_547,CIS099_Masked_547,Computer Information Technology,"web, ws",87,4,0,7,25,5,7,0,0,0,9,1,0,0,31,11,15,16,10,3,25,3,11,0,135,28,32,60,35
CIS099_548,CIS099_Masked_548,Engineering,web,55,0,0,7,27,5,7,0,0,0,18,0,0,0,26,9,14,8,9,0,13,4,0,0,101,35,36,71,43.75
CIS099_549,CIS099_Masked_549,Nurse,"web, ws",114,4,0,7,64,11,7,0,0,0,11,0,0,0,50,18,31,37,12,13,28,7,0,0,207,29,44,73,36.25
CIS099_550,CIS099_Masked_550,Nurse,"web, ws",84,9,0,7,27,7,7,7,0,0,11,0,0,0,25,15,14,14,0,0,14,26,9,0,135,32,44,76,40
CIS099_551,CIS099_Masked_551,Pharmacy,"web, ws",58,6,0,6,30,8,6,0,0,3,17,0,0,0,14,15,17,13,0,2,22,11,0,0,114,33,39,72,41.25
CIS099_552,CIS099_Masked_552,Science and Arts,"web, ws",50,29,0,6,29,8,6,0,0,0,1,0,0,0,36,10,25,16,1,3,22,12,1,1,128,24,26,50,30
CIS099_553,CIS099_Masked_553,Pharmacy,ws,24,8,0,4,42,18,4,0,0,0,1,0,0,0,39,18,19,16,0,0,0,5,2,0,100,26,33,59,32.5
CIS099_554,CIS099_Masked_554,Engineering,web,5,0,0,1,6,2,1,0,0,0,0,0,0,0,15,0,0,0,0,0,0,0,0,0,15,2,20,35,2.5
CIS099_555,CIS099_Masked_555,Nurse,"web, ws",30,12,0,6,33,9,6,0,0,1,13,0,0,1,10,12,15,15,1,0,19,9,0,0,96,29,44,73,36.25
CIS099_556,CIS099_Masked_556,Nurse,web,108,2,0,7,27,6,7,22,2,0,16,0,1,0,30,15,10,19,0,7,32,2,1,0,157,37,48,85,46.25
CIS099_557,CIS099_Masked_557,Medicine,"web, ws",65,9,0,4,19,2,4,0,0,0,2,0,0,0,14,15,12,3,12,0,26,14,4,1,103,37,42,79,46.25
CIS099_558,CIS099_Masked_558,Applied Medical Sciences,"web, ws",99,3,1,4,15,4,4,0,0,0,0,0,1,10,19,14,19,11,1,10,32,10,2,1,130,30,45,75,37.5
CIS099_559,CIS099_Masked_559,Pharmacy,"web, ws",40,8,0,3,11,2,3,0,0,0,3,0,0,0,0,0,14,1,5,8,11,5,20,0,67,24,29,53,30
CIS099_560,CIS099_Masked_560,Medicine,web,69,0,0,6,27,6,6,0,0,4,13,0,0,0,20,12,16,23,0,0,18,8,0,0,114,36,45,81,45
CIS099_561,CIS099_Masked_561,Science and Arts,web,124,3,0,7,34,10,7,0,0,2,25,0,0,0,40,9,27,14,2,7,33,24,1,0,184,30,41,71,37.5
CIS099_562,CIS099_Masked_562,Medicine,"web, ws",62,1,0,4,21,5,4,0,16,0,3,0,0,11,17,8,1,8,1,9,19,1,3,0,97,13,23,36,16.25
CIS099_563,CIS099_Masked_563,Dentistry,web,46,1,0,5,28,7,5,0,0,5,16,0,0,0,15,18,1,13,0,2,19,3,0,0,92,30,32,62,37.5
CIS099_564,CIS099_Masked_564,Applied Medical Sciences,"web, ws",44,12,0,7,27,6,7,0,0,0,11,0,0,0,30,11,14,12,1,1,15,7,1,0,103,35,44,79,43.75
CIS099_565,CIS099_Masked_565,Dentistry,web,94,0,0,7,30,7,7,0,0,0,13,0,0,0,38,15,16,36,0,5,16,0,6,0,145,29,39,68,36.25
CIS099_566,CIS099_Masked_566,Agriculture ,ws,34,17,0,1,5,0,1,0,1,0,2,9,0,0,5,0,0,0,0,2,25,14,0,0,58,16,29,45,20
CIS099_567,CIS099_Masked_567,Science and Arts,web,53,14,0,6,34,4,6,0,0,0,12,0,0,0,13,13,18,33,4,0,15,6,2,1,117,33,47,80,41.25
CIS099_568,CIS099_Masked_568,Medicine,web,34,0,0,4,18,6,4,0,0,0,0,0,0,5,13,9,9,0,0,4,26,0,0,0,66,30,50,80,37.5
CIS099_569,CIS099_Masked_569,Pharmacy,web,37,0,0,6,30,8,6,0,0,0,12,0,0,0,15,19,11,10,0,0,20,0,0,0,87,34,33,67,42.5
CIS099_570,CIS099_Masked_570,Science and Arts,web,142,13,0,7,36,6,7,0,3,2,25,0,2,0,40,18,14,29,1,4,48,15,10,0,211,37,50,87,46.25
CIS099_571,CIS099_Masked_571,Nurse,web,49,28,0,6,23,6,6,0,0,14,15,0,0,1,12,14,11,15,0,0,22,14,0,0,118,31,47,78,38.75
CIS099_572,CIS099_Masked_572,Applied Medical Sciences,"web, ws",30,15,0,4,15,4,4,0,0,0,0,0,0,0,14,3,20,11,1,4,12,7,0,0,72,30,36,66,37.5
CIS099_573,CIS099_Masked_573,Science and Arts,"web, ws",107,20,0,5,25,4,5,0,0,0,13,0,0,0,36,2,23,20,2,6,27,37,0,0,166,30,35,65,37.5
CIS099_574,CIS099_Masked_574,Applied Medical Sciences,web,68,0,0,6,32,6,6,0,0,0,11,0,0,0,14,18,14,25,0,5,28,3,0,0,118,37,41,78,46.25
CIS099_575,CIS099_Masked_575,Medicine,web,36,11,0,5,26,7,5,0,0,0,12,0,0,0,12,0,13,17,6,1,22,7,0,0,90,34,41,75,42.5
CIS099_576,CIS099_Masked_576,Medicine,web,39,12,1,5,31,2,5,0,0,0,2,0,0,0,15,11,17,23,1,0,17,9,0,0,95,35,45,80,43.75
CIS099_577,CIS099_Masked_577,Applied Medical Sciences,"web, ws",106,1,0,6,26,3,6,0,0,0,11,0,0,0,14,15,22,20,29,14,20,1,0,2,148,36,44,80,45
CIS099_578,CIS099_Masked_578,Agriculture ,"web, ws",72,9,0,5,22,7,5,0,0,0,0,1,8,0,35,15,15,4,0,1,11,28,1,0,119,13,37,50,16.25
CIS099_579,CIS099_Masked_579,Science and Arts,web,65,5,0,6,24,7,6,0,3,0,13,0,0,0,19,14,10,11,0,0,35,6,1,1,113,29,24,53,36.25
CIS099_580,CIS099_Masked_580,Applied Medical Sciences,web,44,0,0,5,28,6,5,0,0,0,0,0,0,0,24,12,17,21,0,0,2,12,0,0,88,30,35,65,37.5
CIS099_581,CIS099_Masked_581,Applied Medical Sciences,"web, ws",32,7,0,5,35,10,5,0,6,3,11,0,0,0,22,0,17,13,0,2,15,5,0,0,94,33,36,69,41.25
CIS099_582,CIS099_Masked_582,Nurse,web,17,5,0,1,20,2,2,0,0,0,0,0,0,0,0,0,0,17,0,0,25,5,0,0,47,13,21,35,16.25
CIS099_583,CIS099_Masked_583,Science and Arts,web,34,18,0,4,16,2,4,0,0,0,14,0,4,0,12,13,12,7,2,1,4,8,1,0,78,24,38,62,30
CIS099_584,CIS099_Masked_584,Pharmacy,web,68,15,0,7,32,7,7,0,0,0,12,0,0,0,25,13,12,20,2,15,17,20,0,0,136,30,42,72,37.5
CIS099_585,CIS099_Masked_585,Computer Information Technology,web,189,72,4,3,31,4,5,0,9,0,0,0,1,1,41,45,11,17,1,0,34,81,21,46,308,23,20,43,28.75
CIS099_586,CIS099_Masked_586,Computer Information Technology,"web, ws",57,11,0,4,22,5,4,0,0,1,12,0,2,0,16,14,0,0,1,2,12,3,40,0,103,22,54,76,27.5
CIS099_587,CIS099_Masked_587,Computer Information Technology,"web, ws",10,3,0,0,0,0,0,0,0,0,0,0,0,0,0,0,0,0,0,0,3,3,7,0,13,5,39,44,6.25
CIS099_588,CIS099_Masked_588,Computer Information Technology,web,40,17,0,5,20,6,5,0,0,0,13,0,0,0,14,10,10,10,3,1,18,12,2,0,93,27,39,66,33.75
CIS099_589,CIS099_Masked_589,Agriculture ,"web, ws",41,14,1,6,29,5,6,0,1,0,10,0,0,0,11,13,13,22,2,2,23,5,0,0,102,27,24,51,33.75
CIS099_590,CIS099_Masked_590,Architecture and Design,"web, ws",24,8,0,2,7,3,2,0,0,0,0,0,0,0,0,0,13,0,0,4,18,8,0,0,43,11,48,59,13.75
CIS099_591,CIS099_Masked_591,Agriculture ,web,54,7,0,3,21,0,3,0,0,0,0,0,0,0,0,26,19,8,0,5,19,11,0,0,88,22,38,60,27.5
CIS099_592,CIS099_Masked_592,Applied Medical Sciences,"web, ws",157,3,0,7,35,8,7,0,0,0,11,0,0,0,27,23,16,22,66,10,34,6,1,1,217,33,33,66,41.25
CIS099_593,CIS099_Masked_593,Applied Medical Sciences,web,133,13,0,5,27,7,5,0,0,0,16,0,2,2,0,66,20,19,7,5,32,16,4,1,190,36,36,72,45
CIS099_594,CIS099_Masked_594,Medicine,web,28,0,0,1,4,2,1,0,0,0,0,0,0,0,0,0,0,0,0,0,19,0,17,0,36,8,47,55,10
CIS099_595,CIS099_Masked_595,Medicine,web,46,0,0,5,23,5,5,1,0,0,11,0,0,0,12,14,0,16,1,6,23,0,0,0,84,32,45,77,40
CIS099_596,CIS099_Masked_596,Nurse,ws,61,4,0,4,23,7,4,2,0,0,12,0,0,2,15,13,0,0,0,9,19,30,1,0,103,20,32,52,25
CIS099_597,CIS099_Masked_597,Nurse,web,19,0,0,3,33,10,4,0,0,0,22,0,0,0,1,13,0,11,0,0,15,7,0,0,69,21,36,57,26.25
CIS099_598,CIS099_Masked_598,Agriculture ,web,124,0,0,6,25,7,6,0,0,0,18,0,0,0,18,18,14,15,4,0,55,11,15,0,168,38,32,70,47.5
CIS099_599,CIS099_Masked_599,Medicine,ws,48,1,0,6,33,7,6,1,3,5,15,0,0,0,36,10,1,16,0,5,9,0,0,0,101,32,29,61,40
CIS099_600,CIS099_Masked_600,Applied Medical Sciences,"web, ws",49,5,0,7,30,7,7,1,0,0,15,0,1,0,26,8,9,17,0,0,13,5,10,0,105,36,41,77,45
CIS099_601,CIS099_Masked_601,Agriculture ,"web, ws",62,6,0,3,24,9,3,0,5,0,20,1,0,0,0,5,16,0,7,9,23,8,13,0,107,22,41,63,27.5
CIS099_602,CIS099_Masked_602,Agriculture ,"web, ws",113,11,1,6,22,6,6,0,4,0,1,0,3,0,32,16,15,16,14,16,39,9,0,0,165,31,41,72,38.75
CIS099_603,CIS099_Masked_603,Agriculture ,web,53,16,0,5,28,0,5,0,0,0,7,0,0,0,19,16,9,16,0,0,17,21,2,0,107,25,29,54,31.25
CIS099_604,CIS099_Masked_604,Agriculture ,"web, ws",44,9,4,3,13,3,3,0,0,4,0,0,0,0,31,0,0,8,0,9,1,19,7,0,79,12,33,45,15
CIS099_605,CIS099_Masked_605,Medicine,web,119,2,0,7,30,5,7,0,0,2,13,0,2,0,42,11,10,23,0,0,67,0,0,0,170,33,32,65,41.25
CIS099_606,CIS099_Masked_606,Engineering,"web, ws",43,15,0,6,39,3,6,0,0,0,21,0,0,0,16,19,9,17,1,2,17,9,1,0,112,35,26,61,43.75
CIS099_607,CIS099_Masked_607,Medicine,"web, ws",57,2,0,5,19,5,5,0,0,0,22,0,0,0,12,13,14,4,6,0,13,0,9,0,93,22,50,72,27.5
CIS099_608,CIS099_Masked_608,Computer Information Technology,web,13,4,0,1,11,3,2,0,0,0,1,0,0,0,12,0,0,11,0,0,0,9,1,0,34,12,38,50,15
CIS099_609,CIS099_Masked_609,Veterinary Medicine,web,55,0,0,7,34,5,7,1,0,0,13,0,0,0,27,13,15,15,0,0,16,8,0,0,108,28,36,64,35
CIS099_610,CIS099_Masked_610,Pharmacy,"web, ws",100,17,0,6,28,5,6,4,0,5,6,0,0,2,41,15,22,28,2,2,18,12,5,0,162,38,39,77,47.5
CIS099_611,CIS099_Masked_611,Science and Arts,web,11,9,0,1,5,1,1,0,0,0,12,0,0,0,0,0,0,0,0,4,1,10,1,0,28,9,36,45,11.25
CIS099_612,CIS099_Masked_612,Applied Medical Sciences,"web, ws",50,2,0,6,27,6,6,0,0,0,14,0,0,0,17,13,14,20,0,0,14,4,0,0,96,33,26,59,41.25
CIS099_613,CIS099_Masked_613,Applied Medical Sciences,"web, ws",13,8,0,2,15,3,2,0,0,1,0,0,0,0,1,2,1,15,3,0,15,5,0,0,43,16,34,50,20